!	ausrufezeichen|ausrufungszeichen
#	doppelkreuz|hash|nummernzeichen|raute
$	dollar|geld|peso|usd
%	prozent|hundertstel|prozentzeichen|vom hundert
&	et-zeichen|kaufmännisches und-zeichen|und|und-zeichen
'	gerader apostroph|anführungszeichen|apostroph|einfaches anführungszeichen oben
)	schließende runde klammer|klammer|parenthese|runde klammer
*	sternchen|asterisk|stern
+	pluszeichen|addieren|plus
,	komma|beistrich
-	bindestrich-minus|bindestrich|divis|minuszeichen|trennstrich
.	punkt|satzendepunkt|schlusspunkt
/	schrägstrich|slash|solidus|vorwärtsschrägstrich
0⃣	taste: 0|0|null|taste
1⃣	taste: 1|1|eins|taste
2⃣	taste: 2|2|taste|zwei
3⃣	taste: 3|3|drei|taste
4⃣	taste: 4|4|taste|vier
5⃣	taste: 5|5|fünf|taste
6⃣	taste: 6|6|sechs|taste
7⃣	taste: 7|7|sieben|taste
8⃣	taste: 8|8|acht|taste
9⃣	taste: 9|9|neun|taste
:	doppelpunkt
;	semikolon|strichpunkt
<	kleiner als|kleiner-als-zeichen
=	gleichheitszeichen|gleich
>	größer als|größer-als-zeichen
?	fragezeichen|frage
@	at-zeichen|ad-zeichen|adresszeichen|affenschaukel|affenschwanz|at|klammeraffe
[	öffnende eckige klammer|eckige klammer|eckige klammer links
\	umgekehrter schrägstrich|backslash|linksseitiger schrägstrich|rückstrich
]	schließende eckige klammer|eckige klammer|eckige klammer rechts
^	zirkumflex|akzentzeichen|caret|dach
_	unterstrich|gedankenstrich unten|tiefstrich|unterstreichung
`	gravis|akzent|betonung
{	öffnende geschweifte klammer|geschweifte klammer|geschwungene klammer|geschwungene klammer links
|	senkrechter strich|pipe|pipe-symbol|pipe-zeichen|vertikaler strich
}	schließende geschweifte klammer|geschweifte klammer|geschweifte klammer rechts|geschwungene klammer|geschwungene klammer rechts
~	tilde|proportional|tilde-zeichen
¡	umgekehrtes ausrufezeichen|ausruf|ausrufezeichen|spanisch|umgekehrt
¢	cent
£	pfund sterling|britisches pfund|egp|gbp|pfund|währung
¥	yen|cny|jpy|renminbi|währung|yuan
§	paragraf|absatz|abschnitt|paragraph
¨	trema|diärese|umlaut
©	copyright|c
«	nach links weisendes guillemet|anführungszeichen|caret|chevron|klammer|links|spitzzeichen
¬	negationszeichen|nicht
®	registered-trademark|markenzeichen|r
°	grad alkohol|grad|proof|stunde|volumenprozent
±	plusminuszeichen|plus-minus-zeichen|plusminus
²	hochgestellte zwei|hoch zwei|hochgestellt|im quadrat|quadrat|zwei
³	hochgestellte drei|drei|hoch drei|hochgestellt
´	akut|akzent|betonung
µ	mikro-zeichen|maßeinheit|my
¶	absatzzeichen|absatz|absatzmarke|alinea
·	mittelpunkt|halbhochpunkt|punkt
¹	hochgestellte eins|eins|hoch eins|hochgestellt
»	nach rechts weisendes guillemet|anführungszeichen|caret|chevron|klammer|rechts|spitzzeichen
¿	umgekehrtes fragezeichen|frage|fragezeichen|spanisch|umgekehrt
×	multiplikation|mal|malnehmen|malzeichen|multiplikationszeichen|multiplizieren
÷	division|dividieren|divisionszeichen|geteiltzeichen|teilen|teilen durch
،	arabisches komma|arabisch|komma
؛	arabisches semikolon|filament manque|semikolon|umgekehrtes semikolon
؟	arabisches fragezeichen|arabisch|frage|fragezeichen|spiegelverkehrt
‐	bindestrich|trennstrich
–	halbgeviertstrich|langstrich|n-dash|strich
—	geviertstrich|strich
―	waagerechter strich|gedankenstrich|halbgeviertstrich|strich
‘	apostroph links|anführungszeichen oben|apostroph|einfaches anführungszeichen oben|hochkomma
’	apostroph rechts|anführungszeichen oben|apostroph|einfaches anführungszeichen oben|hochkomma
‚	apostroph rechts unten|anführungszeichen unten|apostroph|einfaches anführungszeichen unten|tiefkomma
“	öffnendes doppeltes anführungszeichen oben|anführung|doppeltes anführungszeichen
”	schließendes doppeltes anführungszeichen oben|anführung|doppeltes anführungszeichen
„	öffnendes doppeltes anführungszeichen unten|anführung|anführungszeichen|doppeltes anführungszeichen|doppeltes anführungszeichen unten|öffnendes anführungszeichen unten
†	langkreuz|dagger|dolch|kreuz|obeliscus|obelisk
‡	zweibalkenkreuz|dagger|doppelkreuz|doppeltes kreuz|kreuz|obeliscus|obelisk
•	aufzählungspunkt|aufzählungszeichen|blickfangpunkt|bullet|punkt
…	ellipse|auslassungszeichen|drei punkte
‧	silbentrennungspunkt|bindestrich|divis|punkt
‰	promille|promillezeichen|tausendstel
′	prime|hochstrich|minutenzeichen|prime-zeichen|strich
″	doppelprime|sekundenzeichen|zoll-zeichen|zweistrich
‴	dreistrich|linienzeichen
‸	caret
※	komejirushi|glyphe|japanisch|reismarke
‼	doppeltes ausrufezeichen|ausrufezeichen|doppelt|muss|rot|satzzeichen
‽	interrobang
‾	überstrich
⁂	asterism
⁄	bruchstrich
⁉	ausrufe- und fragezeichen|ausrufezeichen|fragezeichen|rot|satzzeichen
⁻	hochgestelltes minuszeichen|hochgestellt|minus|minuszeichen
₢	cruzeiro
₣	französischer franc
₤	lira
₥	millzeichen|mill
₨	rupie
₩	won|kpw|krw
€	euro|eur|währung
₰	pfennig
₱	peso
₳	austral
₶	livre tournoise
₷	spesmilo
₹	indische rupie|inr|rupie|währung
₽	rubel|währung
₿	bitcoin-zeichen|btc
℗	copyrightzeichen für audioaufnahme|audio|audioaufnahme|aufnahme|aufzeichnung|copyright|copyrightzeichen
™	markenzeichen|tm|trademark
ℹ	buchstabe „i“ in blauem quadrat|i|information
←	nach links weisender pfeil|links|nach links weisend|pfeil
↑	nach oben weisender pfeil|aufwärts|nach oben weisend|pfeil
→	nach rechts weisender pfeil|nach rechts weisend|pfeil|rechts
↓	nach unten weisender pfeil|abwärts|nach unten weisend|pfeil
↔	pfeil nach links und rechts|entgegengesetzt|nach links und rechts|pfeil
↕	pfeil nach oben und unten|entgegengesetzt|nach oben und unten|pfeil
↖	pfeil nach links oben|nach links oben|nordwesten|pfeil
↗	pfeil nach rechts oben|nach rechts oben|nordosten|pfeil
↘	pfeil nach rechts unten|nach rechts unten|pfeil|südosten
↙	pfeil nach links unten|nach links unten|pfeil
↚	durchgestrichener pfeil nach links
↛	durchgestrichener pfeil nach rechts
↜	wellenpfeil nach links
↝	wellenpfeil nach rechts
↞	pfeil mit doppelspitze nach links
↟	pfeil mit doppelspitze nach oben
↠	pfeil mit doppelspitze nach rechts
↡	pfeil mit doppelspitze nach unten
↢	pfeilschwanz nach links
↣	pfeilschwanz nach rechts
↤	pfeil nach links von strich weglaufend
↥	pfeil nach oben von strich weglaufend
↦	pfeil nach rechts von strich weglaufend
↧	pfeil nach unten von strich weglaufend
↨	pfeil nach oben und unten mit unterstrich
↩	geschwungener pfeil nach links|geschwungen|links|nach links|pfeil
↪	geschwungener pfeil nach rechts|geschwungen|nach rechts|pfeil|rechts|umdrehen
↫	pfeil nach links mit schleife
↬	pfeil nach rechts mit schleife
↭	wellenpfeil nach links und rechts
↮	durchgestrichener pfeil nach links und rechts
↯	zickzack-pfeil nach unten
↰	pfeil nach oben mit spitze nach links
↱	pfeil nach oben mit spitze nach rechts
↲	pfeil nach unten mit spitze nach links
↳	pfeil nach unten mit spitze nach rechts
↴	pfeil nach rechts mit spitze nach unten
↵	pfeil nach unten mit ecke nach links
↶	halbkreisförmiger pfeil gegen uhrzeigersinn oben
↷	halbkreisförmiger pfeil im uhrzeigersinn oben
↸	pfeil nach nordwesten auf langen strich zulaufend
↹	pfeil nach links auf strich zulaufend über pfeil nach rechts auf strich zulaufend
↺	kreisförmiger pfeil gegen uhrzeigersinn
↻	kreisförmiger pfeil im uhrzeigersinn
↼	harpune nach links mit zacken nach oben
↽	harpune nach links mit zacken nach unten
↾	harpune nach oben mit zacken nach rechts
↿	harpune nach oben mit zacken nach links
⇀	harpune nach rechts mit zacken nach oben
⇁	harpune nach rechts mit zacken nach unten
⇂	harpune nach unten mit zacken nach rechts
⇃	harpune nach unten mit zacken nach links
⇄	pfeil nach rechts über pfeil nach links
⇅	nach oben und nach unten weisende pfeile|abwärts|aufwärts|nach oben weisend|nach unten weisend|pfeil
⇆	linkspfeil über rechtspfeil|links|nach links weisender über nach rechts weisendem pfeil|pfeil|rechts
⇇	gepaarte pfeile nach links
⇈	gepaarte pfeile nach oben
⇉	gepaarte pfeile nach rechts
⇊	gepaarte pfeile nach unten
⇋	harpune nach links über harpune nach rechts
⇌	harpune nach rechts über harpune nach links
⇍	durchgestrichener pfeil mit doppelstrich nach links
⇎	durchgestrichener pfeil mit doppelstrich nach links und rechts
⇏	durchgestrichener pfeil mit doppelstrich nach rechts
⇐	pfeil mit doppelstrich nach links
⇑	pfeil mit doppelstrich nach oben
⇒	pfeil mit doppelstrich nach rechts
⇓	pfeil mit doppelstrich nach unten
⇔	pfeil mit doppelstrich nach links und rechts
⇖	pfeil mit doppelstrich nach nordwesten
⇗	pfeil mit doppelstrich nach nordosten
⇘	pfeil mit doppelstrich nach südosten
⇙	pfeil mit doppelstrich nach südwesten
⇚	pfeil mit dreifachstrich nach links
⇛	pfeil mit dreifachstrich nach rechts
⇜	schnörkelpfeil nach links
⇝	schnörkelpfeil nach rechts
⇞	pfeil nach oben mit doppeltem querstrich
⇟	pfeil nach unten mit doppeltem querstrich
⇠	gestrichelter pfeil nach links
⇡	gestrichelter pfeil nach oben
⇢	gestrichelter pfeil nach rechts
⇣	gestrichelter pfeil nach unten
⇤	pfeil nach links auf strich zulaufend
⇥	pfeil nach rechts auf strich zulaufend
⇦	weißer pfeil nach links
⇧	weißer pfeil nach oben
⇨	weißer pfeil nach rechts
⇩	weißer pfeil nach unten
⇪	weißer pfeil nach oben von strich weglaufend
⇵	pfeil nach unten links neben pfeil nach oben
∀	für alle|alle|für|universal
∂	partielle ableitung
∃	es existiert
∅	leere menge
∆	inkrement|dreieck|erhöhung|schrittweite|wertzuwachs|zuwachs
∇	nabla|dreieck
∈	element|element von|enthält|menge|zugehörigkeit
∉	kein element von
∋	enthält als element
∎	ende des beweises
∏	produktzeichen
∑	summenzeichen
−	minuszeichen|minus|subtrahieren
∓	minus oder plus
∕	divisionsstrich
∗	sternchen-operator
∘	ring-operator
∙	kreis-operator
√	quadratwurzel|basiszahl|grundzahl|irrationale zahl|quadratzahl|radikal|wurzel
∝	proportional zu
∞	unendlichkeitszeichen|unendlich|unendlichkeit
∟	rechter winkel
∠	winkel-zeichen
∣	teilt-zeichen
∥	parallel zu
∧	logisches und
∩	schnittmenge|menge|schnitt
∪	vereinigungsmenge|menge|vereinigung
∫	integral
∬	doppelintegral
∮	kurvenintegral
∴	folglich
∵	weil
∶	verhältniszeichen
∷	proportionszeichen
∼	tilde-operator
∽	gespiegelte tilde
∾	umgekehrtes schlafendes s
≃	asymptotisch gleich
≅	ungefähr-gleich
≈	ungefähr gleich|näherung|ungefähr-zeichen
≌	alles gleich
≒	ungefähr gleich oder bild von
≖	ring im gleichheitszeichen
≠	ungleich|ungleichheit
≡	identisch|dreifach|dreifacher strich|exakt|identisch mit
≣	genau äquivalent
≤	kleiner als oder gleich|gleich|ist gleich|kleiner als|vergleichszeichen
≥	größer als oder gleich|gleich|größer als|ist gleich|vergleichszeichen
≦	kleiner als über gleich
≧	größer als über gleich
≪	viel kleiner als
≫	viel größer als
≬	zwischen
≮	nicht kleiner als
≯	nicht größer als
≳	größer als oder äquivalent
≺	vorangehend
≻	nachfolgend
⊁	nicht nachfolgend
⊂	teilmenge|menge|teilmenge von|untermenge|untermenge von
⊃	obermenge von
⊆	teilmenge von oder gleich mit
⊇	obermenge von oder gleich mit
⊕	eingekreistes pluszeichen
⊖	eingekreistes minuszeichen
⊗	eingekreistes multiplikationszeichen
⊘	eingekreister divisionsstrich
⊙	eingekreister punkt-operator
⊚	eingekreister ring-operator
⊛	eingekreister stern-operator
⊞	eingerahmtes pluszeichen
⊟	eingerahmtes minuszeichen
⊥	senkrecht nach oben
⊮	erzwingt nicht
⊰	vorangehend in relation
⊱	nachfolgend in relation
⊶	original von
⊹	hermitesche konjugierte matrix
⊿	rechtes dreieck
⋁	n-stufiges logisches oder
⋂	n-stufige schnittmenge
⋃	n-stufige vereinigungsmenge
⋅	punkt-operator
⋆	stern-operator
⋈	natürliche verknüpfung
⋒	doppelte schnittmenge
⋘	sehr viel kleiner als
⋙	sehr viel größer als
⋭	enthält nicht als normale untergruppe oder gleich
⋮	vertikale ellipse
⋯	horizontale ellipse auf mittlerer höhe
⋰	rechts-aufwärts steigende diagonale ellipse
⋱	rechts-abwärts fallende diagonale ellipse
⌚	armbanduhr|uhr|zeit
⌛	sanduhr|prozess|vorgang läuft|zeit
⌨	tastatur|computer|keyboard
⏏	auswerfen|auswurf|auswurftaste|medien
⏩	doppelpfeile nach rechts|doppelpfeil|überspringen|vorwärts|weiter
⏪	zurückspulen|doppelpfeil|doppelpfeile nach links|dreieck|pfeil|vorheriger titel|zurück
⏫	doppelpfeile nach oben|aufwärts|doppelpfeil|doppelt|nach oben|pfeil
⏬	doppelpfeile nach unten|doppelpfeil|doppelt abwärts|nach unten|pfeil
⏭	nächster titel|doppelpfeil|dreieck|vorwärts|weiter
⏮	vorheriger titel|doppelpfeil|dreieck|pfeil|zurück
⏯	wiedergabe oder pause|dreieck|pause|pfeil|rechts|wiedergabe
⏰	wecker|uhr|uhrzeit|zeit
⏱	stoppuhr|uhr|zeit
⏲	zeitschaltuhr|timer|uhr
⏳	laufende sanduhr|prozess|sanduhr|vorgang läuft
⏸	pause|keycap|streifen|tastenkappe|vertikal
⏹	stopp|aufnahme stoppen|keycap|quadrat|tastenkappe
⏺	aufnehmen|aufnahme|keycap|kreis|tastenkappe
Ⓜ	buchstabe „m“ in kreis|buchstabe|eingekreist|großbuchstabe|kreis|m
■	schwarzes quadrat
□	weißes quadrat
▢	weißes quadrat mit abgerundeten ecken
▣	schwarzes quadrat in weißem quadrat|enthält|quadrat|schwarz|weiß
▤	quadrat mit horizontaler schraffur
▥	quadrat mit vertikaler schraffur
▦	quadrat mit orthogonaler kreuzschraffur
▧	quadrat mit schraffur von oben links nach unten rechts|links|oben|quadrat|rechts|schraffur|unten
▨	quadrat mit schraffur von oben rechts nach unten links|links|oben|quadrat|rechts|schraffur|unten
▩	quadrat mit diagonaler kreuzschraffur
▪	kleines schwarzes quadrat|punkt|quadrat|schwarz
▫	kleines weißes quadrat|quadrat|weiß
▬	schwarzes rechteck
▭	weißes rechteck
▮	vertikales schwarzes rechteck
▰	schwarzes parallelogramm
▲	schwarzes nach oben weisendes dreieck|aufwärts|dreieck|pfeil|schwarz
△	weißes nach oben weisendes dreieck
▴	schwarzes nach oben weisendes kleines dreieck
▵	weißes nach oben weisendes kleines dreieck
▶	wiedergabe|abspielen|dreieck|pfeil|rechts
▷	weißes nach rechts weisendes dreieck
▸	schwarzes nach rechts weisendes kleines dreieck|dreieck|klein|nach rechts weisend|schwarz
▹	weißes nach rechts weisendes kleines dreieck
►	schwarzer nach rechts weisender zeiger
▻	weißer nach rechts weisender zeiger
▼	schwarzes nach unten weisendes dreieck|abwärts|dreieck|pfeil|schwarz
▽	weißes nach unten weisendes dreieck
▾	schwarzes nach unten weisendes kleines dreieck
▿	weißes nach unten weisendes kleines dreieck
◀	pfeil zurück|dreieck|links|pfeil|zurück
◁	weißes nach links weisendes dreieck
◂	schwarzes nach links weisendes kleines dreieck
◃	weißes nach links weisendes kleines dreieck
◄	schwarzer nach links weisender zeiger
◅	weißer nach links weisender zeiger
◆	schwarzes karo
◇	weißes karo
◈	weißes karo mit kleinem schwarzem karo
◉	weißer kreis mit kleinem schwarzem kreis
◊	raute|rhombus
○	hohler kreis|kreis|ring
◌	punktierter kreis
◍	kreis mit vertikaler schraffur
◎	konzentrische kreise
●	gefüllter kreis|kreis
◐	kreis mit schwarzer hälfte links
◑	kreis mit schwarzer hälfte rechts
◒	kreis mit schwarzer hälfte unten
◓	kreis mit schwarzer hälfte oben
◔	kreis mit schwarzem viertel oben rechts|kreis|oben|rechts|schwarz|viertel
◕	schwarzer kreis mit weißem viertel oben links
◖	linke hälfte eines schwarzen kreises
◗	rechte hälfte eines schwarzen kreises
◘	invertiertes aufzählungszeichen
◙	schwarzes quadrat mit weißem kreis
◜	viertelkreis oben links
◝	viertelkreis oben rechts
◞	viertelkreis unten rechts
◟	viertelkreis unten links
◠	halbkreis oben
◡	halbkreis unten
◢	schwarzes dreieck unten rechts
◣	schwarzes dreieck unten links
◤	schwarzes dreieck oben links
◥	schwarzes dreieck oben rechts
◦	weißes aufzählungszeichen
◯	großer hohler kreis|kreis|ring
◳	weißes quadrat mit viertel oben rechts
◷	weißer kreis mit viertel oben rechts
◻	mittelgroßes weißes quadrat|quadrat|weiß
◼	mittelgroßes schwarzes quadrat|quadrat|schwarz
◽	mittelkleines weißes quadrat|geometrisch|quadrat|weiß
◾	mittelkleines schwarzes quadrat|quadrat|schwarz
◿	weißes dreieck unten rechts
☀	sonne|sonnenstrahlen|sonnig|strahlen|wetter
☁	wolke|wetter|wolkig
☂	regenschirm|bekleidung|regen|wetter
☃	schneemann im schnee|schnee|schneemann
☄	komet|weltall
☎	telefon|anruf|anrufen|festnetz
☑	abgehaktes kästchen|✓|abstimmungsfeld|abstimmungsfeld mit häkchen|ankreuz|feld|häkchen|kästchen|kästchen mit häkchen|wahlurne
☔	regenschirm im regen|regen|regenschirm
☕	heißgetränk|cafe|dampfend|getränk|heiß|kaffee|tasse|tee|trinken
☘	kleeblatt|grün|pflanze
☝	nach oben weisender zeigefinger von vorne|finger|hand|handvorderseite|hier|melden|oben|weisen|zeigefinger|zeigen
☠	totenkopf mit gekreuzten knochen|gekreuzt|gesicht|knochen|piratenflagge|schädel|tod|tot|totenkopf
☢	radioaktiv
☣	biogefährdung|zeichen
☦	orthodoxes kreuz|christentum|kreuz|orthodox|religion
☪	hilal und stern|hilal|islam|muslim|religion|stern
☮	friedenszeichen|friedensbewegung|friedenssymbol
☯	yin und yang|daoismus|religion|yang|yin
☸	dharma-rad|buddhismus|dharma
☹	düsteres gesicht|deprimiert|düster|gesicht|smiley|stirnrunzelnd|traurig
☺	lächelndes gesicht|fröhlich|gesicht|lächeln|rot|smiley|wangen
♀	frauensymbol|frau|weiblich|zeichen
♂	männersymbol|mann|symbol|zeichen
♈	widder (sternzeichen)|sternzeichen|widder
♉	stier (sternzeichen)|horoskop|sternzeichen|stier
♊	zwillinge (sternzeichen)|horoskop|sternzeichen|zwilling|zwillinge
♋	krebs (sternzeichen)|krebs|sternzeichen
♌	löwe (sternzeichen)|horoskop|löwe|sternzeichen
♍	jungfrau (sternzeichen)|horoskop|jungfrau|sternzeichen
♎	waage (sternzeichen)|horoskop|sternzeichen|waage
♏	skorpion (sternzeichen)|horoskop|skorpion|sternzeichen
♐	schütze (sternzeichen)|schütze|sternzeichen
♑	steinbock (sternzeichen)|steinbock|sternzeichen
♒	wassermann (sternzeichen)|sternzeichen|wassermann
♓	fische (sternzeichen)|fische|horoskop|sternzeichen
♟	bauer schach|schach
♠	pik|karten|kartenspiel
♣	kreuz|kartenspiel
♥	herz|kartenspiel
♦	karo|kartenspiel
♨	heiße quellen|dampf|dampfend|heiß|heiße quelle|quelle|quellen
♪	achtelnote|achtel|musik|note
♭	erniedrigungszeichen|erniedrigt|halbton niedriger|musik|note
♯	erhöhungszeichen|halbton höher|kreuz-zeichen|musik|note
♻	recycling-symbol|grüne punkt|grüner punkt|recycling
♾	unendlichkeit|ewig|grenzenlos|unendlich
♿	symbol „rollstuhl“|barrierefrei|behindertengerecht|rollstuhl
⚒	hammer und pickel|arbeiter|hammer|pickel|werkzeug
⚓	anker|hafen|meer
⚔	gekreuzte schwerter|gekreuzt|schwerter|waffe
⚕	äskulapstab|apotheke|arznei|asklepiosstab|medizin
⚖	waage|gerechtigkeit|gewicht|werkzeug|wiegen
⚗	destillierapparat|werkzeug
⚙	zahnrad|werkzeug
⚛	atomzeichen|atheist|atom
⚜	lilie|fleur-de-lis
⚠	warnung|achtung|dreieck|vorsicht|warnschild
⚡	hochspannung|blitz|elektrizität|gefahr|gewitter|hochspannungszeichen|strom
⚧	transgender-symbol|symbol für transgender|transgender
⚪	weißer punkt|ball|großer weißer kreis|kreis|punkt|weiß
⚫	schwarzer punkt|ball|großer schwarzer kreis|kreis|punkt|rund|schwarz
⚰	sarg|beerdigung|tod|tot|vampir
⚱	urne|beerdigung|tod|tot
⚽	fußball|ball|bundesliga|messi
⚾	baseball|ball
⛄	schneemann ohne schneeflocken|kalt|schnee|schneemann|winter
⛅	sonne hinter wolke|sonne|wolke|wolkig
⛈	wolke mit blitz und regen|blitz|gewitter|regen|wetter|wolke|wolkig
⛎	schlangenträger|schlagenträger|sternbild
⛏	pickel|werkzeug
⛑	rettungshelm|bergen|erste hilfe|helm|helm mit weißem kreuz|hilfe|kreuz|retten|roter helm|sanitäter
⛓	ketten|eisen|kette
⛓‍💥	gebrochene kette|brechen|freiheit|gebrochen|handschellen|kette|zerbrechen
⛔	zutritt verboten|einbahnstrasse|kein zutritt|keine durchfahrt|verboten|zutritt-verboten-schild
⛩	shinto-schrein|religion|schrein|shinto
⛪	kirche|christ|christentum|christlich|gebäude|kreuz|religion
⛰	berg|gebirge
⛱	aufgestellter sonnenschirm|aufgestellt|sonnenschirm|strand
⛲	springbrunnen|brunnen|garten|park
⛳	golffahne|golfplatz
⛴	fähre|schiff
⛵	segelboot|boot
⛷	skifahrer(in)|schnee|ski|skifahrer|skifahrerin|sport
⛸	schlittschuh|eislauf
⛹	person mit ball|ball|basketball|basketballer|basketballspieler|basketballspielerin|dribbeln|person|sport|sportler|sportlerin
⛹‍♀	frau mit ball|ball|ballsport|basketball|basketballspieler|frau|handball|sport
⛹‍♂	mann mit ball|ballsport|handball|mann
⛺	zelt|camping|campingurlaub|zeltplatz
⛽	tanksäule|benzin|tanke|tanken|tankstelle
✂	schere|schneiden|schnipp
✅	weißes häkchen|abgehakt|erledigt
✈	flugzeug|flieger
✉	briefumschlag|brief|e-mail
✊	erhobene faust|erhoben|faust|hand|kampf|solidarität
✋	erhobene hand|5|erhoben|halt|hand|handfläche|high five|schlag ein|stopp|warte
✌	victory-geste|sieg|v|victory
✍	schreibende hand|hand|schreiben|schreibend|stift
✏	bleistift|stift
✒	schwarzer federhalter|federhalter|füller|schwarz|stift
✔	kräftiges häkchen|abhaken|erledigt|fertig|häkchen|haken
✖	mal|×|abbrechen|multiplikation|multiplikationszeichen|multiplizieren|x
✝	lateinisches kreuz|christentum|kreuz|lateinisch|religion|römisch
✡	davidstern|jüdisch|religion
✨	funkelnde sterne|*|funkel|funkeln|sterne
✳	achtzackiger stern|*|achtzackig|grün|quadrat|stern
✴	achtstrahliger stern|*|stern
❄	schneeflocke|flocke|kalt|schnee|schneien|wetter|winter
❇	funkeln|*|grün|quadrat
❌	kreuzzeichen|abbrechen|durchgestrichen|mal|multiplikation|multiplizieren|rotes kreuz|x
❎	angekreuztes kästchen|angekreuztes feld|feld|kreuz|kreuzsymbol im quadrat|quadrat|x
❓	rotes fragezeichen|frage|fragezeichen|rot|satzzeichen|warum|wieso
❔	weißes fragezeichen|frage|fragezeichen|satzzeichen|warum|weiß
❕	weißes ausrufezeichen|ausrufezeichen|muss|satzzeichen|weiß
❗	rotes ausrufezeichen|!|ausrufezeichen|rot|satzzeichen
❣	herz als ausrufezeichen|ausrufezeichen|herz|satzzeichen
❤	rotes herz|herz
❤‍🔥	herz in flammen|brennendes herz|leidenschaft|liebe
❤‍🩹	herz mit verband|besserung|genesen
➕	plus|+|addieren|mathe|pluszeichen
➖	minus|-|−|mathe|minuszeichen
➗	geteilt durch|÷|division|divisionszeichen|geteilt|geteiltzeichen|mathe
➡	pfeil nach rechts|nach rechts|osten|pfeil|rechts|rechtspfeil
➰	schleife
➿	doppelschleife|blau|rechteck|schleife
⤴	geschwungener pfeil nach oben|geschwungen|nach oben|oben|pfeil
⤵	geschwungener pfeil nach unten|geschwungen|nach unten|pfeil|unten
⨧	pluszeichen mit tiefgestellter zwei
⨯	vektor-/kreuzprodukt
⨼	inneres produkt
⩣	logisches oder mit doppeltem unterstrich
⩽	schräg gleich oder kleiner als
⪍	kleiner als über ähnlich oder gleich
⪚	gleich über größer als
⪺	nachfolgend über fast ungleich
⬅	pfeil nach links|linkspfeil|nach links|pfeil|westen
⬆	pfeil nach oben|aufwärts|aufwärtspfeil|nach oben|norden|pfeil
⬇	pfeil nach unten|abwärts|abwärtspfeil|nach unten|pfeil|süden
⬛	großes schwarzes quadrat|quadrat|schwarz
⬜	großes weißes quadrat|quadrat|weiß
⭐	weißer mittelgroßer stern|astronomie|gelber stern|himmel|stern
⭕	hohler roter kreis|großer kreis|kreis|o|rot
、	ideografisches komma|ideografisch|komma
。	ideografischer punkt|punkt|schlusspunkt
〈	öffnende spitze klammer|öffnende winkelklammer|pfeilspitze links|spitze klammer|winkelklammer
〉	schließende spitze klammer|pfeilspitze rechts|schließende winkelklammer|spitze klammer|spitze klammer rechts|winkelklammer
《	öffnende doppelte spitze klammer|doppelte spitze klammer|klammer
》	schließende doppelte spitze klammer|doppelte spitze klammer|klammer
「	öffnende eckklammer|eckklammer|klammer
」	schließende eckklammer|eckklammer|klammer
『	öffnende hohle eckklammer|hohle eckklammer|klammer
』	schließende hohle eckklammer|hohle eckklammer|klammer
【	öffnende schwarze konkave klammer|klammer|konkave klammer|schwarze konkave klammer
】	schließende schwarze konkave klammer|klammer|konkave klammer|schwarze konkave klammer
〔	öffnende stumpfe klammer|linke stumpfe klammer|stumpfe klammer
〕	schließende stumpfe klammer|rechte stumpfe klammer|stumpfe klammer
〖	öffnende hohle konkave klammer|hohle konkave klammer|klammer|konkave klammer
〗	schließende hohle konkave klammer|hohle konkave klammer|klammer|konkave klammer
〰	wellenlinie|gewellt|linie
〽	teilalternationszeichen|japanisch|zeichensetzung
・	katakana-mittelpunkt|katakana|mediopunkt|mittelpunkt|punkt auf mitte
㊗	schriftzeichen für „gratulation“|chinesisches schriftzeichen|gratulation|japanisches schriftzeichen
㊙	schriftzeichen für „geheimnis“|chinesisches schriftzeichen|geheimnis|japanisches schriftzeichen
﷼	rial
🀄	mahjong-stein|mahjong|roter drache|spiel
🃏	jokerkarte|joker|spielkarte
🅰	großbuchstabe a in rotem quadrat|a|blut|blutgruppe|großbuchstabe|negativ|positiv
🅱	großbuchstabe b in rotem quadrat|b|blut|blutgruppe|großbuchstabe|negativ|positiv
🅾	großbuchstabe o in rotem quadrat|0|blut|blutgruppe|großbuchstabe|negativ|o|positiv
🅿	großbuchstabe p in blauem quadrat|großbuchstabe|p|parken|parkplatz|taste
🆎	großbuchstaben ab in rotem quadrat|ab|blut|blutgruppe|negativ|positiv
🆑	großbuchstaben cl in rotem quadrat|cl
🆒	wort „cool“ in blauem quadrat|cool
🆓	wort „free“ in blauem quadrat|free
🆔	großbuchstaben id in lila quadrat|id
🆕	wort „new“ in blauem quadrat|neu|new
🆖	großbuchstaben ng in blauem quadrat|ng
🆗	großbuchstaben ok in blauem quadrat|großbuchstaben|keycap|ok|okay|taste|tastenkappe
🆘	sos-zeichen|hilfe|sos
🆙	schriftzug „up!“ im blauen quadrat|keycap|taste|tastenkappe|up|up!
🆚	schriftzug vs in orangem quadrat|gegen|taste|versus|vs
🈁	schriftzeichen „koko“|„koko“|japanisches schriftzeichen
🈂	schriftzeichen „sa“|„sa“|japanisches schriftzeichen
🈚	schriftzeichen für „gratis“|gratis|japanisches schriftzeichen|schriftzeichen für „verhandlung“|verhandlung
🈯	schriftzeichen für „reserviert“|finger|japanisches schriftzeichen|reserviert|schriftzeichen für „finger“
🈲	schriftzeichen für „verbieten“|japanisches schriftzeichen|kanji|verbieten
🈳	schriftzeichen für „zimmer frei“|chinesisches schriftzeichen|japanisches schriftzeichen|leer|schriftzeichen für „leer“|zimmer frei
🈴	schriftzeichen für „note zum bestehen“|bestanden|bestehen|chinesisches schriftzeichen|japanisches schriftzeichen|schriftzeichen für „zusammen“|zusammen
🈵	schriftzeichen für „kein zimmer frei“|belegt|besetzt|chinesisches schriftzeichen|fülle|japanisches schriftzeichen|kanji|kein zimmer frei|schriftzeichen für „fülle“
🈶	schriftzeichen für „nicht gratis“|berechnen|existieren|japanisch|nicht gratis|schriftzeichen|taste
🈷	schriftzeichen für „monatsbetrag“|japanisch|monatlich|monatsbetrag|mond|schriftzeichen|taste
🈸	schriftzeichen für „anwenden“|anwenden|chinesisches schriftzeichen|japanisches schriftzeichen
🈹	schriftzeichen für „rabatt“|japanisches schriftzeichen|rabatt|schriftzeichen für „teilen“|teilen
🈺	schriftzeichen für „geöffnet“|betrieb|chinesisches schriftzeichen|geöffnet|japanisches schriftzeichen|schriftzeichen für „betrieb“
🉐	schriftzeichen für „schnäppchen“|japanisches schriftzeichen|schnäppchen|schriftzeichen für „vorteil“|vorteil
🉑	schriftzeichen für „akzeptieren“|akzeptieren|japanisch|schriftzeichen
🌀	wirbel|spirale|wirbelsturm
🌁	neblig|nebel|wetter
🌂	geschlossener regenschirm|regen|regenschirm
🌃	sternenhimmel|city|hochhäuser|nacht|skyline|stadt|sterne
🌄	sonnenaufgang über bergen|berge|sonnenaufgang
🌅	sonnenaufgang über dem meer|meer|sonnenaufgang
🌆	abendstimmung in der stadt|hochhäuser|new york|skyline|sonnenaufgang|sonnenuntergang|wolkenkratzer
🌇	sonnenuntergang in der stadt|großstadt|hochhäuser|morgenrot|sonnenaufgang|sonnenuntergang|wolkenkratzer
🌈	regenbogen|wetter
🌉	brücke vor nachthimmel|brücke|golden gate|nacht|nachts
🌊	welle|meer
🌋	vulkan|ausbruch|berg|lava|vulkanausbruch|wetter
🌌	milchstraße|galaxie|universum
🌍	globus mit europa und afrika|afrika|erde|europa|weltkugel
🌎	globus mit amerika|erde|globus|nordamerika|südamerika|weltkugel
🌏	globus mit asien und australien|asien|australien|erde|globus|weltkugel
🌐	globus mit meridianen|breitengrad|längengrad
🌑	neumond|mond
🌒	erstes mondviertel|mond|zunehmend
🌓	zunehmender halbmond|halbmond|mond|zunehmend
🌔	zweites mondviertel|mond|zunehmend
🌕	vollmond|mond
🌖	drittes mondviertel|abnehmend|mond
🌗	abnehmender halbmond|abnehmend|halbmond
🌘	letztes mondviertel|abnehmend|mond|nacht
🌙	mondsichel|mond|nacht
🌚	neumond mit gesicht|gesicht|mond|mondgesicht|neumond
🌛	mondsichel mit gesicht links|gesicht|mond|mondsichel|weltall
🌜	mondsichel mit gesicht rechts|gesicht|mondsichel|nacht
🌝	vollmond mit gesicht|gesicht|vollmond
🌞	sonne mit gesicht|gesicht|sonne|sonnengesicht|sonnenschein
🌟	funkelnder stern|funkeln|glitzern|stern
🌠	sternschnuppe|himmel
🌡	thermometer|temperatur|wetter
🌤	sonne hinter kleiner wolke|bewölkt|kleine wolke|sonne|wetter|wolke
🌥	sonne hinter großer wolke|bewölkt|große wolke|sonne|wetter|wolke
🌦	sonne hinter regenwolke|regenwolke|sonne|wetter
🌧	wolke mit regen|regen|regenwolke|wetter|wolke
🌨	wolke mit schnee|kalt|schnee|wetter|wolke
🌩	wolke mit blitz|blitz|gewitter|wetter|wolke
🌪	wirbelsturm|tornado|wetter
🌫	nebel|neblig|wetter
🌬	wind|wetter|windig
🌭	hotdog|essen|frankfurter|hot dog|wurst|würstchen
🌮	taco|essen|mexikanisch
🌯	burrito|essen|mexikanisch
🌰	kastanie|marone
🌱	spross|junge pflanze
🌲	nadelbaum|baum|pflanze|tannenbaum
🌳	laubbaum|baum|blätter|grün|laub|pflanze|wald
🌴	palme|baum|kokusnuss|oase|pflanze|strand|tropen
🌵	kaktus|dürre|natur|pflanze|trockenzeit|wüste
🌶	peperoni|chili|paprika|pfeffer|pflanze|scharf
🌷	tulpe|blume|blüte|pflanze
🌸	kirschblüte|blume|blüte|kirsche|pflanze
🌹	rose|blume|blüte|pflanze
🌺	hibiskus|blume|blüte|pflanze|rosa
🌻	sonnenblume|blume|blüte|pflanze|sonne
🌼	gelbe blüte|blume|blüte|pflanze
🌽	maiskolben|gemüse|mais
🌾	reisähre|ähre|pflanze|reis|reispflanze
🌿	kräuter|blätter|pflanze
🍀	glücksklee|blatt|glück|klee|kleeblatt|pflanze|silverster|vier|vierblättrig|vierblättriges kleeblatt
🍁	ahornblatt|ahorn|blatt|herbst|laub|pflanze
🍂	laub|blatt|blätter|fallendes laub|herbst|pflanze
🍃	blätter im wind|blatt|blätter|laub|pflanze|wind
🍄	fliegenpilz|giftig|pilz
🍄‍🟫	brauner pilz|braun|essen|fungus|gemüse|lebensmittel|natur|pflanze|pilz|wald
🍅	tomate|essen|gemüse|obst
🍆	aubergine|gemüse
🍇	trauben|frucht|obst|traube|wein
🍈	honigmelone|cantaloupe|frucht|melone|obst
🍉	wassermelone|frucht|melone|obst|wasser
🍊	mandarine|apfelsine|frucht|obst|orange|vitamin
🍋	zitrone|frucht|obst|sauer|zitrusfrucht
🍋‍🟩	limette|cocktail|essen|frucht|obst|saft|sauer|tequila|tropisch|zitrusfrucht
🍌	banane|frucht|obst|schale
🍍	ananas|frucht|obst
🍎	roter apfel|apfel|frucht|obst|rot
🍏	grüner apfel|apfel|frucht|gesund|grün|obst
🍐	birne|frucht|obst
🍑	pfirsich|frucht|obst
🍒	kirschen|frucht|kirsche|obst
🍓	erdbeere|beere|essen|frucht|obst
🍔	hamburger|burger|fast food|restaurant
🍕	pizza|pizzastück|pizzeria
🍖	fleischhachse|fleisch|knochen|restaurant
🍗	hähnchenschenkel|fleisch|geflügel|hühnerbein|restaurant
🍘	reiscracker|cracker
🍙	reisbällchen|essen|japanisch|reis
🍚	reis in schüssel|essen|reis
🍛	reis mit curry|curry|reis
🍜	schüssel und essstäbchen|chinesisches essen|dampfend|eiernudeln|nudeln|schüssel|stäbchen|suppe
🍝	spaghetti|essse|nudeln mit tomatensoße|pasta|restaurant
🍞	brot|brotlaib|essen|kohlenhydrate|laib brot|toast|weißbrot|weizen
🍟	pommes frites|fritten|pommes
🍠	geröstete süßkartoffel|essen|gemüse|geröstet|süßkartoffel
🍡	dango|japanisches gericht|mochi-kugeln auf einem spieß|restaurant
🍢	oden|japanisches gericht|restaurant
🍣	sushi|japanisches gericht|restaurant
🍤	frittierte garnele|garnele|restaurant|tempura
🍥	fischfrikadelle|fisch|restaurant|spirale
🍦	softeis|eis
🍧	wassereis|eis|sorbet|zerstoßen
🍨	eiscreme|eis|eisbecher|eisdiele
🍩	donut|doughnut|essen|kuchen|süß
🍪	keks|cookie|plätchen
🍫	schokoladentafel|essen|schokolade|süßigkeit
🍬	bonbon|süß|süßigkeit
🍭	lutscher|lolli|süßigkeit
🍮	pudding|dessert|flan|nachspeise|nachtisch|schokolade|soße
🍯	honigtopf|honig|süß
🍰	torte|kuchen|kuchenstück|stück torte|tortenstück
🍱	bento-box|bento|japanisches essen|sushi
🍲	topf mit essen|eintopf|gericht|schüssel|suppe
🍳	spiegelei in bratpfanne|braten|bratpfanne|kochen|pfanne|spiegelei
🍴	messer und gabel|abendessen|besteck|essen|frühstück|gabel|gabel und messer|geschirr|hunger|lecker|messer|mittagessen|restaurant
🍵	teetasse ohne henkel|getränk|grüner tee|oolong|schale|tee|teetasse
🍶	sake-flasche mit tasse|flasche|getränk|sake|sake-flasche und -tasse|tasse|trinken
🍷	weinglas|alkohol|bar|glas|wein
🍸	cocktailglas|bar|cocktail|drink|martini
🍹	cocktail|bar|exotisches getränk
🍺	bierkrug|bar|bier|krug|oktoberfest|prost|weizenbier
🍻	bierkrüge|anstoßen|bier|oktoberfest|prosit|prost|weizen
🍼	babyflasche|baby|fläschchen|flasche|kind|milch|trinken
🍽	teller mit messer und gabel|gabel|geschirr|kochen|messer|teller
🍾	flasche mit knallendem korken|champagner|flasche|getränk|knallen|korken|sekt|trinken
🍿	popcorn|kino|snack
🎀	pinke schleife|feier|geschenk|pink|rosa|schleife
🎁	geschenk|feier|geburtstag|schachtel|schleife|überraschung|verpackt|weihnachten
🎂	geburtstagskuchen|essen|feier|geburtstag|geburtstagstorte|happy birthday|kerzen|kuchen|lebensmittel|torte
🎃	halloweenkürbis|halloween|herbst|kürbis|kürbislaterne
🎄	weihnachtsbaum|baum|tanne|weihnachten
🎅	weihnachtsmann|weihnachten
🎆	feuerwerk|silvester
🎇	wunderkerze|feiern|feuerwerk|party
🎈	luftballon|ballon|feier|geburtstag
🎉	konfettibombe|böller|feier|juhu|knaller|konfetti|party|super|yay
🎊	konfettiball|feier|konfetti|party
🎋	tanabata-baum|baum|fest|japan|sternenfest|zettel
🎌	überkreuzte flaggen|japan|japanische flaggen
🎍	piniendekoration|japan|neujahrsfest
🎎	japanische puppen|puppenfest japan
🎏	traditionelle japanische windsäcke|feier|karpfen|windsäcke
🎐	japanisches windspiel|bimmel|feier|glocke|wind
🎑	traditionelles mondfest|japan|mond|mondfest
🎒	schulranzen|ranzen|rucksack|schule|tornister
🎓	doktorhut|abschlussfeier|diplom
🎖	militärorden|orden
🎗	gedenkschleife|schleife
🎙	studiomikrofon|mikrofon
🎚	schieberegler|musik
🎛	drehregler|bedienknöpfe|knöpfe|stellknöpfe
🎞	filmstreifen|film|filmband|kino
🎟	eintrittskarten|billet|eintrittskarte|ticket
🎠	karussellpferd|karussell|pferd|reiten
🎡	riesenrad|freizeitpark|rad|volksfest
🎢	achterbahn|freizeitpark|volksfest
🎣	angel mit fisch|angeln|entspannung
🎤	mikrofon|karaoke|singen|unterhaltung
🎥	filmkamera|film|kino|unterhaltung
🎦	kinosymbol|film|filmkamera|filmkamera in blauem quadrat|kino|unterhaltung
🎧	kopfhörer|musik|unterhaltung
🎨	mischpalette|farben|kunst|künstler|palette
🎩	zylinder|hut|kopfbedeckung|unterhaltung|zauberer|zylinderhut
🎪	zirkuszelt|unterhaltung|zelt|zirkus
🎫	ticket|konzert|unterhaltung
🎬	filmklappe|film|klappe|unterhaltung
🎭	masken|kunst|theater|unterhaltung
🎮	gamepad|gaming|unterhaltung|videospiel
🎯	darts|dart|pfeil|spiel|volltreffer|zielscheibe
🎰	spielautomat|glücksspiel|spiel
🎱	billardkugel|8-ball|billard|kugel|schwarz|spiel
🎲	spielwürfel|casino|spiel|unterhaltung|würfel|würfeln|zufall
🎳	bowling|bowlingkugel|kugel|spiel
🎴	japanische blumenkarte|blume|blumenkarte|hanafuda|japan|karte
🎵	musiknote|lied|melodie|musik|note
🎶	musiknoten|musik|noten
🎷	saxofon|instrument|musik|musikinstrument
🎸	gitarre|instrument|musik|musikinstrument
🎹	klaviatur|instrument|klavier|musik|musikinstrument|piano|tastatur|tasten
🎺	trompete|instrument|musik|musikinstrument
🎻	geige|instrument|musik|musikinstrument|violine
🎼	notenschlüssel|musik|noten|partitur|violinschlüssel
🎽	laufshirt|laufen|laufshirt mit schärpe|schärpe|sport
🎾	tennisball|ball|sport|tennis
🎿	ski|ski und stöcke
🏀	basketball|ball|korb|sport
🏁	zielflagge|flagge|formel 1|karierte flagge|nascar|rennen|sport
🏂	snowboarder(in)|snowboard|snowboarden|snowboarder|snowboarderin|sport
🏃	laufende person|eilig|joggen|laufen|läufer|läuferin|marathon|person|rennen|schnell|sport
🏃‍♀	laufende frau|athlet|athletin|frau|joggen|joggerin|laufen|läufer|läuferin|marathon|rennen|renner|rennerin|rennt|schell
🏃‍♂	laufender mann|joggen|jogger|laufen|marathon
🏄	surfer(in)|person|sport|surfboard|surfbrett|surfen|surfer|surferin|wassersport|wellenreiten|wellenreiter|wellenreiterin
🏄‍♀	surferin|frau|sport|strand|surf|surfbrett|wellen|wellenreiten
🏄‍♂	surfer|mann|wellenreiten
🏅	sportmedaille|gewinn|goldmedaille|medaille
🏆	pokal|bundesliga|champion|gewinnen|preis|sieger|sport|trophäe
🏇	pferderennen|jockey auf pferd|schnell|sport|um die wette|wetten
🏈	football|american football|amerika|ball|sport|super bowl
🏉	rugbyball|ball|rugby|sport
🏊	schwimmer(in)|kraulen|person|pool|schwimmbecken|schwimmen|schwimmer|schwimmerin|sport|triathlon|wasser
🏊‍♀	schwimmerin|frau|kraulen|pool|schwimmbad|schwimmen|sport
🏊‍♂	schwimmer|kraulen|pool|schwimmbad|schwimmen
🏋	gewichtheber(in)|gewicht|gewichtheber|gewichtheberin|hantel|muskeln|person|schwer|sport|stark|training
🏋‍♀	gewichtheberin|frau|gewicht heben|gewichte heben|gewichteheberin
🏋‍♂	gewichtheber|gewicht heben|mann
🏌	golfer(in)|abschlagplatz|golf|golfer|golferin|golfspieler|golfspielerin|person|sport|sportler|sportlerin
🏌‍♀	golferin|frau|golf|golfen|golfspielerin
🏌‍♂	golfer|golf|golfen|golfspieler|mann
🏍	motorrad|moped|motorrennen
🏎	rennauto|autorennen
🏏	kricket|ball|cricket|schläger
🏐	volleyball|ball|sport
🏑	feldhockey|hockey|schläger
🏒	eishockey|eishockey-schläger und puck|hockey|puck|schläger
🏓	tischtennis|ball|ping pong|schläger|spiel|sport
🏔	schneebedeckter berg|berg|gebirge|kalt|schnee
🏕	camping|campen|zelt|zelten
🏖	strand mit sonnenschirm|meer|sonnenschirm|strand
🏗	kran|bau|bauen
🏘	wohnhäuser|dorf|gebäude|haus|häuser|wohnhaus|wohnsiedlung
🏙	skyline|gebäude|großstadt|häuser|hochhäuser|stadt|wolkenkratzer
🏚	verfallenes haus|gebäude|haus|heruntergekommen|verfallen|verlassen|verlassenes haus
🏛	antikes gebäude|antik|gebäude|klassizistisch
🏜	wüste|heiß
🏝	einsame insel|einsam|insel|meer|palme|strand|verlassen
🏞	nationalpark|berg|fluss|natur|park|schutzgebiet
🏟	stadion|arena
🏠	haus|gebäude|zuhause
🏡	haus mit garten|baum|haus|haus mit baum
🏢	bürogebäude|hochhaus
🏣	japanisches postgebäude|japan|post
🏤	postgebäude|europa|europäisches postgebäude|post
🏥	krankenhaus|ambulanz|arzt|gebäude|krank|medizin|notaufnahme
🏦	bank|gebäude|geld
🏧	symbol „geldautomat“|atm|geldautomat
🏨	hotel|gebäude|übernachten|unterkunft
🏩	stundenhotel|gebäude|hotel|liebe|unterkunft
🏪	minimarkt|einkaufen|gebäude|geschäft|lebensmittel
🏫	schule|gebäude|schulgebäude
🏬	kaufhaus|einkaufen|gebäude|geschäft|shoppen
🏭	fabrik|fabrikgebäude|gebäude
🏮	rote papierlaterne|izakaya|japanische laterne|japanisches lokal
🏯	japanisches schloss|bauwerk|gebäude|japan|japanisch|schloss
🏰	schloss|bauwerk|burg|europa|europäisch|gebäude|märchen|märchenschloss
🏳	weiße flagge|fahne|wehen|wehende weiße fahne|weiße fahne
🏳‍⚧	transgender-flagge|flagge|transgender
🏳‍🌈	regenbogenflagge|bisexuell|bunt|fahne|flagge|lesbisch|lgbt|lgbtq|pride|queer|regenbogen|schwul|trans
🏴	schwarze flagge|fahne|schwarze fahne|wehen|wehende schwarze fahne
🏴‍☠	piratenflagge|jolly roger|pirat|piratenfahne|schatz
🏵	rosette|pflanze
🏷	etikett|label|marke
🏸	badminton|federball|schläger
🏹	pfeil und bogen|bogen|pfeil
🏺	amphore|gefäß|kochen|krug|sternzeichen|tierkreis|trinken|vase|wassermann
🏻	helle hautfarbe|hautfarbe|hauttyp 1–2
🏼	mittelhelle hautfarbe|hautfarbe|hauttyp 3
🏽	mittlere hautfarbe|hautfarbe|hauttyp 4
🏾	mitteldunkle hautfarbe|hautfarbe|hauttyp 5
🏿	dunkle hautfarbe|hautfarbe|hauttyp 6
🐀	ratte|nagetier|tier
🐁	maus|nage|tier
🐂	ochse|kuh|sternzeichen|stier|tier|tierkreis
🐃	wasserbüffel|büffel|tier|wasser
🐄	kuh|bauernhof|muh|tier
🐅	tiger|tier
🐆	leopard|gepunktet|punkte|raubkatze|raubtier|tier|zoo
🐇	hase|kaninchen|karnickel|mümmelmann|nagetier|tier
🐈	katze|haustier|miau|tier
🐈‍⬛	schwarze katze|kater|katze|miau|pech|schwarz|schwarzer kater|tier|unglück
🐉	drache|chinesisch neujahr|märchen|tier
🐊	krokodil|reptil|schnappi|tier
🐋	wal|ozean|tier
🐌	schnecke|langsam|tier
🐍	schlange|schlangenträger|sternzeichen|tier|tierkreis
🐎	pferd|rennen|rennpferd|tier
🐏	widder|schaf|sternzeichen|tierkreis
🐐	ziege|steinbock|sternzeichen|tier|tierkreis
🐑	schaf|bock|mäh|tier|widder|wolle
🐒	affe|tier
🐓	hahn|tier
🐔	huhn|geflügel|henne|tier|tierkopf
🐕	hund|haustier|tier|wau|wuff
🐕‍🦺	assistenzhund|assistenz|barrierefreiheit|behinderung|hund|tier
🐖	schwein|bauernhof|sau|tier
🐗	wildschwein|eber|schwein|tier
🐘	elefant|tier
🐙	oktopus|krake|meer|tier|tintenfisch
🐚	schneckenhaus|muschel|strand|tier
🐛	raupe|gefräßig|insekt|tier
🐜	ameise|insekt|tier
🐝	biene|honig|honigbiene|hummel|insekt|maja|natur|summ|tier
🐞	marienkäfer|glückskäfer|insekt|käfer|krabbel|punkte|tier
🐟	fisch|aquarium|fische|meehr|sternzeichen|tier|tierkreis
🐠	tropenfisch|fisch|tier
🐡	kugelfisch|fisch|kugelrund|meer|tier
🐢	schildkröte|tier
🐣	schlüpfendes küken|ei|küken|küken in eierschale|piep|schlüpfen|tier|vogel
🐤	küken|kükenkopf|tier
🐥	küken von vorne|geflügel|küken|küken in frontansicht|tier
🐦	vogel|papagei|taube|tier|vogelkopf
🐦‍⬛	schwarzer vogel|amsel|krächzen|krähe|rabe|schnabel|schwarz|tier|vogel
🐦‍🔥	phönix|asche|fabelwesen|fantasy|feuer|feuervogel|reinkarnation|tier|vogel|wiedergeburt
🐧	pinguin|pinguinkopf|tier|vogel
🐨	koala|koalabär|koalagesicht|tier
🐩	pudel|hund|tier
🐪	dromedar|einhöckrig|kamel|tier|wüste
🐫	kamel|tier|wüste|zweihöckrig
🐬	delfin|meer|ozean|strand|tier
🐭	mäusegesicht|gesicht|maus|mausgesicht|nagetier|tier
🐮	kuhgesicht|gesicht|kuh|tier
🐯	tigergesicht|gesicht|raubkatze|tier|tiger
🐰	hasengesicht|gesicht|hase|kaninchen|karnickel|langohr|mümmelmann|nager|nagetier|tier
🐱	katzengesicht|gesicht|katze|miau|miez|miezekatze|tier
🐲	drachengesicht|drache|gesicht|märchen|tier
🐳	blasender wal|meer|ozean|tier|wal
🐴	pferdegesicht|gesicht|pferd|pferdekopf|tier
🐵	affengesicht|affe|banane|dschungel|gesicht|tier|zoo
🐶	hundegesicht|gesicht|hund|tier|treu|wau|wuff
🐷	schweinegesicht|gesicht|schwein|tier
🐸	frosch|froschgesicht|gesicht|grün|quak|tier
🐹	hamster|gesicht|hamstergesicht|tier
🐺	wolf|gesicht|tier|wolfsgesicht
🐻	bär|bärengesicht|gesicht|tier
🐻‍❄	eisbär|arktis|nordpol|weiß
🐼	panda|gesicht|pandabär|pandagesicht|tier
🐽	schweinerüssel|nase|schwein|tier
🐾	tatzenabdrücke|abdruck|tatzen|tier
🐿	streifenhörnchen|tier
👀	augen|auge|gesicht|gucken|schauen|sehen
👁	auge|blick|körper|körperteil|schauen|sehen
👁‍🗨	auge in sprechblase|auge|dialog|reden|sprechblase|sprechen|zeuge
👂	ohr|hören|körperteil
👃	nase|körperteil|riechen
👄	mund|körperteil|kuss|lippen|lippenstift
👅	zunge|ätsch|hmm|körperteil|lecken|lecker|mmh
👆	nach oben weisender zeigefinger von hinten|aufwärts|finger|handrücken|handrückseite|hier|hinauf|melden|oben|rauf|weisen|zeigefinger|zeigen
👇	nach unten weisender zeigefinger|abwärts|finger|handrücken|handrückseite|hinab|hinunter|runter|unten|weisen|zeigefinger|zeigen
👈	nach links weisender zeigefinger|finger|handrückseite|links|weisen|zeigefinger|zeigen
👉	nach rechts weisender zeigefinger|finger|handrückseite|rechts|weisen|zeigefinger|zeigen
👊	geballte faust|absolut|bro|faust|geballt|hand|korrekt|zustimmen
👋	winkende hand|auf wiedersehen|bis später|ciao|guten tag|hallo|hand|hey|hi|tschüs|tschüss|winken
👌	ok-zeichen|exzellent|finger|genial|hand|in ordnung|natürlich|ok|perfekt|super
👍	daumen hoch|daumen|einverstanden|finger|gut|hand|in ordnung|jawohl|klar|klasse|like|nach oben|ok|super|top
👎	daumen runter|daumen|hand|nach unten|schlecht
👏	klatschende hände|applaudieren|applaus|beifall|gratulation|großartig|gut|hand|hände|klatschen|klatschend|toll
👐	offene hände|hände|jazz|offen|umarmen|umarmung
👑	krone|könig|königin|kopfbedeckung|majestät
👒	damenhut|damenhut mit schleife|hut|kleidung|kopfbedeckung|schleife
👓	brille|accessoire
👔	hemd mit krawatte|hemd|kleidung|kragen|schlips
👕	t-shirt|kleidung|shirt
👖	jeans|hose|kleidung
👗	kleid|kleidung
👘	kimono|japanisch|kleid|kleidung
👙	bikini|badeanzug|kleidung
👚	bluse|damenmode|kleidung|oberbekleidung|shirt
👛	geldbörse|accessoire|brieftasche|münzen|portemonnaie
👜	handtasche|accessoire|einkaufen|tasche
👝	clutch|accessoire|beutel|handtasche|kulturbeutel|tasche|waschtasche
👞	herrenschuh|gehen|herren|schuh
👟	sportschuh|laufen|rennen|schuh|sneaker|sportlich|turnschuh
👠	stöckelschuh|absatz|absatzschuh|damen|elegant|high heel|highheels|pumps|rot|schuh|vornehm
👡	damensandale|damen|sandale|schuh
👢	damenstiefel|damen|schuh|stiefel
👣	fußabdrücke|abdruck|auf dem weg|fuß|fußabdruck
👤	silhouette einer büste|büste|person
👥	silhouette mehrerer büsten|büsten|personen
👦	junge|enkelsohn|gesicht|jung|jünger|kind|munter|sohn|strahlend
👧	mädchen|enkeltochter|gesicht|jung|jünger|kind|munter|strahlend|tochter
👨	mann|erwachsen|gesicht
👨‍⚕	arzt|arztkittel|doktor|krankenpfleger|pfleger
👨‍⚖	richter|gerechtigkeit|mann|recht
👨‍✈	pilot|flugzeug|mann
👨‍🌾	bauer|ähre|farmer|gärtner|landwirt|rancher
👨‍🍳	koch|kochen|restaurant
👨‍🍼	mann, der baby die flasche gibt|baby|flasche geben|flasche gebender mann|füttern|mann
👨‍🎓	student|absolvent|diplom|doktorhut|uni
👨‍🎤	sänger|mann|mikrofon|popstar|schauspieler
👨‍🎨	künstler|farbpalette|maler|mann
👨‍🏫	lehrer|dozent|mann|professor|tafel
👨‍🏭	fabrikarbeiter|fabrik|helm
👨‍💻	it-experte|arbeit|bildschirm|büro|computer|entwickler|mann|office
👨‍💼	büroangestellter|angestellter|büro|manager|mann
👨‍🔧	mechaniker|elektriker|handwerker|klempner|mann
👨‍🔬	wissenschaftler|chemie|forscher|labor
👨‍🚀	astronaut|mann|raumfahrt|weltraum
👨‍🚒	feuerwehrmann|feuerwehr|feuerwehrhelm|mann
👨‍🦯	mann mit langstock|barrierefreiheit|behinderung|blind|mann|mann mit blindenstock|mann mit gehstock|mensch|person|sehbehindert
👨‍🦼	mann in elektrischem rollstuhl|barrierefreiheit|behinderung|mann|mann in rollstuhl|mensch|person|rollstuhl
👨‍🦽	mann in manuellem rollstuhl|barrierefreiheit|behinderung|mann|mann in rollstuhl|mensch|person|rollstuhl
👩	frau|erwachsen|gesicht
👩‍⚕	ärztin|arztkittel|doktor|krankenschwester|pflegerin
👩‍⚖	richterin|frau|gerechtigkeit|recht
👩‍✈	pilotin|flieger|flugzeug|frau
👩‍🌾	bäuerin|ähre|farmerin|gärtnerin|landwirtin
👩‍🍳	köchin|kochen
👩‍🍼	frau, die baby die flasche gibt|baby|eltern|flasche geben|flasche gebende frau|frau|füttern|mama|milch|mutter|neugeborenes|person|säugling
👩‍🎓	studentin|abschluss|absolventin|diplom|doktorhut|uni
👩‍🎤	sängerin|frau|mikrofon|popstar|schauspielerin
👩‍🎨	künstlerin|farbpalette|frau|malerin
👩‍🏫	lehrerin|dozentin|frau|professorin
👩‍🏭	fabrikarbeiterin|fabrik|frau|helm
👩‍💻	it-expertin|arbeit|bildschirm|büro|computer|entwickler|entwicklerin|frau|laptop|office
👩‍💼	büroangestellte|angestellte|büro|frau|managerin|mangerin
👩‍🔧	mechanikerin|elektrikerin|frau|handwerkerin|klempnerin
👩‍🔬	wissenschaftlerin|forscherin|frau|labor
👩‍🚀	astronautin|frau|raumfahrt|weltraum
👩‍🚒	feuerwehrfrau|feuerwehrhelm|frau
👩‍🦯	frau mit langstock|barrierefreiheit|behinderung|blind|frau|frau mit blindenstock|frau mit gehstock|mensch|person
👩‍🦼	frau in elektrischem rollstuhl|barrierefreiheit|behinderung|frau|frau in rollstuhl|mensch|person|rollstuhl
👩‍🦽	frau in manuellem rollstuhl|barrierefreiheit|behinderung|frau|frau in rollstuhl|mensch|person|rollstuhl
👪	familie|junge|kind|mutter|vater
👫	mann und frau halten hände|frau|händchen halten|mann|paar|pärchen aus frau und mann
👬	händchen haltende männer|händchen halten|männer|paar|pärchen aus mann und mann|zwillinge
👭	händchen haltende frauen|frauen|händchen halten|paar|pärchen aus frau und frau
👮	polizist(in)|beruf|festnehmen|gesetzeshüter|gesicht|person|polizei|polizist|polizistin|uniform|verhaften
👮‍♀	polizistin|beruf|festnehmen|frau|gesetzeshüterin|person|polizei|uniform|verhaften
👮‍♂	polizist|mann|polizei
👯	personen mit hasenohren|bunny|bunnys|doppelt|hasenohren|leute|party|person|seelenverwandt|tanzen|tänzerinnen|zwillinge
👯‍♀	frauen mit hasenohren|bunnys|frauen|hasenohren|party
👯‍♂	männer mit hasenohren|bunnys|hasenohren|männer|party|tanzen|zwillinge
👰	person mit schleier|braut|braut mit schleier|gesicht|hochzeit|person|schleier
👰‍♀	frau mit schleier|frau|schleier
👰‍♂	mann mit schleier|mann|schleier
👱	person: blondes haar|blond|blondhaarig|gesicht|mensch|person
👱‍♀	frau: blond|blond|blonde frau|frau|gesicht|haar
👱‍♂	mann: blond|blond|blonder mann|gesicht|haar|mann
👲	mann mit chinesischem hut|china|chinesisch|gesicht|hut|kappe|mütze|person
👳	person mit turban|bart|dreitagebart|person|turban
👳‍♀	frau mit turban|frau|gesicht|turban
👳‍♂	mann mit turban|gesicht|mann|turban
👴	älterer mann|alt|älter|erwachsen|großeltern|großvater|mann|mensch|opa|senior|weise
👵	ältere frau|alt|älter|erwachsen|frau|großeltern|großmutter|mensch|oma|seniorin|weise
👶	baby|gesicht|jung|kind|kleinkind|locke
👷	bauarbeiter(in)|arbeit|bau|bauarbeiter|bauarbeiterin|beruf|gesicht|helm|person|schutzhelm|umbauen
👷‍♀	bauarbeiterin|bauarbeiter|baustelle|frau|helm|mann
👷‍♂	bauarbeiter|baustelle|helm
👸	prinzessin|gesicht|krone|märchen
👹	ungeheuer|gesicht|gruselig|japan|japanisch|märchen|maske|monster|oger
👺	kobold|gemein|gesicht|japan|japanisch|märchen|maske|monster|tengu|ungeheuer|wütend
👻	gespenst|buh|fantasy|geist|gesicht|gruselig|halloween|märchen|spuk|zunge
👼	putte|engel|gesicht|kind|märchen
👽	außerirdischer|alien|all|außerirdisch|außerirdische|fantasy|gesicht|märchen|monster|ufo|weltraum|wesen
👾	computerspiel-monster|gesicht|monster|ufo
👿	wütendes gesicht mit hörnern|böse|dämon|dämonin|fantasie|fantasy|gesicht|hörner|kobold|lila|märchen|satan|teufel|teufelchen|violett|wütend
💀	totenkopf|gesicht|knochen|märchen|schädel|tod|tot|yolo
💁	infoschalter-mitarbeiter(in)|abgekippt|beleidigen|gerüchte|geste|hand|klatsch|klatschen|person|sarkasmus|sarkastisch|tratsch|tratschen
💁‍♀	infoschalter-mitarbeiterin|auskunft|frau|informationen
💁‍♂	infoschalter-mitarbeiter|abgekippt|beleidigen|gerüchte|geste|hand|klatsch|klatschen|mann|sarkasmus|sarkastisch|tratsch|tratschen
💂	wache|bärenfellmütze|buckingham palace|gesicht|london|wachfrau|wachmann|wachsoldat|wachsoldatin|wächter
💂‍♀	wachsoldatin|buckingham|buckingham palace|guard|helm|london|palast|wache|wächter
💂‍♂	wachsoldat|buckingham palace|wache
💃	tanzende frau|elegant|festlich|flair|flamenco|frau|salsa|schwung|tango|tanz|tanzen|tänzerin
💄	lippenstift|kosmetik|make-up|makeup|rot|schminke
💅	nagellack|kosmetik|maniküre|nagel|nagelpflege
💆	person, die eine kopfmassage bekommt|behandlung|die eine kopfmassage bekommt|entspannen|kopfmassage|kopfschmerzen|massage|migräne|person|salon|spa|therapie
💆‍♀	frau, die eine kopfmassage bekommt|behandlung|entspannen|entspannend|frau|gesicht|kopf|kopfmassage|kopfschmerzen|kopfweh|lindern|massage|relaxen|salon|spa|therapie|verspannung
💆‍♂	mann, der eine kopfmassage bekommt|der eine kopfmassage bekommt|entspannen|kopfmassage|kopfschmerzen|mann|massage|salon
💇	person beim haareschneiden|friseur|friseurin|friseuse|frisör|frisörin|frisur|haare|haarschnitt|person|schere
💇‍♀	frau beim haareschneiden|frau|friseur|haarschnitt|schere
💇‍♂	mann beim haareschneiden|friseur|frisur|haarschnitt|mann|salon|schere
💈	barbershop-säule|friseur|herrenfriseur|säule
💉	spritze|arzt|impfen|impfung|injektion|kanüle|nadel
💊	kapsel|arznei|arzt|medizin|pille|tabletten
💋	kussabdruck|gefühl|knutsch|kuss|küssen|liebe|lippen|lippenstift|romantisch|sexy
💌	liebesbrief|brief|herz|liebe|post|siegel
💍	ring|diamantring|edelstein|schmuck|verlobung
💎	edelstein|diamant
💏	sich küssendes paar|frau|herz|kuss|küssen|küssendes paar|mann
💐	blumenstrauß|blumen|bouquet
💑	liebespaar|frau|herz|liebe|mann|paar
💒	hochzeit|herz|kirche
💓	schlagendes herz|gefühl|herz|herzschlag|liebe|puls|pulsieren|schlagen
💔	gebrochenes herz|allein|gebrochen|gefühl|herz|herzschmerz|liebeskummer|schmerz|traurig|trennung|zerbrochen
💕	zwei herzen|date|gefühl|herz|herzen|hochzeitstag|jahrestag|küsschen|küsse|liebe|rendezvous|xoxo|zwei
💖	funkelndes herz|aufregung|funkeln|gefühl|glitzern|herz|liebe|morgen|nacht|rosa|xoxo
💗	wachsendes herz|aufregung|gefühl|herz|herzschlag|küsschen|küsse|liebe|nervös|nervosität|puls|wachsen|xoxo
💘	herz mit pfeil|herz|liebe|pfeil
💙	blaues herz|blau|gefühl|herz|liebe|romantisch
💚	grünes herz|gefühl|grün|herz|liebe|romantisch
💛	gelbes herz|gefühl|gelb|herz|herzlich|liebe
💜	lila herz|beste|gefühl|hdl|herz|liebe|lila|lilafarben|violett
💝	herz mit schleife|herz|hochzeitstag|jahrestag|küsschen|küsse|liebe|schleife|valentinstag|xoxo
💞	kreisende herzen|emotion|gefühl|herz|herzen|hochzeitstag|jahrestag|kreisen|liebe|süß
💟	herzdekoration|deko|emotion|gefühl|herz|liebe|lila|violett|weiß
💠	rautenform mit punkt|diamant|mit punkt|rautenform
💡	glühbirne|hell|idee|lampe|licht
💢	ärger|comic|wut
💣	bombe|comic|dynamit|explodieren
💤	schlafen|buchstaben|comic|gähn|langweilig|müde|nickerchen|öde|schlaf|schnarchen|zzz
💥	zusammenstoß|bombe|boom|comic|explodieren|explosion|kollidieren|kollision|zusammenstoßen
💦	schweißtropfen|comic|feucht|nass|schweiß|schwitzen|trainieren|training|tropfen|wasser
💧	tropfen|schweiß|träne|wasser|wassertropfen
💨	staubwolke|comic|rennen|weglaufen
💩	kothaufen|kot|mist
💪	angespannter bizeps|arm|bizeps|bodybuilder|bro|fitnessstudio|gewichtheben|muckies|muskeln|stark|training
💫	schwindlig|benommen|benommenheit|comic|komet|stern|sterne|sternschnuppe
💬	sprechblase mit drei punkten|comic|dialog|gespräch|sprechblase|unterhaltung
💭	gedankenblase|comic|nachdenken
💮	blumenstempel|blume
💯	100 punkte|100|punktestand|volle punktzahl
💰	geldsack|geld|moneten|reich|sack
💱	geldwechsel|geld|währung|wechsel
💲	dollarzeichen extrafett|bezahlen|dollar|dollar-zeichen|geld|knete|moneten|teuer|usd|währung
💳	kreditkarte|bankkarte|ec-karte|geldkarte|guthaben|karte
💴	yen-banknote|geld|geldschein|yen
💵	dollar-banknote|dollar|geld|geldschein|währung
💶	euro-banknote|euro|euroschein|geld|geldschein
💷	pfund-banknote|geld|geldschein|pfund
💸	geldschein mit flügeln|bank|euro|geld|knete|moneten
💹	steigende kurve mit yen-zeichen|diagramm|markt|steigender trend mit yen-zeichen
💺	sitzplatz|bus|flugzeug|sitz|zug
💻	laptop|bildschirm|computer|computermonitor|monitor|notebook|pc
💼	aktentasche|tasche
💽	minidisc|md|minidisk
💾	diskette|datenträger
💿	cd|blu-ray|dvd
📀	dvd|blu-ray|cd|computer
📁	ordner|akten|büro|dokument|geschlossen
📂	geöffneter ordner|dokument|offen|ordner
📃	teilweise eingerolltes blatt|dokument|papier|seite
📄	vorderseite eines blattes|dokument|papier|seite
📅	kalender|datum|kalenderblatt
📆	abreißkalender|datum|kalender|termin
📇	rotationskartei|visitenkarten
📈	aufwärtstrend|diagramm|kurve|steigend
📉	abwärtstrend|diagramm|fallend|kurve
📊	balkendiagramm|balken|diagramm
📋	klemmbrett|clipboard|clpboard|zwischenablage
📌	reißzwecke|anpinnen
📍	stecknadel|anpinnen|reißzwecke|rund|runde reißzwecke
📎	büroklammer
📏	lineal
📐	dreieckiges lineal|geodreieck|lineal
📑	pagemarker|notizen
📒	spiralblock|notizblock
📓	notizbuch|notizen
📔	notizbuch mit dekorativem einband|einband|notizbuch
📕	geschlossenes buch|buch|geschlossen
📖	offenes buch|bibliothek|blättern|buch|geöffnet|lernen|lesen|offen|seite
📗	grünes buch|buch|grün|lesen
📘	blaues buch|blau|buch
📙	orangefarbenes buch|buch|orangefarben
📚	bücherstapel|bücher|fantasie|lesen|roman
📛	namensschild|schild
📜	schriftrolle|papier
📝	papier und bleistift|bleistift|kurzmitteilung|nachricht|notiz|papier|schreibblock|schreiben
📞	telefonhörer|anrufen|hörer|kommunikation|telefon
📟	pager|kommunikation|piepser
📠	faxgerät|fax|kommunikation
📡	satellitenschüssel|antenne|sat-schüssel|satschüssel|schüssel
📢	lautsprecher|megafon|schallendes megafon
📣	megafon|jubel|lautsprecher
📤	postausgang|ablage|e-mail
📥	posteingang|ablage|e-mail
📦	paket|päckchen
📧	e-mail|brief|e-mail-symbol|post
📨	eingehender briefumschlag|e-mail|empfangen|umschlag
📩	umschlag mit pfeil|e-mail|gesendet
📪	geschlossener briefkasten ohne post|briefkasten|geschlossen|keine e-mail|keine post|post
📫	geschlossener briefkasten mit post|briefkasten|e-mail|geschlossen|post
📬	offener briefkasten mit post|briefkasten|e-mail|offen|post
📭	offener briefkasten ohne post|briefkasten|keine e-mail|keine post|offen|post
📮	briefkasten|brief|post
📯	posthorn|brief|e-mail|post
📰	zeitung|medien|nachrichten|presse
📱	mobiltelefon|handy|iphone|smartphone|telefonieren
📲	mobiltelefon mit pfeil|anruf|anrufen|handy|iphone|kommunikation|mobiltelefon|pfeil|whatsapp
📳	vibrationsmodus|handy|kommunikation|mobiltelefon|symbol für vibrationsalarm|vibration|vibrieren
📴	mobiltelefon aus|ausschalten|handy aus|mobiltelefon
📵	mobiltelefone verboten|handy|mobiltelefon|verbot
📶	balkenförmige signalstärkenanzeige|empfang|mobilfunksignal|mobiltelefon|signalstärke
📷	fotoapparat|fotos|kamera
📸	fotoapparat mit blitz|blitz|fotoapparat
📹	videokamera|filmen|videos
📺	fernseher|fernsehen|film|tv
📻	radio|musik
📼	videokassette|vhs|video
📽	filmprojektor|kino|unterhaltung
📿	gebetskette|beten|gebet|kette|religion|rosenkranz
🔀	zufallsmodus|gekreuzt|pfeile|richtung|verschlungene pfeile nach rechts
🔁	wiederholen|im uhrzeigersinn|keycap|pfeile|tastenkappe
🔂	titel wiederholen|dasselbe wiederholen|einmal|im uhrzeigersinn|noch einmal|pfeile|wiederholen
🔃	kreisförmige pfeile im uhrzeigersinn|im uhrzeigersinn|pfeile
🔄	pfeile gegen den uhrzeigersinn|gegen den uhrzeigersinn|kreisförmige pfeile gegen den uhrzeigersinn|pfeile
🔅	taste dimmen|dimmen|gedimmt|helligkeit|schwache helligkeit
🔆	heller-taste|heller|helligkeit|starke helligkeit
🔇	durchgestrichener lautsprecher|leise|psst|stumm|stummgeschaltet
🔈	lautsprecher mit geringer lautstärke|eingeschaltet|ton an
🔉	lautsprecher mit mittlerer lautstärke|lautsprecher mit einer schallwelle|leise|mittellaut|ton
🔊	lautsprecher mit hoher lautstärke|dezibel|laut|lautsprecher mit drei schallwellen|musik|schallwellen
🔋	batterie|akku
🔌	netzstecker|stecker|stromstecker
🔍	lupe nach links|suche|vergrößerungsglas
🔎	lupe nach rechts|lupe|suche|vergrößerungsglas
🔏	schloss mit füller|datenschutz|privat|sicherheit
🔐	schloss mit schlüssel|datenschutz|privat|sicherheit
🔑	schlüssel|passwort|schließen
🔒	geschlossenes schloss|datenschutz|geschlossen|schloss|sicherheit
🔓	offenes schloss|nicht gesichert|offen|schloss
🔔	glocke|ding dong|klingeling|ton eingeschaltet
🔕	durchgestrichene glocke|glocke|kein ton|leise|ton ausgeschaltet
🔖	lesezeichen|etikett|lesen
🔗	linksymbol|kettenglieder|verknüpfen|verknüpfung|verknüpfungssymbol|zwei ringe
🔘	optionsfeld|schaltfläche
🔙	back-pfeil|links|pfeil|zurück
🔚	end-pfeil|ende-zeichen|links|pfeil
🔛	on!-pfeil|anschalten|ein-zeichen|einschaltem|pfeil|rechts und links
🔜	soon-pfeil|bald-zeichen|pfeil|rechts
🔝	top-pfeil|pfeil nach oben|top-zeichen
🔞	minderjährige verboten|erwachsene|mindestalter|nicht jugendfrei|zeichen mit durchgestrichener 18
🔠	eingabesymbol lateinische großbuchstaben|abcd|buchstaben|eingabe|eingabesymbol|großbuchstaben|großschreiben|lateinisch
🔡	eingabesymbol lateinische kleinbuchstaben|kleinbuchstaben|lateinische kleinbuchstaben
🔢	eingabesymbol zahlen|1234|eingabe|eingabesymbol|symbol|zahlen|ziffern
🔣	eingabesymbol sonderzeichen|&|%|♪|〒|eingabe|eingabesymbol|keycap|sonderzeichen|symbol|tastenkappe
🔤	eingabesymbol lateinische buchstaben|abc|alphabet|buchstaben|eingabe|eingabesymbol|lateinisch|symbol
🔥	feuer|brennen|flamme|heiß
🔦	taschenlampe|lampe|licht
🔧	schraubenschlüssel|werkzeug
🔨	hammer|werkzeug
🔩	mutter und schraube|schraube
🔪	küchenmesser|messer|schneiden
🔫	wasserpistole|pistole|revolver|waffe
🔬	mikroskop|labor|untersuchen|wissenschaft
🔭	teleskop|himmel
🔮	kristallkugel|wahrsager|zukunft
🔯	hexagramm mit punkt|wahrsager
🔰	japanisches anfänger-zeichen|anfänger|japanisches symbol
🔱	dreizack|anker|poseidon|triton
🔲	schwarze quadratische schaltfläche|quadratisch|schaltfläche|schwarz
🔳	weiße quadratische schaltfläche|quadrat|quadratisch|schaltfläche|weiß
🔴	roter punkt|ball|punkt|rot
🔵	blauer punkt|ball|blau|großer blauer kreis|kreis|punkt
🔶	große orangefarbene raute|orangefarben|raute
🔷	große blaue raute|blau|raute
🔸	kleine orangefarbene raute|orangefarben|raute
🔹	kleine blaue raute|blau|raute
🔺	rotes dreieck mit der spitze nach oben|aufwärts|dreieck|rot|rotes dreieck mit spitze oben
🔻	rotes dreieck mit der spitze nach unten|abwärts|dreieck|rot
🔼	aufwärts-schaltfläche|aufwärts|nach oben|pfeil|schaltfläche
🔽	abwärts-schaltfläche|abwärts|nach unten|pfeil|schaltfläche
🕉	om|hinduismus|religion
🕊	taube|fliegen|friede|frieden|friedenstaube|vogel
🕋	kaaba|hajj|islam|moslem|muslim|religion
🕌	moschee|islam|moslem|muslim|religion
🕍	synagoge|jude|jüdisch|religion|tempel
🕎	menora|leuchter|religion
🕐	1:00 uhr|01:00|1|13:00|punkt eins|uhr|zeit|ziffernblatt 1:00 uhr|ziffernblatt 1.00 uhr
🕑	2:00 uhr|2|uhr|zeit|ziffernblatt 2:00 uhr|ziffernblatt 2.00 uhr
🕒	3:00 uhr|3|uhr|zeit|ziffernblatt 3:00 uhr|ziffernblatt 3.00 uhr
🕓	4:00 uhr|4|uhr|zeit|ziffernblatt 4:00 uhr|ziffernblatt 4.00 uhr
🕔	5:00 uhr|05:00|17:00|5|punkt fünf|uhr|zeit|ziffernblatt 5:00 uhr|ziffernblatt 5.00 uhr
🕕	6:00 uhr|6|uhr|zeit|ziffernblatt 6:00 uhr|ziffernblatt 6.00 uhr
🕖	7:00 uhr|7|uhr|ziffernblatt 7:00 uhr|ziffernblatt 7.00 uhr
🕗	8:00 uhr|8|uhr|um 8|zeit|ziffernblatt 8:00 uhr|ziffernblatt 8.00 uhr
🕘	9:00 uhr|9|uhr|zeit|ziffernblatt 9:00 uhr|ziffernblatt 9.00 uhr
🕙	10:00 uhr|10|uhr|zeit|ziffernblatt 10:00 uhr|ziffernblatt 10.00 uhr
🕚	11:00 uhr|11|uhr|zeit|ziffernblatt 11:00 uhr|ziffernblatt 11.00 uhr
🕛	ziffernblatt 12:00 uhr|0 uhr|12|12:00 uhr|mittag|mitternacht|uhr|ziffernblatt 12.00 uhr|zwölf uhr
🕜	1:30 uhr|1 uhr 30|halb zwei|uhr|ziffernblatt 1:30 uhr|ziffernblatt 1.30 uhr
🕝	2:30 uhr|halb drei|uhr|zeit|ziffernblatt 2:30 uhr|ziffernblatt 2.30 uhr
🕞	3:30 uhr|halb vier|uhr|ziffernblatt 3:30 uhr|ziffernblatt 3.30 uhr
🕟	4:30 uhr|04:30|16:30|halb fünf|uhr|zeit|ziffernblatt 4:30 uhr|ziffernblatt 4.30 uhr
🕠	5:30 uhr|05:30|17:30|halb sechs|uhr|ziffernblatt 5:30 uhr|ziffernblatt 5.30 uhr
🕡	6:30 uhr|halb sieben|uhr|ziffernblatt 6.30 uhr
🕢	7:30 uhr|halb acht|uhr|zeit|ziffernblatt 7:30 uhr|ziffernblatt 7.30 uhr
🕣	8:30 uhr|halb neun|uhr|ziffernblatt 8:30 uhr|ziffernblatt 8.30 uhr
🕤	9:30 uhr|halb zehn|uhr|zeit|ziffernblatt 9:30 uhr|ziffernblatt 9.30 uhr
🕥	10:30 uhr|halb elf|uhr|ziffernblatt 10:30 uhr|ziffernblatt 10.30 uhr
🕦	11:30 uhr|halb zwölf|uhr|zeit|ziffernblatt 11:30 uhr|ziffernblatt 11.30 uhr
🕧	12:30 uhr|00:30|12:30|halb eins|uhr|zeit|ziffernblatt 12:30 uhr|ziffernblatt 12.30 uhr
🕯	kerze|licht
🕰	kaminuhr|tick tack|uhr
🕳	loch|schwarz
🕴	schwebender mann im anzug|anzug|geschäftlich|mann
🕵	detektiv(in)|detektiv|lupe|sherlock|spion
🕵‍♀	detektivin|frau|spionage|spionin
🕵‍♂	detektiv|mann|spion
🕶	sonnenbrille|augen|brille|dunkel
🕷	spinne|insekt|tier
🕸	spinnennetz|netz|spinne
🕹	joystick|gaming|videospiel
🕺	tanzender mann|elegant|festlich|flair|flamenco|mann|salsa|schwung|tango|tanz|tanzen|tänzer
🖇	verhakte büroklammern|büroklammer|büroklammern|verhakt
🖊	kugelschreiber|stift
🖋	füllhalter|füller|füllfedehalter|füllfederhalter|schreiben|stift
🖌	pinsel|kunst|malen
🖍	wachsmalstift|buntstift|filzstift
🖐	hand mit gespreizten fingern|5|finger|fünf|gespreizt|hand
🖕	mittelfinger|finger|hand
🖖	vulkanischer gruß|finger|gruß|grüßen|hand|hände|spreizen
🖤	schwarzes herz|böse|herz|schwarz
🖥	desktopcomputer|bildschirm|computer|desktop|imac|monitor
🖨	drucker|computer
🖱	computermaus|computer|maus
🖲	trackball|computer
🖼	gerahmtes bild|bild|gemälde|kunst|malen|rahmen|zeichnen|zeichnung
🗂	karteireiter|akten|büro|büroausstattung|büromaterial|karteibahnen|karteikarten
🗃	karteikasten|büroausstattung|büromaterial
🗄	aktenschrank|ablage|archiv|schublade
🗑	papierkorb|abfalleimer
🗒	notizblock|block|notiz|papier
🗓	spiralkalender|kalender
🗜	schraubzwinge|werkzeug
🗝	alter schlüssel|alt|schloss|schlüssel
🗞	zusammengerollte zeitung|zeitung|zusammengerollt
🗡	dolch|schwert|waffe
🗣	sprechender kopf|gesicht|kopf|silhouette|sprechen|sprechend|sprechende person
🗨	sprechblase links|dialog|reden|sprechen|unterhaltung
🗯	sprechblase für wütende aussage rechts|sprechblase|wütend
🗳	urne mit wahlzettel|urne|wahlen|wahlzettel
🗺	weltkarte|karte|landkarte|reisen|welt
🗻	fuji|berg|vulkan
🗼	tokyo tower|fernsehturm|tokio
🗽	freiheitsstatue|amerika|freiheit
🗾	umriss von japan|japan|karte
🗿	statue|gesicht|maske|osterinsel
😀	grinsendes gesicht|froh|fröhlich|gesicht|grinsen|haha|lachen|lol|lustig|smiley
😁	strahlendes gesicht mit lachenden augen|augen|fröhlich|gesicht|grinsen|happy|lächeln|lachen|lustig|smiley|strahlen|zähne
😂	gesicht mit freudentränen|freude|freudentränen|fröhlich|gesicht|haha|happy|hehe|hihi|lachen|lol|lustig|muahaha|rofl|smiley|tränen|witzig
😃	grinsendes gesicht mit großen augen|augen|fröhlich|gesicht|glücklich|grinsen|große|lächeln|lachen|lol|lustig|mund|offen|smiley
😄	grinsendes gesicht mit lachenden augen|augen|fröhlich|geschlossen|gesicht|glücklich|grinsen|lächeln|lachen|lol|lustig|mund|offen|smiley|witzig
😅	grinsendes gesicht mit schweißtropfen|gesicht|grinsen|lächeln|lachen|lustig|mund|nervös|offen|schweiß|schweißtropfen|schwitzen|smiley
😆	grinsegesicht mit zugekniffenen augen|augen|geschlossen|gesicht|grinsegesicht|grinsen|haha|hehe|hihi|lachen|lol|lustig|mund|offen|smiley|witzig|zugekniffen|zusammengekniffen
😇	lächelndes gesicht mit heiligenschein|brav|engel|gesicht|glücklich|heiligenschein|lächeln|lieb|seelig|smiley
😈	grinsendes gesicht mit hörnern|böse|dämon|dämonin|fantasie|grinsen|hörner|lila|märchen|satan|smiley|teufel|violett
😉	zwinkerndes gesicht|auge|flirten|gesicht|sexy|smiley|zudrücken|zugedrückt|zukneifen|zuzwinkern|zwinkern
😊	lächelndes gesicht mit lachenden augen|augen|erröten|freude|freundlich|gesicht|glücklich|lächeln|lachen|rot|wangen
😋	sich die lippen leckendes gesicht|gesicht|lächeln|lecker|leckeres essen|sich die lippen leckender smiley|smiley|zunge
😌	erleichtertes gesicht|augen|entspannt|erleichtert|geschlossen|gesicht|smiley|zen|zufrieden
😍	lächelndes gesicht mit herzförmigen augen|augen|gesicht|glücklich|herzen|herzförmig|lächeln|liebe|smiley|verliebt
😎	lächelndes gesicht mit sonnenbrille|cool|gesicht|lächeln|smiley|sonnenbrille
😏	süffisant lächelndes gesicht|feixen|flirten|gesicht|lächeln|mundwinkel|schief|smiley|süffisant
😐	neutrales gesicht|ausdruckslos|gesicht|kommentarlos|neutral|smiley|todernst|unbeeindruckt
😑	ausdrucksloses gesicht|ausdruckslos|gesicht|kommentarlos|selbstgefällig|smiley|unbeeindruckt|unglaublich
😒	verstimmtes gesicht|gesicht|langweilig|smiley|traurig|unglücklich|unzufrieden|verstimmt
😓	bedrücktes gesicht mit schweiß|angstschweiß|augen|bedrückt|geschlossen|gesicht|kopfschmerzen|schweiß|smiley
😔	nachdenkliches gesicht|enttäuscht|gesicht|nachdenklich|schrecklich|smiley|traurig|verlieren|verloren
😕	verwundertes gesicht|gesicht|keine ahnung|smiley|traurig|verwirrt|verwundert|weiß nicht
😖	verwirrtes gesicht|bestürzt|frustriert|gesicht|konfus|smiley|verwirrt|verzweifelt
😗	küssendes gesicht|flirten|gesicht|hdl|knutsch|kuss|küssen|smiley|xoxo
😘	kuss zuwerfendes gesicht|flirten|gesicht|kuss|küsschen|küssen|lieb|smiley|zuwerfen
😙	küssendes gesicht mit lächelnden augen|augen|flirten|gesicht|knutsch|kuss|küssen|lächeln|smiley
😚	küssendes gesicht mit geschlossenen augen|geschlossen|gesicht|knutsch|kuss|küsschen|küssen|rot|smiley|ugen|wangen
😛	gesicht mit herausgestreckter zunge|ätsch|bäh|gesicht|herausgestreckt|lachen|lustig|smiley|zunge
😜	zwinkerndes gesicht mit herausgestreckter zunge|auge|gesicht|herausgestreckt|herausstrecken|smiley|zudrücken|zugedrückt|zunge|zwinkern
😝	gesicht mit herausgestreckter zunge und zusammengekniffenen augen|auge|augen|bäh|ekel|gesicht|herausgestreckt|herausstrecken|igitt|schmeck|schrecklich|smiley|zunge|zusammengekniffen|zusammenkneifen
😞	enttäuschtes gesicht|enttäuscht|gesicht|leider|schade|smiley|traurig|verloren
😟	besorgtes gesicht|besorgt|gesicht|smiley|sorgen|traurig
😠	verärgertes gesicht|ärgern|böse|gesicht|smiley|verärgert|wut|wütend|zornig
😡	schmollendes gesicht|gesicht|rot|rot angelaufener smiley|wütend
😢	weinendes gesicht|gesicht|smiley|träne|traurig|weinen
😣	entschlossenes gesicht|ausdauernd|durchhalten|fokus|gesicht|konzentration|konzentrieren|kopfschmerzen
😤	schnaubendes gesicht|erleichtert|gesicht|gewonnen
😥	trauriges aber erleichtertes gesicht|ängstlich|enttäuscht|erleichtert|gesicht|knapp|schweiß|traurig
😦	entsetztes gesicht|entsetzt|gesicht|mund|offen|schockiert|smiley|verwundert
😧	qualvolles gesicht|arm|gesicht|leidend|qualvoll|smiley|vergessen|wow
😨	ängstliches gesicht|angst|ängstlich|besorgt|gesicht
😩	erschöpftes gesicht|erschöpft|fehlschlag|gesicht|hungrig|müde|nein|smiley|unglücklich
😪	schläfriges gesicht|gesicht|gute|müde|nacht|schläfrig|smiley|traurig
😫	müdes gesicht|gesicht|müde|niesen|smiley|traurig
😬	grimassen schneidendes gesicht|gesicht|grimasse|peinlich|schneiden|smiley|verziehen|zähne
😭	heulendes gesicht|flennen|gesicht|heulen|schluchzen|smiley|tränen|tränenfluss|traurig|weinen
😮	gesicht mit offenem mund|erstaunt|gesicht|mund|offen|omg|schockiert|unglaublich|vergessen|wow
😮‍💨	gesicht, das ausatmet|ausatmen|erleichtert|erschöpft|gesicht|husten|puh|pusten|schnaufen|seufz|seufzen|smiley
😯	verdutztes gesicht|erstaunt|gesicht|omg|smiley|sprachlos|verdutzt
😰	besorgtes gesicht mit schweißtropfen|angst|ängstlich|angstschweiß|besorgt|gesicht|mund|nervös|offen|schweiß
😱	vor angst schreiendes gesicht|angst|ängstlich|gesicht|munch|omg|panik|schrei|schreien|schreiend
😲	erstauntes gesicht|erstaunt|gesicht|nee|omg|schockiert|smiley|verwundert
😳	errötetes gesicht mit großen augen|augen|erröten|gesicht|groß|peinlich|rot|scham|schämen|smiley|überrascht|verlegen|wangen
😴	schlafendes gesicht|dösen|einschlafen|gähnen|gesicht|gute nacht|langweilig|mittagsschlaf|müde|nickerchen|schlaf|schlafen|smiley|zzz
😵	benommenes gesicht|augen|benommen|gesicht|ko|krank|kreuze|schwindelig|schwindlig|smiley
😵‍💫	gesicht mit spiralen als augen|augen|gesicht|höhenangst|hypnose|hypnotisiert|omg|schwindelig|schwindlig|smiley|spiralen|verwirrt|wirr
😶	gesicht ohne mund|gesicht|kein|mund|ohne|smiley|sprachlos
😶‍🌫	gesicht in wolken|geistesabwesend|gesicht im nebel|kopf in wolken
😷	gesicht mit atemschutzmaske|arzt|atemschutzmaske|bazillen|erkältet|gesicht|krank|krankheit|mund|mundschutz|schutzmaske|smiley|viren|virus
😸	grinsende katze mit lachenden augen|augen|gesicht|grinsen|katze|katzengesicht|lachen|smiley|tier
😹	katze mit freudentränen|freude|freudentränen|gesicht|katze|katzengesicht|lachen|smiley|tier|tränen
😺	grinsende katze|gesicht|grinsen|katze|katzengesicht|lachen|lol|lustig|mund|offen|smiley|tier
😻	lachende katze mit herzen als augen|augen|gesicht|herzaugen|herzen|katze|katzengesicht|lächeln|lachen|liebe|smiley|tier|verliebt
😼	verwegen lächelnde katze|gesicht|grinsen|ironisch|katze|katzengesicht|lächeln|lachen|smiley|tier|verwegen
😽	küssende katze|augen|geschlossen|gesicht|katze|katzengesicht|kuss|küsschen|küsse|küssen|rot|smiley|tier|wangen
😾	schmollende katze|gesicht|katze|katzengesicht|schmollen|schmollmund|smiley|tier|verärgert
😿	weinende katze|gesicht|katze|katzengesicht|smiley|tier|träne|traurig|weinen
🙀	erschöpfte katze|angst|erschöpft|gesicht|katze|katzengesicht|panik|schock|schockiert|schrei|schreien|smiley|tier|überrascht
🙁	betrübtes gesicht|betrübt|gesicht|schade|smiley|traurig
🙂	leicht lächelndes gesicht|gesicht|lächeln|leicht|smiley
🙂‍↔	kopfschütteln|nein|schütteln
🙂‍↕	kopfnicken|ja|nicken
🙃	umgekehrtes gesicht|auf dem kopf|gesicht|lächeln|smiley|stehen|umgekehrt
🙄	augen verdrehendes gesicht|augen|genervt|gesicht|meinetwegen|nerv|ohje|rollen|smiley|verdrehen|verrollen
🙅	person mit überkreuzten armen|arme|gesicht|nein|nicht|person|überkreuzt|verbieten|verboten
🙅‍♀	frau mit überkreuzten armen|arme|frau|gesicht
🙅‍♂	mann mit überkreuzten armen|arme|gesicht|mann|nein|nicht|überkreuzt|verbieten|verboten
🙆	person mit händen auf dem kopf|geste|hände|oje|ok|omg|person|über kopf|übung
🙆‍♀	frau mit händen auf dem kopf|frau|geste|hände|oje|ok|omg|über kopf|übung
🙆‍♂	mann mit händen auf dem kopf|geste|hände|mann|oje|ok|omg|über kopf|übung
🙇	sich verbeugende person|bedauern|bitten|demut|entschuldigung|geste|kniefall|meditation|meditieren|person|sorry|unterwerfen|verbeugen|verzeihung
🙇‍♀	sich verbeugende frau|bedauern|bitten|demut|entschuldigung|frau|geste|kniefall|meditation|meditieren|sorry|unterwerfen|verbeugen|verzeihung
🙇‍♂	sich verbeugender mann|demut|mann|verbeugen
🙈	sich die augen zuhaltendes affengesicht|affe|affengesicht|augen|böse|geheimnis|gemein|geste|nein|omg|sehen|tier|verboten|vergessen|verstecken|zuhalten
🙉	sich die ohren zuhaltendes affengesicht|affe|affengesicht|böse|geheimnis|gemein|geste|hören|nein|ohren|tier|verboten|zuhalten|zuhören
🙊	sich den mund zuhaltendes affengesicht|affe|affengesicht|böse|geheimnis|gemein|geste|hand|heimlich|leise|mund|nein|sagen|sprechen|still|tier|ups|verboten|zuhalten
🙋	person mit erhobenem arm|aufzeigen|drankommen|drannehmen|frage|geste|hand|heben|hier|ich|person|sich melden|wissen
🙋‍♀	frau mit erhobenem arm|aufzeigen|drankommen|drannehmen|frage|frau|geste|hand|heben|hier|ich|sich melden|wissen
🙋‍♂	mann mit erhobenem arm|aufzeigen|drankommen|drannehmen|frage|geste|hand|heben|hier|ich|mann|sich melden|wissen
🙌	zwei erhobene handflächen|erhoben|feiern|geste|hände|handflächen|hurra|zwei
🙍	missmutige person|frustriert|gesicht|missmutig|person|runzeln|stirnrunzelnd|unzufrieden|verärgert
🙍‍♀	missmutige frau|frau|frustriert|gesicht|missmutig|runzeln|stirnrunzelnd|unzufrieden|verärgert
🙍‍♂	missmutiger mann|frustriert|gesicht|mann|missmutig|runzeln|stirnrunzelnd|unzufrieden|verärgert
🙎	schmollende person|eingeschnappt|enttäuscht|jammerd|jammern|person|schmollen|schmollend|verärgert
🙎‍♀	schmollende frau|eingeschnappt|enttäuscht|frau|jammerd|jammern|schmollen|schmollend|verärgert
🙎‍♂	schmollender mann|eingeschnappt|enttäuscht|jammerd|jammern|mann|schmollen|schmollend|verärgert
🙏	zusammengelegte handflächen|beten|betend|bitten|danke|danken|gebet|gefaltet|grüßen|handflächen|zusammengelegt
🚀	rakete|all|weltraum
🚁	hubschrauber|fliegen|helikopter|reisen
🚂	dampflokomotive|bahn|dampf|dampflok|fahrzeug|lokomotive|schiene|zug
🚃	eisenbahnwagen|fahrzeug|straßenbahn|straßenbahnwagen|tram|wagen|waggon|wagon|zug
🚄	hochgeschwindigkeitszug mit spitzer nase|ice|shinkansen|tgv|zug
🚅	hochgeschwindigkeitszug|bahn|japan|shinkansen|zug
🚆	zug|bahn|eisenbahn|ice
🚇	u-bahn|metro
🚈	s-bahn|bahn|ice|monorail|zug
🚉	bahnhof|bahn|zug
🚊	straßenbahn|tram|verkehrsmittel
🚋	straßenbahnwagen|straßenbahn|tram|tramwagen|transport|verkehrsmittel|waggon
🚌	bus|fahrzeug|schulbus
🚍	bus von vorne|bus|verkehrsmittel|vorderansicht bus
🚎	oberleitungsbus|straßenbahn|trolleybus
🚏	bushaltestelle|bus|haltestelle
🚐	kleinbus|bus|fahrzeug
🚑	krankenwagen|ambulanz|notfall
🚒	feuerwehrauto|brand|löschfahrzeug
🚓	polizeiwagen|polizei|streifenwagen
🚔	polizeiwagen von vorne|polizei|streifenwagen|vorderansicht polizeiwagen
🚕	taxi|auto|fahrzeug
🚖	taxi von vorne|auto|fahren|gelb|taxi|vorderansicht taxi
🚗	auto|fahren|fahrzeug|rot|verkehr
🚘	auto von vorne|auto|automobil|fahrzeug|rot|vorderansicht auto
🚙	wohnmobil|auto|blau|fahren|verreisen
🚚	lieferwagen|lastwagen|lkw
🚛	sattelzug|lastwagen|lkw|umziehen|ziehen um
🚜	traktor|bauernhof|landwirtschaft|trecker
🚝	einschienenbahn|bahn|magnetschwebebahn|monorail
🚞	bergbahn|bahn|bimmelbahn|zug
🚟	schwebebahn|hängebahn
🚠	bergschwebebahn|schwebebahn
🚡	bergseilbahn|gondel|seilbahn
🚢	schiff|dampfer|kreuzfahrtschiff|traumschiff
🚣	person im ruderboot|angeln|boot|kanu|paddel|person|ruderboot|rudern|sport
🚣‍♀	frau im ruderboot|boot|bootfahrerin|frau|ruder|ruderin|rudern|see
🚣‍♂	mann im ruderboot|boot|mann|rudern
🚤	schnellboot|boot|luxus|see|sommer|wasser|yacht
🚥	horizontale verkehrsampel|ampel|verkehrsampel|vertikal
🚦	vertikale verkehrsampel|ampel|horizontal|verkehrsampel
🚧	baustellenabsperrung|baustelle|baustellenschild|schild
🚨	polizeilicht|polizei|sirene
🚩	wimpel|dreiecksflagge|flagge|rot|standortflagge
🚪	tür|eingang|geschlossen
🚫	verboten|kein zutritt|kein-zutritt-zeichen|verbotszeichen
🚬	zigarette|kippe|rauchen|rauchersymbol
🚭	rauchverbot|rauchen verboten|zigarette
🚮	symbol „papierkorb“|abfall|müll|mülleimer|sauberkeit|wegschmeißen|wegwerfen
🚯	abfall verboten|abfall|müll|müll-verboten-zeichen|verboten
🚰	trinkwasser|wasser|wasserhahn
🚱	kein trinkwasser|verboten|verschmutzt|wasser
🚲	fahrrad|bmx|rad|radeln|radler|spinning
🚳	fahrräder verboten|fahhrad|fahrrad-verboten-schild|radfahren verboten|verboten
🚴	radfahrer(in)|fahrrad|person|rad|radeln|radfahren|radfahrer|radfahrerin|sport|tour de france
🚴‍♀	radfahrerin|fahrrad|fahrradfahrerin|frau|frauen|rad|radeln|radlerin
🚴‍♂	radfahrer|fahrrad|mann|rad
🚵	mountainbiker(in)|fahrrad|mountainbiker|mountainbikerin|mountainbiking|person|rad|radfahren|radfahrer|radfahrerin|sport|tour de france
🚵‍♀	mountainbikerin|fahrrad|fahrradfahrerin|frau|mountain bike|mountain bikerin|mountainbike|rad|radeln|radfahrerin|sport
🚵‍♂	mountainbiker|fahrrad|mann|mountainbike|rad
🚶	fußgänger(in)|fußgänger|fußgängerin|gehen|gehend|person|schlendern|schlurfen|wandern
🚶‍♀	fußgängerin|frau|gehen|schlendern|spazieren|spaziergang
🚶‍♂	fußgänger|gehen|mann|spaziergang
🚷	fußgänger verboten|fußgänger-verboten-schild|verboten
🚸	kinder überqueren die straße|kinder|kinder-queren-die-straße-schild|straßenschild|vorsicht
🚹	herren|herrentoilette|wc
🚺	damen|damentoilette|wc
🚻	toiletten|toilette|wc
🚼	symbol „baby“|baby|wickelraum
🚽	toilette|klo|wc
🚾	wc|toilette
🚿	dusche|duschkopf
🛀	badende person|bad|baden|badewanne|badezimmer|dusche|entspannen
🛁	badewanne|bad|badezimmer|dusche
🛂	passkontrolle|pass
🛃	zollkontrolle|zoll
🛄	gepäckausgabe|gepäck
🛅	gepäckaufbewahrung|gepäck|schließfach
🛋	sofa und lampe|couch|lampe|sofa
🛌	im bett liegende person|bett|gute nacht|heia|müde|nachtruhe|schlaf schön|schlafen|zzz
🛍	einkaufstüten|einkaufen|shoppen|shopping|tasche|tüte
🛎	rezeptionsklingel|klingel
🛏	bett|hotel|schlafen|übernachtung
🛐	religiöse stätte|kultstätte|religion
🛑	stoppschild|achteckig|schild|stopp
🛒	einkaufswagen|einkaufen
🛕	hindutempel|gebäude|hindu|tempel
🛖	hütte|behausung|gebäude|haus|jurte|objekt|rundhaus|schutz
🛗	fahrstuhl|aufzug|haus|lift|symbol|transport
🛘	erdrutsch|berg|erdbeben|felsen|gefahr|katastrophe|lawine|murenabgang|murgang|schlammlawine
🛜	wlan|computer|drahtlos|hotspot|internet|kabellos|netzwerk|router|verbindung|wi-fi
🛝	spielplatzrutsche|rutschbahn|rutsche|spielen|spielplatz|vergnügungspark
🛞	autorad|autoreifen|drehen|rad|reifen|reifen mit felgen|rotieren
🛟	rettungsring|leben retten|lebensretter|retten|rettung|schwimmring|sicherheit
🛠	hammer und schraubenschlüssel|hammer|schraubenschlüssel|werkzeug
🛡	schutzschild|schild
🛢	ölfass|fass|öl
🛣	autobahn|schnellstraße
🛤	bahngleis|bahn|gleise|schienen
🛥	motorboot|boot|schiff
🛩	kleines flugzeug|flugzeug|klein|privatjet
🛫	abflug|fliegen|flughafen|flugzeug|start|start eines flugzeugs
🛬	landung eines flugzeugs|ankunft|flieger|flughafen|flugzeug|landen|landung
🛰	satellit|sputnik|weltraum
🛳	passagierschiff|aida|rundreise|schiff|seereise|traumschiff
🛴	tretroller|roller
🛵	motorroller|motoroller|roller|vespa
🛶	kanu|boot|wassersport
🛷	schlitten|rodel|rodeln|schnee
🛸	fliegende untertasse|alien|außerirdisch|ufo
🛹	skateboard|board|brett|räder|skateboard fahren|skaten|skater
🛺	autorikscha|fahrzeug|tuk-tuk
🛻	pick-up|auto|fahren|fahrzeug|laster|lastwagen|lieferwagen|lkw|transport
🛼	rollschuh|rollen|rollerskate|rollschuh laufen|schuh|sport
🟠	oranger punkt|form|kreis|orange|orange scheibe|oranger kreis|punkt
🟡	gelber punkt|form|gelb|gelbe scheibe|gelber kreis|kreis|punkt|scheibe
🟢	grüner punkt|form|grün|grüne scheibe|grüner kreis|kreis|punkt
🟣	lila punkt|form|kreis|lila|punkt|scheibe|violett
🟤	brauner punkt|braun|braune scheibe|brauner kreis|form|kreis|punkt
🟥	rotes quadrat|form|quadrat|rot|rotes viereck|viereck
🟦	blaues quadrat|blau|blaues viereck|form|quadrat|viereck
🟧	oranges quadrat|form|orange|oranges viereck|quadrat|viereck
🟨	gelbes quadrat|form|gelb|gelbes viereck|quadrat|viereck
🟩	grünes quadrat|form|grün|grünes viereck|quadrat|viereck
🟪	lila quadrat|form|lila|quadrat|viereck|violett
🟫	braunes quadrat|braun|braunes viereck|form|quadrat|viereck
🟰	gleichheitszeichen extrafett|gleich|gleichheit|gleichheitszeichen|ist gleich|mathematik|vergleichszeichen
🤌	zusammengedrückte finger|bündelhand|finger|fingerspitzen|gehts noch|geste|hand|handgeste|italienisch|was|zusammengedrückt|zusammengelegt
🤍	weißes herz|herz|weiß
🤎	braunes herz|braun|herz
🤏	wenig-geste|betrag|finger|gering|geste|hand|klein|menge|unbedeutend|wenig|winzig
🤐	gesicht mit reißverschlussmund|geheimnis|gesicht|halten|mund|reißverschluss|schweigen|smiley|wahren
🤑	gesicht mit dollarzeichen|dollar|dollarzeichen|geld|gesicht|mund|smiley|zunge
🤒	gesicht mit fieberthermometer|fieber|gesicht|krank|messen|smiley|thermometer
🤓	strebergesicht|brille|gesicht|intelligent|klug|nerd|schlau|schlaumeier|smart|smiley|streber
🤔	nachdenkendes gesicht|fragen|gesicht|grübeln|hm|komisch|nachdenken|nachdenklich|smiley|wundern
🤕	gesicht mit kopfverband|aua|autsch|gesicht|kopf|schmerzen|smiley|verband|verletzung
🤖	roboter|gesicht|monster|robotergesicht|roboterkopf
🤗	gesicht mit umarmenden händen|drücken|gesicht|hände|smiley|umarmen|umarmung
🤘	teufelsgruß|corna|finger|hand|heavy|hörner|mano cornuta|metal|metalhand|pommesgabel|rock|teufel|yeah
🤙	ruf-mich-an-handzeichen|anruf|anrufen|hand|ruf|shaka
🤚	erhobene hand von hinten|erhoben|erhobener handrücken|hand
🤛	faust nach links|faust|hand|nach links
🤜	faust nach rechts|faust|hand|nach rechts
🤝	handschlag|hände|händeschütteln|vereinbarung
🤞	hand mit gekreuzten fingern|finger|gekreuzt|hand
🤟	ich-liebe-dich-geste|drei|finger|geste|hand|hdl|liebe
🤠	gesicht mit cowboyhut|cowboy|cowboyhut|cowgirl|gesicht|hut|smiley
🤡	clown-gesicht|clown|gesicht
🤢	würgendes gesicht|ekel|eklig|erbrechen|gesicht|grün|igitt|smiley|übelkeit|übergeben|widerlich|würgen
🤣	sich vor lachen auf dem boden wälzen|boden|gesicht|haha|hehe|lachen|lol|lustig|muahaha|rofl|smiley|tränen|wälzen|witzig
🤤	sabberndes gesicht|gesicht|sabbern|smiley
🤥	lügendes gesicht|gesicht|lüge|nase|pinocchio|schwindel
🤦	sich an den kopf fassende person|fassen|frustriert|genervt|gesicht|kopf|oh nein|omg|person|unfassbar|unglaublich|verzweifelt
🤦‍♀	sich an den kopf fassende frau|fassen|frau|frustriert|genervt|gesicht|kopf|oh nein|omg|unfassbar|unglaublich|verzweifelt
🤦‍♂	sich an den kopf fassender mann|fassen|frustriert|genervt|gesicht|kopf|mann|oh nein|omg|unfassbar|unglaublich|verzweifelt
🤧	niesendes gesicht|erkältet|erkältung|gesicht|gesundheit|grippe|hatschi|krank|nase|niesen|putzen|smiley|taschentuch
🤨	gesicht mit hochgezogenen augenbrauen|argwöhnisch|augenbrauen|gesicht|hochgezogen|misstrauen|skeptisch|smiley|stutzig|zweifel
🤩	überwältigt|aufgeregt|augen|gesicht|grinsen|smiley|star|stern|wow
🤪	irres gesicht|auge|augen|gesicht|groß|irre|klein|smiley|verrückt
🤫	ermahnendes gesicht|ermahnen|finger|gesicht|leise|psst|pst|ruhe|ruhig|sch|smiley
🤬	gesicht mit symbolen über dem mund|ärger|ärgern|fluchen|gesicht|mund|schimpfen|schimpfwort|smiley|symbole|verdammt|wut|wütend|zensur
🤭	verlegen kicherndes gesicht|gesicht|haha|hand|hihi|huch|kichern|lachen|mund|rot|smiley|verlegen|wangen
🤮	kotzendes gesicht|brechen|erbrechen|gesicht|kotzen|krank|schlecht|smiley|speien|spucken|übel|übergeben
🤯	explodierender kopf|entsetzt|explodieren|geschockt|gesicht|kopf|schock|schockiert|smiley|überwältigt|unglaublich
🤰	schwangere frau|frau|schwanger
🤱	stillen|baby|brust|frau|person
🤲	handflächen nach oben|beten|gebet|hand|hände|nach oben|zusammen
🤳	selfie|smartphone
🤴	prinz|krone
🤵	person im smoking|anzug|bräutigam|formell|mann|person|smoking|vornehm
🤵‍♀	frau im smoking|frau|smoking
🤵‍♂	mann im smoking|mann|smoking
🤶	weihnachtsfrau|weihnachten
🤷	schulterzuckende person|egal|gleichgültig|keine ahnung|person|schultern zucken|schulterzuckend|weiß nicht|zweifel
🤷‍♀	schulterzuckende frau|egal|frau|gleichgültig|keine ahnung|schultern zucken|schulterzuckend|weiß nicht|zweifel
🤷‍♂	schulterzuckender mann|egal|gleichgültig|keine ahnung|mann|schultern zucken|schulterzuckend|weiß nicht|zweifel
🤸	rad schlagende person|akrobatik|bodenturnen|gymnastik|person|rad|rad schlagen|radschlag|sport|turner|turnerin
🤸‍♀	rad schlagende frau|akrobatik|bodenturnen|frau|gymnastik|person|rad|rad schlagen|radschlag|sport|turnerin
🤸‍♂	rad schlagender mann|akrobatik|bodenturnen|gymnastik|mann|person|rad|rad schlagen|radschlag|sport|turner
🤹	jongleur(in)|artist|artistin|geschickt|jongleur|jongleurin|jongleuse|jonglieren|multitasking|person|zirkus
🤹‍♀	jongleurin|frau|geschickt|jonglieren|multitasking
🤹‍♂	jongleur|artist|entertainer|geschickt|jonglieren|mann|multitasking|person|unterhalter|zirkus
🤺	fechter(in)|fechten|fechter|schwert|sport
🤼	ringer(in)|catchen|catcher|person|ringen|ringer|ringkampf|sport|sportler|wrestler|wrestling
🤼‍♀	ringende frauen|catchen|catcherin|person|ringen|ringer|ringerin|ringkampf|sport|wrestlerin|wrestling
🤼‍♂	ringende männer|catchen|catcher|männer|ringen|ringer|ringkampf|sport|wrestler|wrestling
🤽	wasserballspieler(in)|person|schwimmsport|sport|sportler|sportlerin|wasser|wasserball|wasserballspieler|wasserballspielerin|wassersport
🤽‍♀	wasserballspielerin|ballspiele|frau|person|schwimmsport|sport|sportlerin|wasser|wasserball|wassersport
🤽‍♂	wasserballspieler|mann|person|schwimmsport|sport|sportler|wasser|wasserball|wassersport
🤾	handballspieler(in)|handball|handballer|handballerin|handballspieler|handballspielerin|person|schleudern|sport|sportler|werfen
🤾‍♀	handballspielerin|frau|handball|handballerin|person|schleudern|sport|sportlerin|werfen
🤾‍♂	handballspieler|handball|mann|sport
🤿	tauchmaske|schnorcheln|schwimmen|sport|sporttauchen|tauchen
🥀	welke blume|am sterben|blume|sterbend|verwelkt|welk|welkende blume
🥁	trommel|drumsticks|instrument|musik|schlägel|sticks|trommelstöcke
🥂	sektgläser|anstoßen|feier|feiern|getränk|gläser|prost|sekt
🥃	trinkglas|bar|schnaps|whiskey
🥄	löffel|besteck
🥅	tor|fußball|netz|sport
🥇	goldmedaille|erster|gewinn|medaille 1. platz
🥈	silbermedaille|medaille 2. platz|zweiter
🥉	bronzemedaille|dritter|medaille 3. platz
🥊	boxhandschuh|boxen|handschuh|sport
🥋	kampfsportanzug|judo|kampfkunst|kampfsport|karate|taekwondo
🥌	curlingstein|spiel|sport|stein
🥍	lacrosse|ball|schläger|sport|stick|stock|tor
🥎	softball|ball|baseball|handschuh|sport|unterarm|werfen
🥏	frisbee|disc|disk|fliegende untertasse|scheibe|ultimate
🥐	croissant|corissant|französisch|frühstück|frühstückshörnchen
🥑	avocado|essen|frucht
🥒	gurke|essen|gemüse|scheiben
🥓	bacon|essen|frühstücksspeck|speck|speckstreifen
🥔	kartoffel|essen|gemüse
🥕	karotte|gemüse|möhre|mohrrübe
🥖	baguette|brot|französisch|frühstück
🥗	salat|blattgemüse|essen|gesund|grün
🥘	pfannengericht|essen|paella|reispfanne
🥙	döner|döner kebab|falafel|wrap
🥚	ei|frühstück|frühstücksei
🥛	glas milch|getränk|glas|milch|trinken
🥜	erdnuss|essen
🥝	kiwi|frucht|obst
🥞	pfannkuchen|crepe|eierpfannkuchen|essen
🥟	teigtasche|chinesische teigtasche|dumpling|empanada|essen|gyōza|jiaozi|kloß|pierogi|potsticker
🥠	glückskeks|essen|prophezeiung
🥡	takeaway-schachtel|chinesisches essen|essen|stäbchen|takeaway-box
🥢	essstäbchen|chinesisches essen|essen|hashi|japanisches essen|stäbchen
🥣	schüssel mit löffel|brei|cerealien|essen|frühstück|haferbrei|reisbrei|schüssel|suppe
🥤	becher mit strohhalm|becher|brause|erfrischung|saft|selters|soda|strohhalm|trinken|trinkhalm|wasser
🥥	kokosnuss|colada|essen|frucht|palme|piña
🥦	brokkoli|broccoli|essen|gemüse|gemüsekohl|kohl
🥧	kuchen|essen|füllung|gebäck|pastete|torte
🥨	brezel|brezen|brezn|essen|gedreht|oktoberfest
🥩	fleischstück|essen|fleisch|kotelett|lammkotelett|rot|schnitzel|schweinekotelett|steak
🥪	sandwich|brot|essen
🥫	konserve|büchse|dose|essen
🥬	blattgemüse|blattgrün|essen|gemüse|grünkohl|grünzeug|kohl|kraut|mangold|pak choi|pok choi|salat|salatblatt|spinat
🥭	mango|essen|frucht|früchte|obst|shaker|tropisch
🥮	mondkuchen|essen|fest|festival|herbst|kuchen|mondfest|pinyin|yuebing
🥯	bagel|bäckerei|backwaren|brötchen|essen|frühstück|pausenbrot
🥰	lächelndes gesicht mit herzen|3|anhimmeln|bewundern|gesicht|hdgdl|hdl|herzchen|herzen|lächeln|lieb|liebe|smiley|verknallt|verliebt|verzückt
🥱	gähnendes gesicht|gähnen|gähnend|gelangweilt|gesicht|langweilig|müde|öde|schnarch|smiley|zzz
🥲	lachendes gesicht mit träne|berührt|dankbar|erleichtert|freudenträne|gerührt|gesicht|lächeln|smiley|stolz|träne
🥳	partygesicht|aufgeregt|feier|fest|fröhlich|geburtstag|gesicht|glückwunsch|hurra|hut|party|smiley|überraschung
🥴	schwindeliges gesicht|angeheitert|angeschwipst|angetrunken|benebelt|berauscht|beschwipst|betrunken|gewellt|mund|schwindelig|schwindlig|smiley
🥵	schwitzendes gesicht|erhitzt|fieber|fiebrig|gesicht|heiß|herausstrecken|hitze|hitzschlag|rot|schnaufen|schwitzen|smiley|zunge
🥶	frierendes gesicht|bibbern|blau|eisig|erfrieren|frieren|frösteln|frostig|gesicht|kalt|smiley|unter null|zähne|zähneklappern|zittern
🥷	ninja|ausdauer|geheimmission|kämpfer|killer|krieger|kunoichi|mörder|person|shinobi|soldat|vermummt
🥸	verkleidet|brille|gesicht|incognito|inkognito|maske|nase|nasenbrille|person|smiley|spionieren|verdeckt|verkleidung
🥹	gesicht, das tränen zurückhält|aufgebracht|dankbar|freude|freudentränen|gerührt|gesicht|rührung|smiley|stolz|tränen|weinen|zurückhalten
🥺	bettelndes gesicht|anflehen|augen|betteln|bettelnd|bitte|bitten|flehend|gesicht|groß|kulleraugen|smiley|traurig|welpenaugen
🥻	sari|kleid|kleidung
🥼	laborkittel|arzt|arztkittel|doc|doktor|experiment|kleidung|kleidungsstück|labormantel|weiße jacke|weißer mantel|wissenschaftler
🥽	schutzbrille|augenschutz|brille|schweißen|schweißerbrille|schwimmen|tauchen|taucherbrille
🥾	wanderstiefel|brauner schuh|campen|camping|kleidungsstück|outdoor|rucksacktour|schuh|stiefel|wandern|wanderung
🥿	flacher schuh|ballerina|ballet-pumps|bequem|frauenschuh|kleidungsstück|schuh|slipper
🦀	krebs|krabbe|meer|sternzeichen|strand|tierkreis
🦁	löwe|gesicht|löwengesicht|sternzeichen|tier|tierkreis
🦂	skorpion|horoskop|sternzeichen|tierkreis
🦃	truthahn|geflügel|pute|thanksgiving
🦄	einhorn|einhorngesicht|gesicht
🦅	adler|tier|vogel
🦆	ente|tier|vogel
🦇	fledermaus|tier|vampir
🦈	hai|fisch|haifisch|meer|tier
🦉	eule|raubvogel|tier|uhu|vogel|weise
🦊	fuchs|fuchsgesicht|gesicht|tier
🦋	schmetterling|insekt|schön
🦌	hirsch|gesicht|tier
🦍	gorilla|affe|gesicht|tier
🦎	eidechse|reptil
🦏	nashorn|rhinozeros|tier
🦐	garnele|gourmet|krustentier|meeresfrucht|shrimp
🦑	tintenfisch|kalmar|tier
🦒	giraffe|flecken|tier
🦓	zebra|streifen|tier
🦔	igel|stachelig|stacheln|tier
🦕	sauropode|brachiosaurus|brontosaurus|dino|dinosaurier|diplodocus|saurier
🦖	t-rex|dino|dinosaurier|saurier|tree|tyrannosaurus rex
🦗	grille|grashüpfer|heuschrecke|insekt|tier|zikade
🦘	känguru|australien|beuteltier|down under|hüpfen|quokka|skippy|springen|tier|wallaby
🦙	lama|alpaca|alpaka|anden|kamel|tier|vicuña|wolle
🦚	pfau|bunt|stolz|stolzieren|tier|vogel
🦛	nilpferd|flusspferd|hippo|tier
🦜	papagei|ausplaudern|pirat|plappern|sprechen|tier|vogel|wiederholen
🦝	waschbär|klug|neugierig|schlau|tier
🦞	hummer|lobster|meeresfrucht|meeresfrüchte|meerestier|scheren|tier
🦟	mücke|biss|fieber|insekt|insektenbiss|insektenstich|krankheit|malaria|moskito|schnake|stechmücke|stich|tier|virus
🦠	mikrobe|amöbe|amöben|bakterie|bakterien|einzeller|medizin|virus|wissenschaft
🦡	dachs|dachse|frechdachs|honigdachs|ratel|tier
🦢	schwan|hässliches entlein|tier|vogel
🦣	mammut|aussterben|groß|natur|stoßzahn|tier|wollig
🦤	dodo|aussterben|dronte|groß|mauritius|natur|tier|vogel
🦥	faultier|faul|langsam|tier|träge
🦦	otter|fischen|tier|verspielt
🦧	orang-utan|affe|tier
🦨	stinktier|skunk|stinken|tier
🦩	flamingo|bunt|farbenfroh|rosa|tier|tropen|tropisch|vogel
🦪	auster|meer|muschel|perle|tauchen|tier
🦫	biber|biberschwanz|biberzahn|damm|natur|otter|tier
🦬	bison|büffel|herde|ochse|tier|wisent
🦭	seehund|meer|ozean|robbe|seelöwe|tier
🦮	blindenhund|barrierefreiheit|behinderung|blind|hund|sehbehindert|tier
🦯	blindenstock|barrierefreiheit|behinderung|blind|gehstock
🦰	rotes haar|rote haare|rothaarig|rotschopf
🦱	lockiges haar|afro|lockenkopf|lockig
🦲	glatze|chemo|haarlos|kein haar|rasiert
🦳	weißes haar|grau|graues haar|grauhaarig|weißhaarig
🦴	knochen|hund|hundeknochen|kauknochen|skelett
🦵	bein|extremität|fuß|gebeugtes knie|gliedmaße|knie|körperglied|körperteil|treten|tritt
🦶	fuß|füße|kick|knöchel|körperteil|stampfen|treten|tritt
🦷	zahn|perlweiß|weiß|zahnarzt|zahnärztin|zähne
🦸	superheld(in)|held|person|superheld|superheldin|superkraft|superkräfte|superman|übermensch|umhang
🦸‍♀	heldin|superheldin
🦸‍♂	superheld|held
🦹	bösewicht|böse|bösewichtin|krimineller|person|schurke|schurkin|superkräfte|superschurke|superschurkin|verbrecher
🦹‍♀	weiblicher bösewicht|böse|bösewicht
🦹‍♂	männlicher bösewicht|böse|bösewicht
🦺	sicherheitsweste|kleidung|notfall|sicherheit|weste
🦻	ohr mit hörgerät|barrierefreiheit|gehörlos|hilfsgerät|hörgerät|hörhilfe|ohr|schwerhörig|taub
🦼	elektrischer rollstuhl|barrierefreiheit|behinderung|rollstuhl
🦽	manueller rollstuhl|barrierefreiheit|behinderung|rollstuhl
🦾	armprothese|arm|barrierefreiheit|prothese
🦿	beinprothese|barrierefreiheit|bein|prothese
🧀	käsestück|käse
🧁	cupcake|bäckerei|dessert|essen|gebäck|kalorienbombe|konditorei|muffin|nachspeise|streusel|süß|zucker
🧂	salz|gesalzen|geschmack|gewürz|salzig|salzstreuer|würze|zutat
🧃	trinkpäckchen|fruchtsaft|getränk|obstsaft|saft|saftpackung
🧄	knoblauch|essen|geschmack|lebensmittel|nahrung|würze|zutat
🧅	zwiebel|essen|geschmack|gewürz|lebensmittel|nahrung|würze
🧆	falafel|bällchen|essen|fleischbällchen|kichererbsen|lebensmittel|nahrung
🧇	waffel|essen|lebensmittel|nahrung|waffel mit butter
🧈	butter|essen|lebensmittel|milchprodukt|nahrung
🧉	mate-tee|getränk|tee
🧊	eiswürfel|eisberg|gefroren|kalt|kühlen|würfel
🧋	bubble tea|blase|essen|getränk|lebensmittel|milch|perle|taiwan|tee
🧌	troll|fantasy|gruslig|kobold|märchen|monster|ork|ungeheuer
🧍	stehende person|mensch|person|stand|stehen
🧍‍♀	stehende frau|frau|stehen
🧍‍♂	stehender mann|mann|stehen
🧎	kniende person|fersensitz|knien|kniend|meditation|meditieren|mensch|person|seiza|zazen
🧎‍♀	kniende frau|frau|kniend
🧎‍♂	kniender mann|kniend|mann
🧏	gehörlose person|barrierefreiheit|gehörlos|hören|ohr|person|schwerhörig|taub
🧏‍♀	gehörlose frau|frau|gehörlos|taub
🧏‍♂	gehörloser mann|gehörlos|mann|taub
🧐	gesicht mit monokel|elegant|gesicht|monokel|reich|smiley
🧑	person|erwachsen|erwachsene person|mensch
🧑‍⚕	arzt/ärztin|arztkittel|doktor(in)
🧑‍⚖	richter(in)|waage
🧑‍✈	pilot(in)|flugzeug
🧑‍🌾	bauer/bäuerin|farmer(in)|gärtner(in)|landwirt(in)
🧑‍🍳	koch/köchin|kochen
🧑‍🍼	person, die baby die flasche gibt|baby|flasche geben|flasche gebende person|person
🧑‍🎄	weihnachtsperson|gesicht|gesicht mit hut|person|santa claus|weihnachten|weihnachtsfrau|weihnachtshut|weihnachtsmann|weihnachtsmütze
🧑‍🎓	student(in)|absolvent(in)|doktorhut|uni
🧑‍🎤	sänger(in)|entertainer(in)|rock|star
🧑‍🎨	künstler(in)|farbpalette|maler(in)
🧑‍🏫	lehrer(in)|dozent(in)|professor(in)
🧑‍🏭	fabrikarbeiter(in)|arbeiter(in)|fabrik|industriell|montage
🧑‍💻	it-experte/it-expertin|bildschirm|computer|entwickler(in)
🧑‍💼	büroangestellte(r)|architekt(in)|business|manager(in)|schlips und kragen
🧑‍🔧	mechaniker(in)|elektriker(in)|klempner(in)
🧑‍🔬	wissenschaftler(in)|forscher(in)|labor
🧑‍🚀	astronaut(in)|raumfahrt|weltraum
🧑‍🚒	feuerwehrmann/-frau|feuerwehrhelm
🧑‍🤝‍🧑	sich an den händen haltende personen|händchen halten|hände|hände halten|menschen|paar|pärchen|personen
🧑‍🦯	person mit langstock|barrierefreiheit|blind|person mit blindenstock
🧑‍🦼	person in elektrischem rollstuhl|barrierefreiheit|rollstuhl
🧑‍🦽	person in manuellem rollstuhl|barrierefreiheit|rollstuhl
🧑‍🧑‍🧒	familie: 2 erwachsene, 1 kind|erwachsene|erwachsener|familie|kind
🧑‍🧑‍🧒‍🧒	familie: 2 erwachsene, 2 kinder|erwachsene|erwachsener|familie|kind
🧑‍🧒	familie: 1 erwachsene(r), 1 kind|erwachsene|erwachsener|familie|kind
🧑‍🧒‍🧒	familie: 1 erwachsene(r), 2 kinder|erwachsene|erwachsener|familie|kind
🧑‍🩰	balletttänzerin|ballett|tänzerin
🧒	kind|enkelkind|jung|jünger|munter|strahlend
🧓	ältere person|alt|älter|erwachsen|großeltern|mensch|person|weise
🧔	person: bart|bart|bärtig|person|schnurrbart
🧔‍♀	frau: bart|bart|frau|frau mit bart
🧔‍♂	mann: bart|bart|mann|mann mit bart
🧕	frau mit kopftuch|frau|hidschab|hijab|kopftuch|mantilla|person|tichel|tuch
🧖	person in dampfsauna|abschalten|dampfbad|dampfsauna|entspannen|frau|luxuriös|person|relaxen|sauna|spa
🧖‍♀	frau in dampfsauna|dampfsauna|sauna
🧖‍♂	mann in dampfsauna|dampfsauna|sauna
🧗	bergsteiger(in)|bergsteiger|fels|kletterer|klettern|person|sport
🧗‍♀	bergsteigerin|bergsteiger
🧗‍♂	bergsteiger
🧘	person im lotossitz|burmesischer sitz|frau|lotussitz|meditation|person|person in lotussitz|schneidersitz|yoga|zen
🧘‍♀	frau im lotossitz|meditation|yoga
🧘‍♂	mann im lotossitz|meditation|yoga
🧙	magier(in)|hexe|hexenmeister|magier|magiker|person|zauberer|zauberin|zaubern|zauberspruch|zauberstab
🧙‍♀	magierin|hexe|zauberin
🧙‍♂	magier|hexenmeister|zauberer
🧚	märchenfee|elf|elfe|fantasy|fee|flügel|geflügelt|märchen|mystisch|person|wesen
🧚‍♀	fee|titania
🧚‍♂	männliche fee|oberon|puck|zauberer
🧛	vampir|blutsauger|dracula|halloween|person|reißzähne|untot|untoter|zähne
🧛‍♀	weiblicher vampir|untoter
🧛‍♂	männlicher vampir|dracula|untoter
🧜	wassermensch|märchen|meerjungfrau|meermann|nixe|person|sirene|wasserfrau|wassermann
🧜‍♀	meerjungfrau|nixe|wasserfrau
🧜‍♂	wassermann|triton
🧝	elf(e)|elbe|elben|elbin|elf|elfe|fantasy|herr der ringe|magie|magisch|person
🧝‍♀	elfe|elbin|magisch
🧝‍♂	elf|alb|elbe|magisch
🧞	flaschengeist|aladdin|aladin|dschinn|lampe|person|wunderlampe|wünsche
🧞‍♀	weiblicher flaschengeist|dschinn
🧞‍♂	männlicher flaschengeist|dschinn
🧟	zombie|apokalypse|halloween|horror|person|untot|untoter|walking dead|wandelnder toter
🧟‍♀	weiblicher zombie|untote|wandelnde tote
🧟‍♂	männlicher zombie|untoter|wandelnder toter
🧠	gehirn|hirn|intelligent|intelligenz|klug|schlau
🧡	oranges herz|herz|liebe|orange
🧢	baseballmütze|baseball|baseball-kappe|baseball-mütze|baseballkappe|mütze|schirmkappe
🧣	schal|hals|kalt|kleidung|warm anziehen
🧤	handschuhe|hand|handschuh
🧥	mantel|brr|jacke|kalt|kleidung|warm anziehen
🧦	socken|strumpf|strümpfe
🧧	roter umschlag|geld|geschenk|glück|hong bao|hongbao
🧨	feuerwerkskörper|dynamit|explosion|explosiv|feuer|feuerwerk|funken|knall|knallen|knaller|kracher|silvester|sprengen|sprengstoff|zündstoff
🧩	puzzleteil|bestandteile|hinweise|hobby|passen|puzzeln|puzzle|puzzlestück|puzzleteile|spiel|teile|zusammenpassen|zusammensetzen
🧪	reagenzglas|chemie|chemikalie|chemiker|experiment|labor|substanz|versuche|wissenschaft
🧫	petrischale|bakterien|bakterienkultur|biologe|biologie|biologin|kultur|labor|pipette|probe
🧬	dna|biologe|biologie|biologin|dns|evolution|gen|genetik|genmanipulation|leben
🧭	kompass|himmelsrichtung|magnetisch|navigation|orientierung|richtung|windrose
🧮	abakus|abaki|abakusse|berechnung|kalkulation|mathe|mathematik|rechenhilfe|rechenrahmen|rechenschieber|rechnen|zählen|zählrahmen
🧯	feuerlöscher|feuer|löschen
🧰	werkzeugkasten|box|handkasten|kasten|kiste|mechaniker|rote kiste|werkzeug|werkzeugkiste|werkzeugkoffer
🧱	ziegelstein|bauen|grenze|klinker|mauer|mauerwerk|mörtel|wand|ziegel|ziegelsteine|zugemauert
🧲	magnet|anziehung|anziehungskraft|hufeisen|magnetisch|pole|positiv negativ|u-form
🧳	gepäck|ballast|hartschalenkoffer|koffer|reise|trolley-tasche
🧴	creme|feuchtigkeitscreme|feuchtigkeitsmilch|haarwaschmittel|körpercreme|lotion|nachtcreme|shampoo|sonnencreme
🧵	faden|nadel|nähen|nähfaden|nähgarn|rolle|spule|zwirn
🧶	wollknäuel|ball|garn|häkeln|spinnen|stricken|wolle|zwirn
🧷	sicherheitsnadel|punk|windel
🧸	teddybär|bär|kuscheltier|plüschteddy|plüschtier|spielwaren|spielzeug|stoffbär|stofftier|teddy
🧹	besen|fegen|hexe|hexenbesen|kehren|reinigen|sauber machen|säubern
🧺	korb|bauernhof|landwirtschaft|picknick|tragekorb|wäsche|wäschekorb
🧻	küchenrolle|hygiene|klopapier|papierrolle|papiertücher|toilette|toilettenpapier|wc|wc-papier
🧼	seife|baden|putzen|reinigen|riegel|sauber|sauber machen|säubern|schaum|schäumen|seifenschale|seifenstück
🧽	schwamm|absorbieren|aufsaugen|löchrig|porös|putzen|putzmittel|reinigen|sauber machen|schaum|schäumen
🧾	beleg|abrechnung|aufstellung|blatt|buchhalter|buchhaltung|quittung|rechnung|rechnungswesen|schriftstück
🧿	nazar-amulett|amulett|blau|böser blick|glasperle|glücksbringer|kügelchen|nazar|perle|talisman
🩰	ballettschuhe|ballett|kleidung|schuhe|tanz
🩱	einteiliger badeanzug|badeanzug|kleidung
🩲	slip|badeanzug|einteiler|kleidung|unterwäsche
🩳	shorts|badebekleidung|badehose|boxershorts|kleidung|schwimmshorts
🩴	zehensandale|badelatschen|flipflops|latschen|sandalen|schuh|strandschuh|zehensandalen
🩵	hellblaues herz|aquamarin|emotion|gefallen|gefällt|gefühl|hdl|hellblau|herz|liebe|mag|mögen|niedlich|süß|türkis|zyan
🩶	graues herz|emotion|grau|hdl|herz|liebe|schieferfarben|silber|silberfarben
🩷	pinkes herz|gefallen|gefällt|gefühl|herz|liebe|mag|mögen|niedlich|pink|rosa|süß|verliebt
🩸	blutstropfen|blutspende|flüssigkeit|medizin|menstruation
🩹	heftpflaster|pflaster|verletzt|wunde
🩺	stethoskop|abhören|arzt|doktor|herz|herzschlag|medizin|untersuchung
🩻	röntgenbild|durchleuchten|knochen|medizin|radiologie|rippen|röntgen|röntgenstrahlen|skelett
🩼	krücke|behinderung|beinverletzung|fußverletzung|gehhilfe|gehstütze|hilfe|schmerzen|stock|verletzt|verletzung
🪀	jo-jo|spielzeug|yo-yo
🪁	drachen|fliegen|hochfliegen|steigen|wind
🪂	fallschirm|fallschirmspringen|paragliding|skydiving|sport
🪃	bumerang|aborigines|australien|boomerang|schleuder|waffe|werfen
🪄	zauberstab|abrakadabra|hexe|hexer|magie|magisch|wunder|zauberei|zauberer|zauberin|zaubern
🪅	piñata|feier|hau drauf|mexikanisch|mexiko|objekt|party|pinada|pinata|süß|süßigkeiten
🪆	matroschka|babuschka|matrioschka|matrjoschka|puppe|russland|spielzeug
🪇	maracas|cha-cha-cha|instrument|musik|musikinstrument|musizieren|party|percussion|rassel|rasseln|tanz|tanzen
🪈	flöte|band|blaskapelle|holzblasinstrument|instrument|musik|musikinstrument|musizieren|orchester|spielmannszug
🪉	harfe|amor|cupido|instrument|liebe|musik|orchester
🪊	posaune|blasinstrument|blechbläser|blechblasinstrument|instrument|jazz|musik|schieben|traurig|ziehen
🪎	schatztruhe|beute|edelstein|geld|gold|juwelen|preis|reichtum|silber|wertgegenstände
🪏	schaufel|graben|loch|schippe|spaten
🪐	ringplanet|gasplanet|himmelskörper|planet|saturn
🪑	stuhl|holzstuhl|möbel|sitzen
🪒	rasierer|klinge|rasieren|rasiermesser|scharf
🪓	axt|beil|hacken|holz|spalten|werkzeug
🪔	öllampe|diya|lampe|öl
🪕	banjo|instrument|musik|saiteninstrument|zupfinstrument
🪖	militärhelm|armee|heer|helm|kämpfer|kämpferin|krieg|militär|schutzhelm|soldat|soldatin
🪗	akkordeon|akkordeons|concertina|harmonika|instrument|musik|musikinstrument|quetschkommode|quetschkommoden|schifferklavier|spielen|ziehharmonika|ziehharmonikas
🪘	afrikanische trommel|conga|handtrommel|instrument|musikinstrument|rhythmus|trommel|trommeln
🪙	münze|bezahlen|dollar|euro|geld|gold|goldesel|metall|reich|schatz|silber|sparen
🪚	handsäge|holz|säge|sägen|tischler|trimmen|werkzeug
🪛	schraubenzieher|schraube|schrauben|schraubendreher|werkzeug
🪜	leiter|hochsteigen|holzleiter|klettern|sprosse|stufe
🪝	haken|angelhaken|aufhaken|aufhängen|einhaken|hängen|metallhaken
🪞	spiegel|holzspiegel|reflexion|spiegelbild|wandspiegel
🪟	fenster|aussicht|durchsichtig|fensterrahmen|frische luft|glas|haus|lüften|öffnung|rahmen
🪠	saugglocke|abfluss|gummiglocke|klempner|klo|pömpel|pümpel|sanitär|saugglocken|toilette|verstopft|wc|werkzeug
🪡	nähnadel|einfädeln|faden|nadel|nadel und faden|nähen|nähte|schneidern|stiche|sticken
🪢	knoten|achterknoten|binden|schnur|schnürsenkel|seemansknoten|segelboot|segeln|seil|verknoten|zusammendrehen
🪣	eimer|behälter|bottich|kübel|wassereimer
🪤	mausefalle|anlocken|falle|käse|maus|mäusefalle
🪥	zahnbürste|badezimmer|bürste|körperpflege|mundhygiene|putzen|sauber|zähne|zahnhygiene
🪦	grabstein|friedhof|grab|rip|tot
🪧	protestschild|ankündigung|bekanntmachung|demonstration|hinweis|mahnwache|plakat|protest|schild
🪨	felsen|felsig|hart|natur|schwer|stein|steinig
🪩	discokugel|disco|lichtreflexe|party|spiegel|spiegelkugel|tanz|tanzen
🪪	ausweis|dokument|führerschein|karte|pass|personalausweis|plakette|reisepass
🪫	schwache batterie|akku|akku fast leer|akku leer|aufladen|batterie|batterie fast leer|batterie leer|elektronik|ladestand|niedriger akkustand|schwacher akku
🪬	hamsa|amulett|auge in offener hand|fatima|glückssymbol|hand|jüdisch|maria|muslimisch|schutz
🪭	faltfächer|abkühlung|fächer|flirten|heiß|kühlen|luft zufächeln|schüchtern|spanisch|tanz|warm
🪮	haarkamm|afro|afro pick|haare|kamm|kämmen
🪯	khanda|deg tegh fateh|glaube|khalsa|khanda-emblem|religion|schwert|sikh|sikhismus
🪰	fliege|fliegen|insekt|krankheit|made|mücke|plage|schmeißfliege|tier|verwesen
🪱	wurm|insekt|natur|parasit|regenwurm|ringelwurm|tier
🪲	käfer|insekt|krabbeltier|minzkäfer|tier|wanze
🪳	kakerlake|insekt|käfer|krabbeln|krabbeltier|küchenschabe|la cucaracha|schabe|tier
🪴	topfpflanze|dekor|grünpflanze|haus|pflanze|pflegen|wachsen|zimmerpflanze
🪵	holz|baumstamm|feuerholz|holzig|holzscheite|lagerfeuer
🪶	feder|federleicht|federn|fliegen|gefieder|leicht|vogelfeder
🪷	lotusblüte|blume|buddhismus|erleuchtung|gleichmut|hinduismus|liebe|lotosblume|pflanze|reinheit|ruhe|schönheit
🪸	koralle|great barrier reef|klimawandel|korallenriff|meer|ozean|riff|tier
🪹	leeres nest|heim|nest|nestbau|nisten|vogelnest|zuhause
🪺	nest mit eiern|heim|nest|nest mit blauen eiern|nestbau|nisten|vogelnest|zuhause
🪻	hyazinthe|blaue wiesenlupine|blühen|blume|blüte|frühling|lavendel|lila|löwenmaul|lupine|pflanze|violett
🪼	qualle|autsch|brennen|gallert|glibber|meer|meeresbewohner|meerestier|nesseltier|ozean|tentakeln
🪽	flügel|engel|engelsflügel|federn|fliegen|flug|himmlisch|mythologie|vogel
🪾	kahler baum|dürr|kahl|karg|trocken|winter
🪿	gans|blöd|dumm|dumme gans|gänserich|ganter|geflügel|schnattern|tier|vogel
🫀	herz (organ)|anatomie|herz|herzschlag|körper|körperteil|mensch|organ|puls|schlagen
🫁	lunge|atem|atmen|ausatmen|einatmen|körper|körperteil|lungenflügel|mensch|organ
🫂	sich umarmende personen|abschied|danke|drücken|drücker|freundschaft|hallo|liebe|tschüss|umarmung
🫃	schwangerer mann|aufgebläht|bauch|dick|person|schwanger|überfressen|zu viel gegessen
🫄	schwangere person|aufgebläht|bauch|dick|dicker bauch|person|schwanger|schwangerschaft|überfressen|zu viel gegessen
🫅	person mit krone|adelig|könig|königin|königlich|königliche hoheit|krönung|monarch|monarchin|person|prinz|prinzessin
🫆	fingerabdruck|forensik|identität|sicherheit
🫈	haariges wesen|bigfoot|fabelwesen|gigant|haarig|kryptid|riese|sasquatch|wald|wilder mann|woodwose|yeti
🫍	orca|meer|meeressäuger|meerestier|orka|ozean|wal
🫎	elch|geweih|säugetier|tier
🫏	esel|austreten|dickschädel|dummkopf|maultier|säugetier|störrisch|stur|tier
🫐	blaubeeren|beere|blau|blaubeere|essen|frucht|heidelbeere|heidelbeeren|lebensmittel|nahrung|obst
🫑	paprika|essen|gemüse|gemüsepaprika|grün|lebensmittel|nahrung|peperoni
🫒	olive|essen|grün|lebensmittel|nahrung|olivenöl|olivenzweig|zweig
🫓	fladenbrot|arepa|brot|essen|lavasch|lebensmittel|naan|nahrung|pita
🫔	tamale|burrito|eingewickelt|essen|lebensmittel|mexikanisch|streetfood|wrap
🫕	fondue|essen|geschmolzen|käse|schokolade|schweizerisch|topf
🫖	teekanne|getränk|kanne|lebensmittel|tee|tee brühen|teekrug|trinken
🫗	flüssigkeit ausgießen|ausgießen|ausleeren|getränk|gießen|glas|leer|missgeschick|tropfende flüssigkeit|verschütten
🫘	bohnen|bohne|essen|gemüse|hülsenfrucht|kidney-bohne|kidneybohne|lebensmittel
🫙	einmachglas|einweckglas|essen|gewürzglas|leer|leerer behälter|leeres einweckglas|leeres glas|marmeladeglas|schraubglas
🫚	ingwer|gesund|gewürz|ginger ale|ingwerbier|scharf|wurzel|würzig
🫛	erbsenschote|bohne|edamame|erbse|erbsen|essen|gemüse|hülsenfrucht|hülsenfrüchte|schote
🫜	wurzelgemüse|bete|garten|gemüse|rote bete|rübe|wurzel
🫟	spritzer|farbe|fleck|holi|klecks|tinte
🫠	schmelzendes gesicht|auflösen|beschämt|flüssig|gesicht|hitze|sarkasmus|sarkastisch|schmelzen|schwitzen|smiley|verschwinden
🫡	salutierendes gesicht|aye|gesicht|jawohl|jawoll|militär|ok|respekt|salutieren|smiley|zu befehl
🫢	gesicht mit offenen augen und hand über dem mund|augen|erschrecken|erstaunen|furcht|geschockt|gesicht|hand|mund|offen|omg|schock|smiley|überraschung|unglauben|verlegenheit
🫣	gesicht mit durch die finger linsendem auge|auge|finger|gebannt|gesicht|hervorlugen|linsen|schüchtern|smiley|spähen|starren|verlegen
🫤	gesicht mit schrägem mund|enttäuscht|genervt|gesicht|hmpf|keine ahnung|langweilig|skeptisch|smiley|unsicher|zweifelnd
🫥	gestricheltes gesicht|depressiv|deprimiert|egal|gesicht|gestrichelt|introvertiert|smiley|traurig|unsichtbar|verschwinden|verstecken
🫦	auf lippe beißen|angst|ängstlich|beißen|besorgt|flirten|flirtend|kuss|lippenstift|mund|nervös|sexy|unbehaglich|zähne
🫧	blasen|perlen|reinigen|schaum|schweben|seife|seifenblasen|unter wasser|wasserblasen
🫨	zitterndes doppelgesicht|doppelgesicht|erdbeben|gesicht|omg|panik|schock|smiley|überrascht|verrückt|vibrieren|wow|zittern
🫩	gesicht mit augenringen|augenringe|erschöpft|gesicht|müde|schläfrig|smiley|übermüdet
🫪	verzerrtes gesicht|angst|ängstlich|aufgedunsen|besorgt|panik|panisch|schockiert|überrascht
🫯	kampfwolke|handgemenge|kampf|krawall|prügelei|rauferei|schlägerei|streit|wortgefecht
🫰	hand mit gekreuztem zeigefinger und daumen|daumen|finger|fingerherz|gekreuzt|geld|hand|handgeste|kosten|teuer|zeigefinger
🫱	nach rechts weisende hand|ausgestreckt|ausstrecken|hand|hände|händeschütteln|rechts|reichen|schütteln|weisen
🫲	nach links weisende hand|ausgestreckt|ausstrecken|hand|hände|händeschütteln|links|reichen|schütteln|weisen
🫳	hand mit handfläche nach unten|abweisen|fallen lassen|fallenlassen|hand|handfläche|handgeste|hau ab|unten|verscheuchen|wegscheuchen|wegschicken
🫴	hand mit handfläche nach oben|anbieten|angebot|darbieten|einladen|entgegenstrecken|hand|handfläche|handgeste|kommen|locken|oben|reichen
🫵	auf betrachter zeigender zeigefinger|deuten|du|finger|fingerzeig|hand|handgeste|sie|stupsen|zeigefinger|zeigen
🫶	hände, die herz bilden|<3|finger|geste|hände|händeherz|handgeste|handherz|hdl|herz|liebe
🫷	nach links schiebende hand|drücken|halt|hand|high 5|high five|links|moment|nein|schieben|schluss|stopp|warte mal|warten
🫸	nach rechts schiebende hand|drücken|halt|hand|high 5|high five|moment|nein|rechts|schieben|schluss|stopp|warte mal|warten
