!	exclamation mark|bang|exclamation|mark|point
#	hash sign|hash|hashtag|lb|number|pound|sign
$	dollar|money|peso|usd
%	percent|cent|per|per-cent
&	ampersand|and|et
'	typewriter apostrophe|apostrophe|quote|single|typewriter
)	close parenthesis|bracket|close|paren|parens|parenthesis|round
*	asterisk|star|wildcard
+	plus sign|add|plus|sign
,	comma
-	hyphen-minus|dash|hyphen|minus
.	period|dot|full|stop
/	slash|oblique|solidus|stroke|virgule|whack
0⃣	keycap: 0|0|keycap|zero
1⃣	keycap: 1|1|keycap|one
2⃣	keycap: 2|2|keycap|two
3⃣	keycap: 3|3|keycap|three
4⃣	keycap: 4|4|four|keycap
5⃣	keycap: 5|5|five|keycap
6⃣	keycap: 6|6|keycap|six
7⃣	keycap: 7|7|keycap|seven
8⃣	keycap: 8|8|eight|keycap
9⃣	keycap: 9|9|keycap|nine
:	colon
;	semicolon|semi-colon
<	less-than|less|open|tag|than
=	equal|equals
>	greater-than|close|greater|tag|than
?	question mark|mark|question
@	at-sign|ampersat|arobase|arroba|at|commercial|mark|sign|strudel
[	open square bracket|bracket|crotchet|open|square
\	backslash|reverse|solidus|whack
]	close square bracket|bracket|close|crotchet|square
^	circumflex accent|accent|caret|chevron|circumflex|control|hat|pointer|power|sign|wedge|xor
_	low line|dash|line|low|underdash|underline
`	grave accent|accent|grave|tone
{	open curly bracket|brace|bracket|curly|gullwing|open
|	vertical line|bar|line|pike|pipe|sheffer|stick|stroke|vbar|vertical
}	close curly bracket|brace|bracket|close|curly|gullwing
~	tilde
¡	inverted exclamation mark|bang|exclamation|inverted|mark|point
¢	cent
£	pound|currency|egp|gbp
¥	yen|cny|currency|jpy|yuan
§	section|paragraph|part|silcrow
¨	diaeresis|tréma|umlaut
©	copyright|c
«	left guillemet|angle|brackets|carets|chevron|guillemet|left|quote
¬	negation|not
®	registered|r
°	degree|hour|proof
±	plus-minus
²	superscript two|squared|superscript|two
³	superscript three|cubed|superscript|three
´	acute accent|accent|acute|tone
µ	micro sign|measure|micro|sign
¶	paragraph mark|alinea|mark|paragraph|paraph|pilcrow
·	middle dot|dot|interpunct|middle|middot
¹	superscript one|one|superscript
»	right guillemet|angle|brackets|carets|chevron|guillemet|quote|right
¿	inverted question mark|inverted|mark|question
×	multiplication sign|multiplication|multiply|sign|times
÷	division sign|divide|division|obelus|sign
،	arabic comma|arabic|comma
؛	arabic semicolon|arabic|semi-colon|semicolon
؟	arabic question mark|arabic|mark|question
‐	hyphen|dash
–	en dash|dash|en
—	em dash|dash|em
―	horizontal bar|bar|dash|horizontal|line
‘	left apostrophe|apostrophe|left|quote|single|smart
’	right apostrophe|apostrophe|quote|right|single|smart
‚	low right apostrophe|apostrophe|low|quote|right
“	left quotation mark|double|left|mark|quotation|quote|smart
”	right quotation mark|double|mark|quotation|quote|right|smart
„	low right quotation mark|double|low|mark|quotation|quote|right|smart
†	dagger sign|dagger|obelisk|obelus|sign
‡	double dagger sign|dagger|double|obelisk|obelus|sign
•	bullet|dot
…	ellipsis|dots|omission
‧	hyphenation point|dash|hyphen|hyphenation|point
‰	per mille|mil|mille|per|permil|permille
′	prime
″	double prime|double|prime
‴	triple prime|prime|triple
‸	caret
※	reference mark|mark|reference
‼	double exclamation mark|!|!!|bangbang|double|exclamation|mark|punctuation
‽	interrobang|interabang
‾	overline|overstrike|vinculum
⁂	asterism|dinkus|stars
⁄	fraction slash|fraction|slash|stroke|virgule
⁉	exclamation question mark|!|!?|?|exclamation|interrobang|mark|punctuation|question
⁻	superscript minus|minus|superscript
₢	cruzeiro|brb|currency
₣	french franc|currency|franc|french
₤	lira|currency
₥	mill|mil
₨	rupee|currency
₩	won|kpw|krw
€	euro|currency|eur
₰	german penny|currency|german|penny|pfennig
₱	peso
₳	austral|ara|currency
₶	livre tournois|currency|livre|tournois
₷	spesmilo|currency
₹	indian rupee|currency|indian|rupee
₽	ruble|currency
₿	bitcoin|btc
℗	sound recording copyright|copyright|recording|sound
™	trade mark|mark|tm|trade|trademark
ℹ	information|i
←	left-pointing arrow|arrow|left|left-pointing
↑	up-pointing arrow|arrow|up|up-pointing
→	right-pointing arrow|arrow|right|right-pointing
↓	down-pointing arrow|arrow|down|down-pointing
↔	left-right arrow|arrow|left-right
↕	up-down arrow|arrow|up-down
↖	up-left arrow|arrow|direction|intercardinal|northwest|up-left
↗	up-right arrow|arrow|direction|intercardinal|northeast|up-right
↘	down-right arrow|arrow|direction|down-right|intercardinal|southeast
↙	down-left arrow|arrow|direction|down-left|intercardinal|southwest
↚	leftwards arrow stroke|arrow|leftwards|stroke
↛	rightwards arrow stroke|arrow|rightwards|stroke
↜	leftwards wave arrow|arrow|leftwards|wave
↝	rightwards wave arrow|arrow|rightwards|wave
↞	leftwards two headed arrow|arrow|headed|leftwards|two
↟	upwards two headed arrow|arrow|headed|two|upwards
↠	rightwards two headed arrow|arrow|headed|rightwards|two
↡	downwards two headed arrow|arrow|downwards|headed|two
↢	leftwards arrow tail|arrow|leftwards|tail
↣	rightwards arrow tail|arrow|rightwards|tail
↤	leftwards arrow from bar|arrow|bar|from|leftwards
↥	upwards arrow from bar|arrow|bar|from|upwards
↦	rightwards arrow from bar|arrow|bar|from|rightwards
↧	downwards arrow from bar|arrow|bar|downwards|from
↨	up down arrow with base|arrow|base|down|up|with
↩	right arrow curving left|arrow|curving|left|right
↪	left arrow curving right|arrow|curving|left|right
↫	leftwards arrow loop|arrow|leftwards|loop
↬	rightwards arrow loop|arrow|loop|rightwards
↭	left right wave arrow|arrow|left|right|wave
↮	left right arrow stroke|arrow|left|right|stroke
↯	downwards zigzag arrow|arrow|downwards|zigzag
↰	upwards arrow tip leftwards|arrow|leftwards|tip|upwards
↱	upwards arrow tip rightwards|arrow|rightwards|tip|upwards
↲	downwards arrow tip leftwards|arrow|downwards|leftwards|tip
↳	downwards arrow tip rightwards|arrow|downwards|rightwards|tip
↴	rightwards arrow corner downwards|arrow|corner|downwards|rightwards
↵	downwards arrow corner leftwards|arrow|corner|downwards|leftwards
↶	anticlockwise top semicircle arrow|anticlockwise|arrow|semicircle|top
↷	clockwise top semicircle arrow|arrow|clockwise|semicircle|top
↸	north west arrow long bar|arrow|bar|long|north|west
↹	leftwards over rightwards arrow bars|arrow|bar|bars|leftwards|over|rightwards
↺	anticlockwise open circle arrow|anticlockwise|arrow|circle|open
↻	clockwise open circle arrow|arrow|circle|clockwise|open
↼	leftwards harpoon barb upwards|barb|harpoon|leftwards|upwards
↽	leftwards harpoon barb downwards|barb|downwards|harpoon|leftwards
↾	upwards harpoon barb rightwards|barb|harpoon|rightwards|upwards
↿	upwards harpoon barb leftwards|barb|harpoon|leftwards|upwards
⇀	rightwards harpoon barb upwards|barb|harpoon|rightwards|upwards
⇁	rightwards harpoon barb downwards|barb|downwards|harpoon|rightwards
⇂	downwards harpoon barb rightwards|barb|downwards|harpoon|rightwards
⇃	downwards harpoon barb leftwards|barb|downwards|harpoon|leftwards
⇄	rightwards arrow over leftwards arrow|arrow|leftwards|over|rightwards
⇅	up-pointing and down-pointing arrows|and|arrow|arrows|down|down-pointing|up|up-pointing
⇆	left-pointing over right-pointing arrows|arrow|arrows|left|left-pointing|over|right|right-pointing
⇇	leftwards paired arrows|arrows|leftwards|paired
⇈	upwards paired arrows|arrows|paired|upwards
⇉	rightwards paired arrows|arrows|paired|rightwards
⇊	downwards paired arrows|arrows|downwards|paired
⇋	leftwards harpoon over rightwards harpoon|harpoon|leftwards|over|rightwards
⇌	rightwards harpoon over leftwards harpoon|harpoon|leftwards|over|rightwards
⇍	leftwards double arrow stroke|arrow|double|leftwards|stroke
⇎	left right double arrow stroke|arrow|double|left|right|stroke
⇏	rightwards double arrow stroke|arrow|double|rightwards|stroke
⇐	leftwards double arrow|arrow|double|leftwards
⇑	upwards double arrow|arrow|double|upwards
⇒	rightwards double arrow|arrow|double|rightwards
⇓	downwards double arrow|arrow|double|downwards
⇔	left right double arrow|arrow|double|left|right
⇖	north west double arrow|arrow|double|north|west
⇗	north east double arrow|arrow|double|east|north
⇘	south east double arrow|arrow|double|east|south
⇙	south west double arrow|arrow|double|south|west
⇚	leftwards triple arrow|arrow|leftwards|triple
⇛	rightwards triple arrow|arrow|rightwards|triple
⇜	leftwards squiggle arrow|arrow|leftwards|squiggle
⇝	rightwards squiggle arrow|arrow|rightwards|squiggle
⇞	upwards arrow double stroke|arrow|double|stroke|upwards
⇟	downwards arrow double stroke|arrow|double|downwards|stroke
⇠	leftwards dashed arrow|arrow|dashed|leftwards
⇡	upwards dashed arrow|arrow|dashed|upwards
⇢	rightwards dashed arrow|arrow|dashed|rightwards
⇣	downwards dashed arrow|arrow|dashed|downwards
⇤	leftwards arrow bar|arrow|bar|leftwards
⇥	rightwards arrow bar|arrow|bar|rightwards
⇦	leftwards hollow arrow|arrow|hollow|leftwards
⇧	upwards hollow arrow|arrow|hollow|upwards
⇨	rightwards hollow arrow|arrow|hollow|rightwards
⇩	downwards hollow arrow|arrow|downwards|hollow
⇪	upwards hollow arrow from bar|arrow|bar|from|hollow|upwards
⇵	downwards arrow leftwards upwards arrow|arrow|downwards|leftwards|upwards
∀	for all|all|any|for|given|universal
∂	partial differential|differential|partial
∃	there exists|exists|there
∅	empty set|empty|mathematics|operator|set
∆	increment|triangle
∇	nabla|triangle
∈	element of|contains|element|membership|of|set
∉	not an element|an|element|not
∋	contains as member|as|contains|element|member
∎	end proof|end|halmos|proof|q.e.d.|qed|tombstone
∏	n-ary product|logic|n-ary|product
∑	n-ary summation|mathematics|n-ary|summation
−	minus sign|minus|sign|subtract
∓	minus-or-plus|plus-minus
∕	division slash|division|slash|stroke|virgule
∗	asterisk operator|asterisk|operator|star
∘	ring operator|composition|operator|ring
∙	bullet operator|bullet|operator
√	square root|radical|radix|root|square|surd
∝	proportional|proportionality
∞	infinity sign|infinity|sign
∟	right angle|angle|mathematics|right
∠	angle|acute
∣	divides|divisor
∥	parallel
∧	logical and|ac|and|atque|logical|wedge
∩	intersection|set
∪	union|collection|set
∫	integral|calculus
∬	double integral|calculus|double|integral
∮	contour integral|contour|integral
∴	therefore|logic
∵	because|logic
∶	ratio
∷	proportion|proportionality
∼	tilde operator|operator|tilde
∽	reversed tilde|reversed|tilde
∾	inverted lazy s|inverted|lazy|s
≃	asymptotically equal|asymptote|asymptotically|equal|mathematics
≅	approximately equal|approximately|congruence|equal|equality|isomorphism|mathematics
≈	almost equal|almost|approximate|approximation|equal
≌	all equal|all|equal|equality|mathematics
≒	approximately equal the image|approximately|equal|image|the
≖	ring in equal|equal|equality|in|mathematics|ring
≠	not equal|equal|inequality|inequation|not
≡	identical to|exact|identical|to|triple
≣	strictly equivalent|equality|equivalent|mathematics|strictly
≤	less-than or equal|equal|equals|inequality|less-than|or
≥	greater-than or equal|equal|equals|greater-than|inequality|or
≦	less-than over equal|equal|inequality|less-than|mathematics|over
≧	greater-than over equal|equal|greater-than|inequality|mathematics|over
≪	much less-than|inequality|less-than|mathematics|much
≫	much greater-than|greater-than|inequality|mathematics|much
≬	between
≮	not less-than|inequality|less-than|mathematics|not
≯	not greater-than|greater-than|inequality|mathematics|not
≳	greater-than equivalent|equivalent|greater-than|inequality|mathematics
≺	precedes|mathematics|operator|set
≻	succeeds|mathematics|operator|set
⊁	does not succeed|does|mathematics|not|operator|set|succeed
⊂	subset of|of|set|subset
⊃	superset|mathematics|operator|set
⊆	subset equal|equal|subset
⊇	superset equal|equal|equality|mathematics|superset
⊕	circled plus|circled|plus
⊖	circled minus|circled|difference|erosion|minus|symmetric
⊗	circled times|circled|product|tensor|times
⊘	circled division slash|circled|division|division-like|mathematics|slash
⊙	circled dot operator|circled|dot|operator|xnor
⊚	circled ring operator|circled|operator|ring
⊛	circled asterisk operator|asterisk|circled|operator
⊞	squared plus|addition-like|mathematics|plus|squared
⊟	squared minus|mathematics|minus|squared|subtraction-like
⊥	up tack|eet|falsum|tack|up
⊮	does not force|does|force|not
⊰	precedes under relation|mathematics|operator|precedes|relation|set|under
⊱	succeeds under relation|mathematics|operator|relation|set|succeeds|under
⊶	original
⊹	hermitian conjugate matrix|conjugate|hermitian|mathematics|matrix|self-adjoint|square
⊿	right triangle|mathematics|right|right-angled|triangle
⋁	n-ary logical or|disjunction|logic|logical|n-ary|or
⋂	n-ary intersection|intersection|mathematics|n-ary|operator|set
⋃	n-ary union|mathematics|n-ary|operator|set|union
⋅	dot operator|dot|operator
⋆	star operator|operator|star
⋈	natural join|binary|bowtie|join|natural|operator
⋒	double intersection|double|intersection|mathematics|operator|set
⋘	very much less-than|inequality|less-than|mathematics|much|very
⋙	very much greater-than|greater-than|inequality|mathematics|much|very
⋭	does not contain as normal subgroup equal|as|contain|does|equal|group|mathematics|normal|not|subgroup|theory
⋮	vertical ellipsis|ellipsis|mathematics|vertical
⋯	midline horizontal ellipsis|ellipsis|horizontal|midline
⋰	up right diagonal ellipsis|diagonal|ellipsis|mathematics|right|up
⋱	down right diagonal ellipsis|diagonal|down|ellipsis|mathematics|right
⌚	watch|clock|time
⌛	hourglass done|done|hourglass|sand|time|timer
⌨	keyboard|computer
⏏	eject button|button|eject
⏩	fast-forward button|arrow|button|double|fast|fast-forward|forward
⏪	fast reverse button|arrow|button|double|fast|reverse|rewind
⏫	fast up button|arrow|button|double|fast|up
⏬	fast down button|arrow|button|double|down|fast
⏭	next track button|arrow|button|next|scene|track|triangle
⏮	last track button|arrow|button|last|previous|scene|track|triangle
⏯	play or pause button|arrow|button|pause|play|right|triangle
⏰	alarm clock|alarm|clock|hours|hrs|late|time|waiting
⏱	stopwatch|clock|time
⏲	timer clock|clock|timer
⏳	hourglass not done|done|flowing|hourglass|hours|not|sand|timer|waiting|yolo
⏸	pause button|bar|button|double|pause|vertical
⏹	stop button|button|square|stop
⏺	record button|button|circle|record
Ⓜ	circled m|circle|circled|m
■	filled square|filled|square
□	hollow square|hollow|square
▢	hollow square with rounded corners|corners|hollow|rounded|square|with
▣	hollow square containing filled square|containing|filled|hollow|square
▤	square with horizontal fill|fill|horizontal|square|with
▥	square with vertical fill|fill|square|vertical|with
▦	square orthogonal crosshatch fill|crosshatch|fill|orthogonal|square
▧	square upper left lower right fill|fill|left|lower|right|square|upper
▨	square upper right lower left fill|fill|left|lower|right|square|upper
▩	square diagonal crosshatch fill|crosshatch|diagonal|fill|square
▪	black small square|black|geometric|small|square
▫	white small square|geometric|small|square|white
▬	filled rectangle|filled|rectangle
▭	hollow rectangle|hollow|rectangle
▮	filled vertical rectangle|filled|rectangle|vertical
▰	filled parallelogram|filled|parallelogram
▲	filled up-pointing triangle|arrow|filled|triangle|up|up-pointing
△	hollow up-pointing triangle|hollow|triangle|up-pointing
▴	filled up-pointing small triangle|filled|small|triangle|up-pointing
▵	hollow up-pointing small triangle|hollow|small|triangle|up-pointing
▶	play button|arrow|button|play|right|triangle
▷	hollow right-pointing triangle|hollow|right-pointing|triangle
▸	filled right-pointing small triangle|filled|right-pointing|small|triangle
▹	hollow right-pointing small triangle|hollow|right-pointing|small|triangle
►	filled right-pointing pointer|filled|pointer|right-pointing
▻	hollow right-pointing pointer|hollow|pointer|right-pointing
▼	filled down-pointing triangle|arrow|down|down-pointing|filled|triangle
▽	hollow down-pointing triangle|down-pointing|hollow|triangle
▾	filled down-pointing small triangle|down-pointing|filled|small|triangle
▿	hollow down-pointing small triangle|down-pointing|hollow|small|triangle
◀	reverse button|arrow|button|left|reverse|triangle
◁	hollow left-pointing triangle|hollow|left-pointing|triangle
◂	filled left-pointing small triangle|filled|left-pointing|small|triangle
◃	hollow left-pointing small triangle|hollow|left-pointing|small|triangle
◄	filled left-pointing pointer|filled|left-pointing|pointer
◅	hollow left-pointing pointer|hollow|left-pointing|pointer
◆	filled diamond|diamond|filled
◇	hollow diamond|diamond|hollow
◈	hollow diamond containing filled diamond|containing|diamond|filled|hollow
◉	hollow circle containing filled circle|cicles|circle|circled|concentric|containing|dot|filled|fisheye|hollow|ward
◊	lozenge|diamond|rhombus
○	hollow circle|circle|hollow|ring
◌	dotted circle|circle|dotted
◍	circle with vertical fill|circle|fill|vertical|with
◎	concentric circles|circle|circles|concentric|double|target
●	filled circle|circle|filled
◐	circle left half filled|circle|filled|half|left
◑	circle right half filled|circle|filled|half|right
◒	circle lower half filled|circle|filled|half|lower
◓	circle upper half filled|circle|filled|half|upper
◔	circle upper right quadrant filled|circle|filled|quadrant|right|upper
◕	circle all but upper left quadrant filled|all|but|circle|filled|left|quadrant|upper
◖	left half filled circle|circle|filled|half|left
◗	right half filled circle|circle|filled|half|right
◘	inverse bullet|bullet|inverse
◙	filled square containing hollow circle|circle|containing|filled|hollow|inverse|square
◜	upper left quadrant circular arc|arc|circular|left|quadrant|upper
◝	upper right quadrant circular arc|arc|circular|quadrant|right|upper
◞	lower right quadrant circular arc|arc|circular|lower|quadrant|right
◟	lower left quadrant circular arc|arc|circular|left|lower|quadrant
◠	upper half circle|circle|half|upper
◡	lower half circle|circle|half|lower
◢	filled lower right triangle|filled|lower|right|triangle
◣	filled lower left triangle|filled|left|lower|triangle
◤	filled upper left triangle|filled|left|triangle|upper
◥	filled upper right triangle|filled|right|triangle|upper
◦	hollow bullet|bullet|hollow
◯	large hollow circle|circle|hollow|large|ring
◳	hollow square upper right quadrant|hollow|quadrant|right|square|upper
◷	hollow circle with upper right quadrant|circle|hollow|quadrant|right|upper|with
◻	white medium square|geometric|medium|square|white
◼	black medium square|black|geometric|medium|square
◽	white medium-small square|geometric|medium-small|square|white
◾	black medium-small square|black|geometric|medium-small|square
◿	lower right triangle|lower|right|triangle
☀	sun|bright|rays|space|sunny|weather
☁	cloud|weather
☂	umbrella|clothing|rain
☃	snowman|cold|man|snow
☄	comet|space
☎	telephone|phone
☑	check box with check|✓|ballot|box|check|checked|done|off|tick
☔	umbrella with rain drops|clothing|drop|drops|rain|umbrella|weather
☕	hot beverage|beverage|cafe|caffeine|chai|coffee|drink|hot|morning|steaming|tea
☘	shamrock|irish|plant
☝	index pointing up|finger|hand|index|point|pointing|this|up
☠	skull and crossbones|bone|crossbones|dead|death|face|monster|skull
☢	radioactive|sign
☣	biohazard|sign
☦	orthodox cross|christian|cross|orthodox|religion
☪	star and crescent|crescent|islam|muslim|ramadan|religion|star
☮	peace symbol|healing|peace|peaceful|symbol
☯	yin yang|difficult|lives|religion|tao|taoist|total|yang|yin|yinyang
☸	wheel of dharma|buddhist|dharma|religion|wheel
☹	frowning face|face|frown|frowning|sad
☺	smiling face|face|happy|outlined|relaxed|smile|smiling
♀	female sign|female|sign|woman
♂	male sign|male|man|sign
♈	aries|horoscope|ram|zodiac
♉	taurus|bull|horoscope|ox|zodiac
♊	gemini|horoscope|twins|zodiac
♋	cancer|crab|horoscope|zodiac
♌	leo|horoscope|lion|zodiac
♍	virgo|horoscope|zodiac
♎	libra|balance|horoscope|justice|scales|zodiac
♏	scorpio|horoscope|scorpion|scorpius|zodiac
♐	sagittarius|archer|horoscope|zodiac
♑	capricorn|goat|horoscope|zodiac
♒	aquarius|bearer|horoscope|water|zodiac
♓	pisces|fish|horoscope|zodiac
♟	chess pawn|chess|dupe|expendable|pawn
♠	spade suit|card|game|spade|suit
♣	club suit|card|club|clubs|game|suit
♥	heart suit|card|emotion|game|heart|hearts|suit
♦	diamond suit|card|diamond|game|suit
♨	hot springs|hot|hotsprings|springs|steaming
♪	eighth note|eighth|music|note
♭	flat|bemolle|music|note
♯	sharp|dièse|diesis|music|note
♻	recycling symbol|recycle|recycling|symbol
♾	infinity|forever|unbounded|universal
♿	wheelchair symbol|access|handicap|symbol|wheelchair
⚒	hammer and pick|hammer|pick|tool
⚓	anchor|ship|tool
⚔	crossed swords|crossed|swords|weapon
⚕	medical symbol|aesculapius|medical|medicine|staff|symbol
⚖	balance scale|balance|justice|libra|scale|scales|tool|weight|zodiac
⚗	alembic|chemistry|tool
⚙	gear|cog|cogwheel|tool
⚛	atom symbol|atheist|atom|symbol
⚜	fleur-de-lis|knights
⚠	warning|caution
⚡	high voltage|danger|electric|electricity|high|lightning|nature|thunder|thunderbolt|voltage|zap
⚧	transgender symbol|symbol|transgender
⚪	white circle|circle|geometric|white
⚫	black circle|black|circle|geometric
⚰	coffin|dead|death|vampire
⚱	funeral urn|ashes|death|funeral|urn
⚽	soccer ball|ball|football|futbol|soccer|sport
⚾	baseball|ball|sport
⛄	snowman without snow|cold|man|snow|snowman
⛅	sun behind cloud|behind|cloud|cloudy|sun|weather
⛈	cloud with lightning and rain|cloud|lightning|rain|thunder|thunderstorm
⛎	ophiuchus|bearer|serpent|snake|zodiac
⛏	pick|hammer|mining|tool
⛑	rescue worker’s helmet|aid|cross|face|hat|helmet|rescue|worker’s
⛓	chains|chain
⛓‍💥	broken chain|break|breaking|broken|chain|cuffs|freedom
⛔	no entry|do|entry|fail|forbidden|no|not|pass|prohibited|traffic
⛩	shinto shrine|religion|shinto|shrine
⛪	church|bless|chapel|christian|cross|religion
⛰	mountain
⛱	umbrella on ground|ground|rain|sun|umbrella
⛲	fountain
⛳	flag in hole|flag|golf|hole|sport
⛴	ferry|boat|passenger
⛵	sailboat|boat|resort|sailing|sea|yacht
⛷	skier|ski|snow
⛸	ice skate|ice|skate|skating
⛹	person bouncing ball|athletic|ball|basketball|bouncing|championship|dribble|net|person|player|throw
⛹‍♀	woman bouncing ball|athletic|ball|basketball|bouncing|championship|dribble|net|player|throw|woman
⛹‍♂	man bouncing ball|athletic|ball|basketball|bouncing|championship|dribble|man|net|player|throw
⛺	tent|camping
⛽	fuel pump|diesel|fuel|fuelpump|gas|gasoline|pump|station
✂	scissors|cut|cutting|paper|tool
✅	check mark button|✓|button|check|checked|checkmark|complete|completed|done|fixed|mark|tick
✈	airplane|aeroplane|fly|flying|jet|plane|travel
✉	envelope|e-mail|email|letter
✊	raised fist|clenched|fist|hand|punch|raised|solidarity
✋	raised hand|5|five|hand|high|raised|stop
✌	victory hand|hand|peace|v|victory
✍	writing hand|hand|write|writing
✏	pencil
✒	black nib|black|nib|pen
✔	check mark|✓|check|checked|checkmark|done|heavy|mark|tick
✖	multiply|×|cancel|multiplication|sign|x
✝	latin cross|christ|christian|cross|latin|religion
✡	star of david|david|jew|jewish|judaism|religion|star
✨	sparkles|*|magic|sparkle|star
✳	eight-spoked asterisk|*|asterisk|eight-spoked
✴	eight-pointed star|*|eight-pointed|star
❄	snowflake|cold|snow|weather
❇	sparkle|*
❌	cross mark|×|cancel|cross|mark|multiplication|multiply|x
❎	cross mark button|×|button|cross|mark|multiplication|multiply|square|x
❓	red question mark|?|mark|punctuation|question|red
❔	white question mark|?|mark|outlined|punctuation|question|white
❕	white exclamation mark|!|exclamation|mark|outlined|punctuation|white
❗	red exclamation mark|!|exclamation|mark|punctuation|red
❣	heart exclamation|exclamation|heart|heavy|mark|punctuation
❤	red heart|emotion|heart|love|red
❤‍🔥	heart on fire|burn|fire|heart|love|lust|sacred
❤‍🩹	mending heart|healthier|heart|improving|mending|recovering|recuperating|well
➕	plus|+
➖	minus|-|−|heavy|math|sign
➗	divide|÷|division|heavy|math|sign
➡	right arrow|arrow|cardinal|direction|east|right
➰	curly loop|curl|curly|loop
➿	double curly loop|curl|curly|double|loop
⤴	right arrow curving up|arrow|curving|right|up
⤵	right arrow curving down|arrow|curving|down|right
⨧	plus subscript two|plus|subscript|two
⨯	vector cross product|cross|product|vector
⨼	interior product|interior|product
⩣	logical or double underbar|double|logical|or|underbar
⩽	less-than slanted equal|equal|less-than|slanted
⪍	less-than above similar equal|above|equal|less-than|similar
⪚	double-line equal greater-than|double-line|equal|greater-than|inequality|mathematics
⪺	succeeds above not almost equal|above|almost|equal|not|succeeds
⬅	left arrow|arrow|cardinal|direction|left|west
⬆	up arrow|arrow|cardinal|direction|north|up
⬇	down arrow|arrow|cardinal|direction|down|south
⬛	black large square|black|geometric|large|square
⬜	white large square|geometric|large|square|white
⭐	star|astronomy|medium|stars|white
⭕	hollow red circle|circle|heavy|hollow|large|o|red
、	ideographic comma|comma|ideographic
。	ideographic period|full|ideographic|period|stop
〈	open angle bracket|angle|bracket|brackets|chevron|diamond|open|pointy|tuple
〉	close angle bracket|angle|bracket|brackets|chevron|close|diamond|pointy|tuple
《	open double angle bracket|angle|bracket|double|open
》	close double angle bracket|angle|bracket|close|double
「	open corner bracket|bracket|corner|open
」	close corner bracket|bracket|close|corner
『	open hollow corner bracket|bracket|corner|hollow|open
』	close hollow corner bracket|bracket|close|corner|hollow
【	open black lens bracket|black|bracket|lens|lenticular|open
】	close black lens bracket|black|bracket|close|lens|lenticular
〔	open tortoise shell bracket|bracket|open|shell|tortoise
〕	close tortoise shell bracket|bracket|close|shell|tortoise
〖	open hollow lens bracket|bracket|hollow|lens|lenticular|open
〗	close hollow lens bracket|bracket|close|hollow|lens|lenticular
〰	wavy dash|dash|punctuation|wavy
〽	part alternation mark|alternation|mark|part
・	katakana middle dot|dot|dots|interpunct|katakana|middle|middot
㊗	japanese “congratulations” button|button|congratulations|ideograph|japanese
㊙	japanese “secret” button|button|ideograph|japanese|secret
﷼	rial|currency
🀄	mahjong red dragon|dragon|game|mahjong|red
🃏	joker|card|game|wildcard
🅰	a button (blood type)|blood|button|type
🅱	b button (blood type)|b|blood|button|type
🅾	o button (blood type)|blood|button|o|type
🅿	p button|button|p|parking
🆎	ab button (blood type)|ab|blood|button|type
🆑	cl button|button|cl
🆒	cool button|button|cool
🆓	free button|button|free
🆔	id button|button|id|identity
🆕	new button|button|new
🆖	ng button|button|ng
🆗	ok button|button|ok|okay
🆘	sos button|button|help|sos
🆙	up! button|button|mark|up|up!
🆚	vs button|button|versus|vs
🈁	japanese “here” button|button|here|japanese|katakana
🈂	japanese “service charge” button|button|charge|japanese|katakana|service
🈚	japanese “free of charge” button|button|charge|free|ideograph|japanese
🈯	japanese “reserved” button|button|ideograph|japanese|reserved
🈲	japanese “prohibited” button|button|ideograph|japanese|prohibited
🈳	japanese “vacancy” button|button|ideograph|japanese|vacancy
🈴	japanese “passing grade” button|button|grade|ideograph|japanese|passing
🈵	japanese “no vacancy” button|button|ideograph|japanese|no|vacancy
🈶	japanese “not free of charge” button|button|charge|free|ideograph|japanese|not
🈷	japanese “monthly amount” button|amount|button|ideograph|japanese|monthly
🈸	japanese “application” button|application|button|ideograph|japanese
🈹	japanese “discount” button|button|discount|ideograph|japanese
🈺	japanese “open for business” button|business|button|ideograph|japanese|open
🉐	japanese “bargain” button|bargain|button|ideograph|japanese
🉑	japanese “acceptable” button|acceptable|button|ideograph|japanese
🌀	cyclone|dizzy|hurricane|twister|typhoon|weather
🌁	foggy|fog
🌂	closed umbrella|closed|clothing|rain|umbrella
🌃	night with stars|night|star|stars
🌄	sunrise over mountains|morning|mountains|over|sun|sunrise
🌅	sunrise|morning|nature|sun
🌆	cityscape at dusk|at|building|city|cityscape|dusk|evening|landscape|sun|sunset
🌇	sunset|building|dusk|sun
🌈	rainbow|gay|genderqueer|glbt|glbtq|lesbian|lgbt|lgbtq|lgbtqia|nature|pride|queer|rain|trans|transgender|weather
🌉	bridge at night|at|bridge|night
🌊	water wave|nature|ocean|surf|surfer|surfing|water|wave
🌋	volcano|eruption|mountain|nature
🌌	milky way|milky|space|way
🌍	globe showing europe-africa|africa|earth|europe|europe-africa|globe|showing|world
🌎	globe showing americas|americas|earth|globe|showing|world
🌏	globe showing asia-australia|asia|asia-australia|australia|earth|globe|showing|world
🌐	globe with meridians|earth|globe|internet|meridians|web|world|worldwide
🌑	new moon|dark|moon|new|space
🌒	waxing crescent moon|crescent|dreams|moon|space|waxing
🌓	first quarter moon|first|moon|quarter|space
🌔	waxing gibbous moon|gibbous|moon|space|waxing
🌕	full moon|full|moon|space
🌖	waning gibbous moon|gibbous|moon|space|waning
🌗	last quarter moon|last|moon|quarter|space
🌘	waning crescent moon|crescent|moon|space|waning
🌙	crescent moon|crescent|moon|ramadan|space
🌚	new moon face|face|moon|new|space
🌛	first quarter moon face|face|first|moon|quarter|space
🌜	last quarter moon face|dreams|face|last|moon|quarter
🌝	full moon face|bright|face|full|moon
🌞	sun with face|beach|bright|day|face|heat|shine|sun|sunny|sunshine|weather
🌟	glowing star|glittery|glow|glowing|night|shining|sparkle|star|win
🌠	shooting star|falling|night|shooting|space|star
🌡	thermometer|weather
🌤	sun behind small cloud|behind|cloud|sun|weather
🌥	sun behind large cloud|behind|cloud|sun|weather
🌦	sun behind rain cloud|behind|cloud|rain|sun|weather
🌧	cloud with rain|cloud|rain|weather
🌨	cloud with snow|cloud|cold|snow|weather
🌩	cloud with lightning|cloud|lightning|weather
🌪	tornado|cloud|weather|whirlwind
🌫	fog|cloud|weather
🌬	wind face|blow|cloud|face|wind
🌭	hot dog|dog|frankfurter|hot|hotdog|sausage
🌮	taco|mexican
🌯	burrito|mexican|wrap
🌰	chestnut|almond|plant
🌱	seedling|plant|sapling|sprout|young
🌲	evergreen tree|christmas|evergreen|forest|pine|tree
🌳	deciduous tree|deciduous|forest|green|habitat|shedding|tree
🌴	palm tree|beach|palm|plant|tree|tropical
🌵	cactus|desert|drought|nature|plant
🌶	hot pepper|hot|pepper
🌷	tulip|blossom|flower|growth|plant
🌸	cherry blossom|blossom|cherry|flower|plant|spring|springtime
🌹	rose|beauty|elegant|flower|love|plant|red|valentine
🌺	hibiscus|flower|plant
🌻	sunflower|flower|outdoors|plant|sun
🌼	blossom|buttercup|dandelion|flower|plant
🌽	ear of corn|corn|crops|ear|farm|maize|maze
🌾	sheaf of rice|ear|grain|grains|plant|rice|sheaf
🌿	herb|leaf|plant
🍀	four leaf clover|4|clover|four|four-leaf|irish|leaf|lucky|plant
🍁	maple leaf|falling|leaf|maple
🍂	fallen leaf|autumn|fall|fallen|falling|leaf
🍃	leaf fluttering in wind|blow|flutter|fluttering|leaf|wind
🍄	mushroom|fungus|toadstool
🍄‍🟫	brown mushroom|food|fungi|fungus|mushroom|nature|pizza|portobello|shiitake|shroom|spore|sprout|toppings|truffle|vegetable|vegetarian|veggie
🍅	tomato|food|fruit|vegetable
🍆	eggplant|aubergine|vegetable
🍇	grapes|dionysus|fruit|grape
🍈	melon|cantaloupe|fruit
🍉	watermelon|fruit
🍊	tangerine|c|citrus|fruit|nectarine|orange|vitamin
🍋	lemon|citrus|fruit|sour
🍋‍🟩	lime|acidity|citrus|cocktail|fruit|garnish|key|margarita|mojito|refreshing|salsa|sour|tangy|tequila|tropical|zest
🍌	banana|fruit|potassium
🍍	pineapple|colada|fruit|pina|tropical
🍎	red apple|apple|diet|food|fruit|health|red|ripe
🍏	green apple|apple|fruit|green
🍐	pear|fruit
🍑	peach|fruit
🍒	cherries|berries|cherry|fruit|red
🍓	strawberry|berry|fruit
🍔	hamburger|burger|eat|fast|food|hungry
🍕	pizza|cheese|food|hungry|pepperoni|slice
🍖	meat on bone|bone|meat
🍗	poultry leg|bone|chicken|drumstick|hungry|leg|poultry|turkey
🍘	rice cracker|cracker|food|rice
🍙	rice ball|ball|food|japanese|rice
🍚	cooked rice|cooked|food|rice
🍛	curry rice|curry|food|rice
🍜	steaming bowl|bowl|chopsticks|food|noodle|pho|ramen|soup|steaming
🍝	spaghetti|food|meatballs|pasta|restaurant
🍞	bread|carbs|food|grain|loaf|restaurant|toast|wheat
🍟	french fries|fast|food|french|fries
🍠	roasted sweet potato|food|potato|roasted|sweet
🍡	dango|dessert|japanese|skewer|stick|sweet
🍢	oden|food|kebab|restaurant|seafood|skewer|stick
🍣	sushi|food
🍤	fried shrimp|fried|prawn|shrimp|tempura
🍥	fish cake with swirl|cake|fish|food|pastry|restaurant|swirl
🍦	soft ice cream|cream|dessert|food|ice|icecream|restaurant|serve|soft|sweet
🍧	shaved ice|dessert|ice|restaurant|shaved|sweet
🍨	ice cream|cream|dessert|food|ice|restaurant|sweet
🍩	doughnut|breakfast|dessert|donut|food|sweet
🍪	cookie|chip|chocolate|dessert|sweet
🍫	chocolate bar|bar|candy|chocolate|dessert|halloween|sweet|tooth
🍬	candy|cavities|dessert|halloween|restaurant|sweet|tooth|wrapper
🍭	lollipop|candy|dessert|food|restaurant|sweet
🍮	custard|dessert|pudding|sweet
🍯	honey pot|barrel|bear|food|honey|honeypot|jar|pot|sweet
🍰	shortcake|cake|dessert|pastry|slice|sweet
🍱	bento box|bento|box|food
🍲	pot of food|food|pot|soup|stew
🍳	cooking|breakfast|easy|egg|fry|frying|over|pan|restaurant|side|sunny|up
🍴	fork and knife|breakfast|breaky|cooking|cutlery|delicious|dinner|eat|feed|food|fork|hungry|knife|lunch|restaurant|yum|yummy
🍵	teacup without handle|beverage|cup|drink|handle|oolong|tea|teacup
🍶	sake|bar|beverage|bottle|cup|drink|restaurant
🍷	wine glass|alcohol|bar|beverage|booze|club|drink|drinking|drinks|glass|restaurant|wine
🍸	cocktail glass|alcohol|bar|booze|club|cocktail|drink|drinking|drinks|glass|mad|martini|men
🍹	tropical drink|alcohol|bar|booze|club|cocktail|drink|drinking|drinks|drunk|mai|party|tai|tropical|tropics
🍺	beer mug|alcohol|ale|bar|beer|booze|drink|drinking|drinks|mug|octoberfest|oktoberfest|pint|stein|summer
🍻	clinking beer mugs|alcohol|bar|beer|booze|bottoms|cheers|clink|clinking|drinking|drinks|mugs
🍼	baby bottle|babies|baby|birth|born|bottle|drink|infant|milk|newborn
🍽	fork and knife with plate|cooking|dinner|eat|fork|knife|plate
🍾	bottle with popping cork|bar|bottle|cork|drink|popping
🍿	popcorn|corn|movie|pop
🎀	ribbon|celebration
🎁	wrapped gift|birthday|bow|box|celebration|christmas|gift|present|surprise|wrapped
🎂	birthday cake|bday|birthday|cake|celebration|dessert|happy|pastry|sweet
🎃	jack-o-lantern|celebration|halloween|jack|lantern|pumpkin
🎄	christmas tree|celebration|christmas|tree
🎅	santa claus|celebration|christmas|claus|fairy|fantasy|father|holiday|merry|santa|tale|xmas
🎆	fireworks|boom|celebration|entertainment|yolo
🎇	sparkler|boom|celebration|fireworks|sparkle
🎈	balloon|birthday|celebrate|celebration
🎉	party popper|awesome|birthday|celebrate|celebration|excited|hooray|party|popper|tada|woohoo
🎊	confetti ball|ball|celebrate|celebration|confetti|party|woohoo
🎋	tanabata tree|banner|celebration|japanese|tanabata|tree
🎌	crossed flags|celebration|cross|crossed|flags|japanese
🎍	pine decoration|bamboo|celebration|decoration|japanese|pine|plant
🎎	japanese dolls|celebration|doll|dolls|festival|japanese
🎏	carp streamer|carp|celebration|streamer
🎐	wind chime|bell|celebration|chime|wind
🎑	moon viewing ceremony|celebration|ceremony|moon|viewing
🎒	backpack|backpacking|bag|bookbag|education|rucksack|satchel|school
🎓	graduation cap|cap|celebration|clothing|education|graduation|hat|scholar
🎖	military medal|award|celebration|medal|military
🎗	reminder ribbon|celebration|reminder|ribbon
🎙	studio microphone|mic|microphone|music|studio
🎚	level slider|level|music|slider
🎛	control knobs|control|knobs|music
🎞	film frames|cinema|film|frames|movie
🎟	admission tickets|admission|ticket|tickets
🎠	carousel horse|carousel|entertainment|horse
🎡	ferris wheel|amusement|ferris|park|theme|wheel
🎢	roller coaster|amusement|coaster|park|roller|theme
🎣	fishing pole|entertainment|fish|fishing|pole|sport
🎤	microphone|karaoke|mic|music|sing|sound
🎥	movie camera|bollywood|camera|cinema|film|hollywood|movie|record
🎦	cinema|camera|film|movie
🎧	headphone|earbud|sound
🎨	artist palette|art|artist|artsy|arty|colorful|creative|entertainment|museum|painter|painting|palette
🎩	top hat|clothes|clothing|fancy|formal|hat|magic|top|tophat
🎪	circus tent|circus|tent
🎫	ticket|admission|stub
🎬	clapper board|action|board|clapper|movie
🎭	performing arts|actor|actress|art|arts|entertainment|mask|performing|theater|theatre|thespian
🎮	video game|controller|entertainment|game|video
🎯	bullseye|bull|dart|direct|entertainment|game|hit|target
🎰	slot machine|casino|gamble|gambling|game|machine|slot|slots
🎱	pool 8 ball|8|8ball|ball|billiard|eight|game|pool
🎲	game die|dice|die|entertainment|game
🎳	bowling|ball|game|sport|strike
🎴	flower playing cards|card|cards|flower|game|japanese|playing
🎵	musical note|music|musical|note|sound
🎶	musical notes|music|musical|note|notes|sound
🎷	saxophone|instrument|music|sax
🎸	guitar|instrument|music|strat
🎹	musical keyboard|instrument|keyboard|music|musical|piano
🎺	trumpet|instrument|music
🎻	violin|instrument|music
🎼	musical score|music|musical|note|score
🎽	running shirt|athletics|running|sash|shirt
🎾	tennis|ball|racquet|sport
🎿	skis|ski|snow|sport
🏀	basketball|ball|hoop|sport
🏁	chequered flag|checkered|chequered|finish|flag|flags|game|race|racing|sport|win
🏂	snowboarder|ski|snow|snowboard|sport
🏃	person running|fast|hurry|marathon|move|person|quick|race|racing|run|rush|speed
🏃‍♀	woman running|fast|hurry|marathon|move|quick|race|racing|run|rush|speed|woman
🏃‍♂	man running|fast|hurry|man|marathon|move|quick|race|racing|run|rush|speed
🏄	person surfing|beach|ocean|person|sport|surf|surfer|surfing|swell|waves
🏄‍♀	woman surfing|beach|ocean|person|sport|surf|surfer|surfing|swell|waves
🏄‍♂	man surfing|beach|man|ocean|sport|surf|surfer|surfing|swell|waves
🏅	sports medal|award|gold|medal|sports|winner
🏆	trophy|champion|champs|prize|slay|sport|victory|win|winning
🏇	horse racing|horse|jockey|racehorse|racing|riding|sport
🏈	american football|american|ball|bowl|football|sport|super
🏉	rugby football|ball|football|rugby|sport
🏊	person swimming|freestyle|person|sport|swim|swimmer|swimming|triathlon
🏊‍♀	woman swimming|freestyle|man|sport|swim|swimmer|swimming|triathlon
🏊‍♂	man swimming|freestyle|man|sport|swim|swimmer|swimming|triathlon
🏋	person lifting weights|barbell|bodybuilder|deadlift|lifter|lifting|person|powerlifting|weight|weightlifter|weights|workout
🏋‍♀	woman lifting weights|barbell|bodybuilder|deadlift|lifter|lifting|powerlifting|weight|weightlifter|weights|woman|workout
🏋‍♂	man lifting weights|barbell|bodybuilder|deadlift|lifter|lifting|man|powerlifting|weight|weightlifter|weights|workout
🏌	person golfing|ball|birdie|caddy|driving|golf|golfing|green|person|pga|putt|range|tee
🏌‍♀	woman golfing|ball|birdie|caddy|driving|golf|golfing|green|pga|putt|range|tee|woman
🏌‍♂	man golfing|ball|birdie|caddy|driving|golf|golfing|green|man|pga|putt|range|tee
🏍	motorcycle|racing
🏎	racing car|car|racing|zoom
🏏	cricket game|ball|bat|cricket|game
🏐	volleyball|ball|game
🏑	field hockey|ball|field|game|hockey|stick
🏒	ice hockey|game|hockey|ice|puck|stick
🏓	ping pong|ball|bat|game|paddle|ping|pingpong|pong|table|tennis
🏔	snow-capped mountain|cold|mountain|snow|snow-capped
🏕	camping
🏖	beach with umbrella|beach|umbrella
🏗	building construction|building|construction|crane
🏘	houses|house
🏙	cityscape|city
🏚	derelict house|derelict|home|house
🏛	classical building|building|classical
🏜	desert
🏝	desert island|desert|island
🏞	national park|national|park
🏟	stadium
🏠	house|building|country|heart|home|ranch|settle|simple|suburban|suburbia|where
🏡	house with garden|building|country|garden|heart|home|house|ranch|settle|simple|suburban|suburbia|where
🏢	office building|building|city|cubical|job|office
🏣	japanese post office|building|japanese|office|post
🏤	post office|building|european|office|post
🏥	hospital|building|doctor|medicine
🏦	bank|building
🏧	atm sign|atm|automated|bank|cash|money|sign|teller
🏨	hotel|building
🏩	love hotel|building|hotel|love
🏪	convenience store|24|building|convenience|hours|store
🏫	school|building
🏬	department store|building|department|store
🏭	factory|building
🏮	red paper lantern|bar|lantern|light|paper|red|restaurant
🏯	japanese castle|building|castle|japanese
🏰	castle|building|european
🏳	white flag|flag|waving|white
🏳‍⚧	transgender flag|blue|flag|light|pink|transgender|white
🏳‍🌈	rainbow flag|bisexual|flag|gay|genderqueer|glbt|glbtq|lesbian|lgbt|lgbtq|lgbtqia|pride|queer|rainbow|trans|transgender
🏴	black flag|black|flag|waving
🏴‍☠	pirate flag|flag|jolly|pirate|plunder|roger|treasure
🏵	rosette|plant
🏷	label|tag
🏸	badminton|birdie|game|racquet|shuttlecock
🏹	bow and arrow|archer|archery|arrow|bow|sagittarius|tool|weapon|zodiac
🏺	amphora|aquarius|cooking|drink|jug|tool|weapon|zodiac
🏻	light skin tone|1–2|light|skin|tone|type
🏼	medium-light skin tone|3|medium-light|skin|tone|type
🏽	medium skin tone|4|medium|skin|tone|type
🏾	medium-dark skin tone|5|medium-dark|skin|tone|type
🏿	dark skin tone|6|dark|skin|tone|type
🐀	rat|animal
🐁	mouse|animal|animals
🐂	ox|animal|animals|bull|farm|taurus|zodiac
🐃	water buffalo|animal|buffalo|water|zoo
🐄	cow|animal|animals|farm|milk|moo
🐅	tiger|animal|big|cat|predator|zoo
🐆	leopard|animal|big|cat|predator|zoo
🐇	rabbit|animal|bunny|pet
🐈	cat|animal|animals|cats|kitten|pet
🐈‍⬛	black cat|animal|black|cat|feline|halloween|meow|unlucky
🐉	dragon|animal|fairy|fairytale|knights|tale
🐊	crocodile|animal|zoo
🐋	whale|animal|beach|ocean
🐌	snail|animal|escargot|garden|nature|slug
🐍	snake|animal|bearer|ophiuchus|serpent|zodiac
🐎	horse|animal|equestrian|farm|racehorse|racing
🐏	ram|animal|aries|horns|male|sheep|zodiac|zoo
🐐	goat|animal|capricorn|farm|milk|zodiac
🐑	ewe|animal|baa|farm|female|fluffy|lamb|sheep|wool
🐒	monkey|animal|banana
🐓	rooster|animal|bird|ornithology
🐔	chicken|animal|bird|ornithology
🐕	dog|animal|animals|dogs|pet
🐕‍🦺	service dog|accessibility|animal|assistance|dog|service
🐖	pig|animal|bacon|farm|pork|sow
🐗	boar|animal|pig
🐘	elephant|animal
🐙	octopus|animal|creature|ocean
🐚	spiral shell|animal|beach|conch|sea|shell|spiral
🐛	bug|animal|garden|insect
🐜	ant|animal|garden|insect
🐝	honeybee|animal|bee|bumblebee|honey|insect|nature|spring
🐞	lady beetle|animal|beetle|garden|insect|lady|ladybird|ladybug|nature
🐟	fish|animal|dinner|fishes|fishing|pisces|zodiac
🐠	tropical fish|animal|fish|fishes|tropical
🐡	blowfish|animal|fish
🐢	turtle|animal|terrapin|tortoise
🐣	hatching chick|animal|baby|bird|chick|egg|hatching
🐤	baby chick|animal|baby|bird|chick|ornithology
🐥	front-facing baby chick|animal|baby|bird|chick|front-facing|newborn|ornithology
🐦	bird|animal|ornithology
🐦‍⬛	black bird|animal|beak|bird|black|caw|corvid|crow|ornithology|raven|rook
🐦‍🔥	phoenix|ascend|ascension|emerge|fantasy|firebird|glory|immortal|rebirth|reincarnation|reinvent|renewal|revival|revive|rise|transform
🐧	penguin|animal|antarctica|bird|ornithology
🐨	koala|animal|australia|bear|down|face|marsupial|under
🐩	poodle|animal|dog|fluffy
🐪	camel|animal|desert|dromedary|hump|one
🐫	two-hump camel|animal|bactrian|camel|desert|hump|two|two-hump
🐬	dolphin|animal|beach|flipper|ocean
🐭	mouse face|animal|face|mouse
🐮	cow face|animal|cow|face|farm|milk|moo
🐯	tiger face|animal|big|cat|face|predator|tiger
🐰	rabbit face|animal|bunny|face|pet|rabbit
🐱	cat face|animal|cat|face|kitten|kitty|pet
🐲	dragon face|animal|dragon|face|fairy|fairytale|tale
🐳	spouting whale|animal|beach|face|ocean|spouting|whale
🐴	horse face|animal|dressage|equine|face|farm|horse|horses
🐵	monkey face|animal|banana|face|monkey
🐶	dog face|adorbs|animal|dog|face|pet|puppies|puppy
🐷	pig face|animal|bacon|face|farm|pig|pork
🐸	frog|animal|face
🐹	hamster|animal|face|pet
🐺	wolf|animal|face
🐻	bear|animal|face|grizzly|growl|honey
🐻‍❄	polar bear|animal|arctic|bear|polar|white
🐼	panda|animal|bamboo|face
🐽	pig nose|animal|face|farm|nose|pig|smell|snout
🐾	paw prints|feet|paw|paws|print|prints
🐿	chipmunk|animal|squirrel
👀	eyes|body|eye|face|googly|look|looking|omg|peep|see|seeing
👁	eye|1|body|one
👁‍🗨	eye in speech bubble|balloon|bubble|eye|speech|witness
👂	ear|body|ears|hear|hearing|listen|listening|sound
👃	nose|body|noses|nosey|odor|smell|smells
👄	mouth|beauty|body|kiss|kissing|lips|lipstick
👅	tongue|body|lick|slurp
👆	backhand index pointing up|backhand|finger|hand|index|point|pointing|up
👇	backhand index pointing down|backhand|down|finger|hand|index|point|pointing
👈	backhand index pointing left|backhand|finger|hand|index|left|point|pointing
👉	backhand index pointing right|backhand|finger|hand|index|point|pointing|right
👊	oncoming fist|absolutely|agree|boom|bro|bruh|bump|clenched|correct|fist|hand|knuckle|oncoming|pound|punch|rock|ttyl
👋	waving hand|bye|cya|g2g|greetings|gtg|hand|hello|hey|hi|later|outtie|ttfn|ttyl|wave|yo|you
👌	ok hand|awesome|bet|dope|fleek|fosho|got|gotcha|hand|legit|ok|okay|pinch|rad|sure|sweet|three
👍	thumbs up|+1|good|hand|like|thumb|up|yes
👎	thumbs down|-1|bad|dislike|down|good|hand|no|nope|thumb|thumbs
👏	clapping hands|applause|approval|awesome|clap|congrats|congratulations|excited|good|great|hand|homie|job|nice|prayed|well|yay
👐	open hands|hand|hands|hug|jazz|open|swerve
👑	crown|clothing|family|king|medieval|queen|royal|royalty|win
👒	woman’s hat|clothes|clothing|garden|hat|hats|party|woman|woman’s
👓	glasses|clothing|eye|eyeglasses|eyewear
👔	necktie|clothing|employed|serious|shirt|tie
👕	t-shirt|blue|casual|clothes|clothing|collar|dressed|shirt|shopping|tshirt|weekend
👖	jeans|blue|casual|clothes|clothing|denim|dressed|pants|shopping|trousers|weekend
👗	dress|clothes|clothing|dressed|fancy|shopping
👘	kimono|clothing|comfortable
👙	bikini|bathing|beach|clothing|pool|suit|swim
👚	woman’s clothes|blouse|clothes|clothing|collar|dress|dressed|lady|shirt|shopping|woman|woman’s
👛	purse|clothes|clothing|coin|dress|fancy|handbag|shopping
👜	handbag|bag|clothes|clothing|dress|lady|purse|shopping
👝	clutch bag|bag|clothes|clothing|clutch|dress|handbag|pouch|purse
👞	man’s shoe|brown|clothes|clothing|feet|foot|kick|man|man’s|shoe|shoes|shopping
👟	running shoe|athletic|clothes|clothing|fast|kick|running|shoe|shoes|shopping|sneaker|tennis
👠	high-heeled shoe|clothes|clothing|dress|fashion|heel|heels|high-heeled|shoe|shoes|shopping|stiletto|woman
👡	woman’s sandal|clothing|sandal|shoe|woman|woman’s
👢	woman’s boot|boot|clothes|clothing|dress|shoe|shoes|shopping|woman|woman’s
👣	footprints|barefoot|clothing|footprint|omw|print|walk
👤	bust in silhouette|bust|mysterious|shadow|silhouette
👥	busts in silhouette|bff|bust|busts|everyone|friend|friends|people|silhouette
👦	boy|bright-eyed|child|grandson|kid|son|young|younger
👧	girl|bright-eyed|child|daughter|granddaughter|kid|virgo|young|younger|zodiac
👨	man|adult|bro
👨‍⚕	man health worker|doctor|health|healthcare|man|nurse|therapist|worker
👨‍⚖	man judge|judge|justice|law|man|scales
👨‍✈	man pilot|man|pilot|plane
👨‍🌾	man farmer|farmer|gardener|man|rancher
👨‍🍳	man cook|chef|cook|man
👨‍🍼	man feeding baby|baby|dad|father|feed|feeding|man|nanny|newborn|nursing
👨‍🎓	man student|graduate|man|student
👨‍🎤	man singer|actor|entertainer|man|rock|rockstar|singer|star
👨‍🎨	man artist|artist|man|palette
👨‍🏫	man teacher|instructor|lecturer|man|professor|teacher
👨‍🏭	man factory worker|assembly|factory|industrial|man|worker
👨‍💻	man technologist|coder|computer|developer|inventor|man|software|technologist
👨‍💼	man office worker|architect|business|man|manager|office|white-collar|worker
👨‍🔧	man mechanic|electrician|man|mechanic|plumber|tradesperson
👨‍🔬	man scientist|biologist|chemist|engineer|man|mathematician|physicist|scientist
👨‍🚀	man astronaut|astronaut|man|rocket|space
👨‍🚒	man firefighter|fire|firefighter|firetruck|man
👨‍🦯	man with white cane|accessibility|blind|cane|man|probing|white
👨‍🦼	man in motorized wheelchair|accessibility|man|motorized|wheelchair
👨‍🦽	man in manual wheelchair|accessibility|man|manual|wheelchair
👩	woman|adult|lady
👩‍⚕	woman health worker|doctor|health|healthcare|nurse|therapist|woman|worker
👩‍⚖	woman judge|judge|justice|law|scales|woman
👩‍✈	woman pilot|pilot|plane|woman
👩‍🌾	woman farmer|farmer|gardener|rancher|woman
👩‍🍳	woman cook|chef|cook|woman
👩‍🍼	woman feeding baby|baby|feed|feeding|mom|mother|nanny|newborn|nursing|woman
👩‍🎓	woman student|graduate|student|woman
👩‍🎤	woman singer|actor|entertainer|rock|rockstar|singer|star|woman
👩‍🎨	woman artist|artist|palette|woman
👩‍🏫	woman teacher|instructor|lecturer|professor|teacher|woman
👩‍🏭	woman factory worker|assembly|factory|industrial|woman|worker
👩‍💻	woman technologist|coder|computer|developer|inventor|software|technologist|woman
👩‍💼	woman office worker|architect|business|manager|office|white-collar|woman|worker
👩‍🔧	woman mechanic|electrician|mechanic|plumber|tradesperson|woman
👩‍🔬	woman scientist|biologist|chemist|engineer|mathematician|physicist|scientist|woman
👩‍🚀	woman astronaut|astronaut|rocket|space|woman
👩‍🚒	woman firefighter|fire|firefighter|firetruck|woman
👩‍🦯	woman with white cane|accessibility|blind|cane|probing|white|woman
👩‍🦼	woman in motorized wheelchair|accessibility|motorized|wheelchair|woman
👩‍🦽	woman in manual wheelchair|accessibility|manual|wheelchair|woman
👪	family|child
👫	woman and man holding hands|bae|bestie|bff|couple|dating|flirt|friends|hand|hold|man|twins|woman
👬	men holding hands|bae|bestie|bff|boys|brothers|couple|dating|flirt|friends|hand|hold|men|twins
👭	women holding hands|bae|bestie|bff|couple|dating|flirt|friends|girls|hand|hold|sisters|twins|women
👮	police officer|apprehend|arrest|citation|cop|law|officer|over|police|pulled|undercover
👮‍♀	woman police officer|apprehend|arrest|citation|cop|law|officer|over|police|pulled|undercover|woman
👮‍♂	man police officer|apprehend|arrest|citation|cop|law|man|officer|over|police|pulled|undercover
👯	people with bunny ears|bestie|bff|bunny|counterpart|dancer|double|ear|identical|pair|party|partying|people|soulmate|twin|twinsies
👯‍♀	women with bunny ears|bestie|bff|bunny|counterpart|dancer|double|ear|identical|pair|party|partying|people|soulmate|twin|twinsies|women
👯‍♂	men with bunny ears|bestie|bff|bunny|counterpart|dancer|double|ear|identical|men|pair|party|partying|people|soulmate|twin|twinsies
👰	person with veil|person|veil|wedding
👰‍♀	woman with veil|bride|veil|wedding|woman
👰‍♂	man with veil|man|veil|wedding
👱	person: blond hair|blond|blond-haired|human|person
👱‍♀	woman: blond hair|blond|blond-haired|blonde|hair|woman
👱‍♂	man: blond hair|blond|blond-haired|hair|man
👲	person with skullcap|cap|chinese|gua|guapi|hat|mao|person|pi|skullcap
👳	person wearing turban|person|turban|wearing
👳‍♀	woman wearing turban|turban|wearing|woman
👳‍♂	man wearing turban|man|turban|wearing
👴	old man|adult|bald|elderly|gramps|grandfather|grandpa|man|old|wise
👵	old woman|adult|elderly|grandma|grandmother|granny|lady|old|wise|woman
👶	baby|babies|children|goo|infant|newborn|pregnant|young
👷	construction worker|build|construction|fix|hardhat|hat|man|person|rebuild|remodel|repair|work|worker
👷‍♀	woman construction worker|build|construction|fix|hardhat|hat|man|rebuild|remodel|repair|woman|work|worker
👷‍♂	man construction worker|build|construction|fix|hardhat|hat|man|rebuild|remodel|repair|work|worker
👸	princess|crown|fairy|fairytale|fantasy|queen|royal|royalty|tale
👹	ogre|creature|devil|face|fairy|fairytale|fantasy|mask|monster|scary|tale
👺	goblin|angry|creature|face|fairy|fairytale|fantasy|mask|mean|monster|tale
👻	ghost|boo|creature|excited|face|fairy|fairytale|fantasy|halloween|haunting|monster|scary|silly|tale
👼	baby angel|angel|baby|church|face|fairy|fairytale|fantasy|tale
👽	alien|creature|extraterrestrial|face|fairy|fairytale|fantasy|monster|space|tale|ufo
👾	alien monster|alien|creature|extraterrestrial|face|fairy|fairytale|fantasy|game|gamer|games|monster|pixelated|space|tale|ufo
👿	angry face with horns|angry|demon|devil|evil|face|fairy|fairytale|fantasy|horns|imp|mischievous|purple|shade|tale
💀	skull|body|dead|death|face|fairy|fairytale|i’m|lmao|monster|tale|yolo
💁	person tipping hand|fetch|flick|flip|gossip|hand|person|sarcasm|sarcastic|sassy|seriously|tipping|whatever
💁‍♀	woman tipping hand|fetch|flick|flip|gossip|hand|sarcasm|sarcastic|sassy|seriously|tipping|whatever|woman
💁‍♂	man tipping hand|fetch|flick|flip|gossip|hand|man|sarcasm|sarcastic|sassy|seriously|tipping|whatever
💂	guard|buckingham|helmet|london|palace
💂‍♀	woman guard|buckingham|guard|helmet|london|palace|woman
💂‍♂	man guard|buckingham|guard|helmet|london|man|palace
💃	woman dancing|dance|dancer|dancing|elegant|festive|flair|flamenco|groove|let’s|salsa|tango|woman
💄	lipstick|cosmetics|date|makeup
💅	nail polish|bored|care|cosmetics|done|makeup|manicure|nail|polish|whatever
💆	person getting massage|face|getting|headache|massage|person|relax|relaxing|salon|soothe|spa|tension|therapy|treatment
💆‍♀	woman getting massage|face|getting|headache|massage|relax|relaxing|salon|soothe|spa|tension|therapy|treatment|woman
💆‍♂	man getting massage|face|getting|headache|man|massage|relax|relaxing|salon|soothe|spa|tension|therapy|treatment
💇	person getting haircut|barber|beauty|chop|cosmetology|cut|groom|hair|haircut|parlor|person|shears|style
💇‍♀	woman getting haircut|barber|beauty|chop|cosmetology|cut|groom|hair|haircut|parlor|person|shears|style|woman
💇‍♂	man getting haircut|barber|beauty|chop|cosmetology|cut|groom|hair|haircut|man|parlor|person|shears|style
💈	barber pole|barber|cut|fresh|haircut|pole|shave
💉	syringe|doctor|flu|medicine|needle|shot|sick|tool|vaccination
💊	pill|doctor|drugs|medicated|medicine|pills|sick|vitamin
💋	kiss mark|dating|emotion|heart|kiss|kissing|lips|mark|romance|sexy
💌	love letter|heart|letter|love|mail|romance|valentine
💍	ring|diamond|engaged|engagement|married|romance|shiny|sparkling|wedding
💎	gem stone|diamond|engagement|gem|jewel|money|romance|stone|wedding
💏	kiss|anniversary|babe|bae|couple|date|dating|heart|love|mwah|person|romance|together|xoxo
💐	bouquet|anniversary|birthday|date|flower|love|plant|romance
💑	couple with heart|anniversary|babe|bae|couple|dating|heart|kiss|love|person|relationship|romance|together|you
💒	wedding|chapel|hitched|nuptials|romance
💓	beating heart|143|beating|cardio|emotion|heart|heartbeat|ily|love|pulsating|pulse
💔	broken heart|break|broken|crushed|emotion|heart|heartbroken|lonely|sad
💕	two hearts|143|anniversary|date|dating|emotion|heart|hearts|ily|kisses|love|loving|two|xoxo
💖	sparkling heart|143|emotion|excited|good|heart|ily|kisses|morning|night|sparkle|sparkling|xoxo
💗	growing heart|143|emotion|excited|growing|heart|heartpulse|ily|kisses|muah|nervous|pulse|xoxo
💘	heart with arrow|143|adorbs|arrow|cupid|date|emotion|heart|ily|love|romance|valentine
💙	blue heart|143|blue|emotion|heart|ily|love|romance
💚	green heart|143|emotion|green|heart|ily|love|romantic
💛	yellow heart|143|cardiac|emotion|heart|ily|love|yellow
💜	purple heart|143|bestest|emotion|heart|ily|love|purple
💝	heart with ribbon|143|anniversary|emotion|heart|ily|kisses|ribbon|valentine|xoxo
💞	revolving hearts|143|adorbs|anniversary|emotion|heart|hearts|revolving
💟	heart decoration|143|decoration|emotion|heart|hearth|purple|white
💠	diamond with a dot|comic|diamond|dot|geometric
💡	light bulb|bulb|comic|electric|idea|light
💢	anger symbol|anger|angry|comic|mad|symbol|upset
💣	bomb|boom|comic|dangerous|explosion|hot
💤	zzz|comic|good|goodnight|night|sleep|sleeping|sleepy|tired
💥	collision|bomb|boom|collide|comic|explode
💦	sweat droplets|comic|drip|droplet|droplets|drops|splashing|squirt|sweat|water|wet|work|workout
💧	droplet|cold|comic|drop|nature|sad|sweat|tear|water|weather
💨	dashing away|away|cloud|comic|dash|dashing|fart|fast|go|gone|gotta|running|smoke
💩	pile of poo|bs|comic|doo|dung|face|fml|monster|pile|poo|poop|smelly|smh|stink|stinks|stinky|turd
💪	flexed biceps|arm|beast|bench|biceps|bodybuilder|bro|curls|flex|gains|gym|jacked|muscle|press|ripped|strong|weightlift
💫	dizzy|comic|shining|shooting|star|stars
💬	speech balloon|balloon|bubble|comic|dialog|message|sms|speech|talk|text|typing
💭	thought balloon|balloon|bubble|cartoon|cloud|comic|daydream|decisions|dream|idea|invent|invention|realize|think|thoughts|wonder
💮	white flower|flower|white
💯	hundred points|100|a+|agree|clearly|definitely|faithful|fleek|full|hundred|keep|perfect|point|score|true|truth|yup
💰	money bag|bag|bank|bet|billion|cash|cost|dollar|gold|million|money|moneybag|paid|paying|pot|rich|win
💱	currency exchange|bank|currency|exchange|money
💲	heavy dollar sign|billion|cash|charge|currency|dollar|heavy|million|money|pay|sign
💳	credit card|bank|card|cash|charge|credit|money|pay
💴	yen banknote|bank|banknote|bill|currency|money|note|yen
💵	dollar banknote|bank|banknote|bill|currency|dollar|money|note
💶	euro banknote|100|bank|banknote|bill|currency|euro|money|note|rich
💷	pound banknote|bank|banknote|bill|billion|cash|currency|money|note|pound|pounds
💸	money with wings|bank|banknote|bill|billion|cash|dollar|fly|million|money|note|pay|wings
💹	chart increasing with yen|bank|chart|currency|graph|growth|increasing|market|money|rise|trend|upward|yen
💺	seat|chair
💻	laptop|computer|office|pc|personal
💼	briefcase|office
💽	computer disk|computer|disk|minidisk|optical
💾	floppy disk|computer|disk|floppy
💿	optical disk|blu-ray|cd|computer|disk|dvd|optical
📀	dvd|blu-ray|cd|computer|disk|optical
📁	file folder|file|folder
📂	open file folder|file|folder|open
📃	page with curl|curl|document|page|paper
📄	page facing up|document|facing|page|paper|up
📅	calendar|date
📆	tear-off calendar|calendar|tear-off
📇	card index|card|index|old|rolodex|school
📈	chart increasing|chart|data|graph|growth|increasing|right|trend|up|upward
📉	chart decreasing|chart|data|decreasing|down|downward|graph|negative|trend
📊	bar chart|bar|chart|data|graph
📋	clipboard|do|list|notes
📌	pushpin|collage|pin
📍	round pushpin|location|map|pin|pushpin|round
📎	paperclip
📏	straight ruler|angle|edge|math|ruler|straight|straightedge
📐	triangular ruler|angle|math|rule|ruler|set|slide|triangle|triangular
📑	bookmark tabs|bookmark|mark|marker|tabs
📒	ledger|notebook
📓	notebook
📔	notebook with decorative cover|book|cover|decorated|decorative|education|notebook|school|writing
📕	closed book|book|closed|education
📖	open book|book|education|fantasy|knowledge|library|novels|open|reading
📗	green book|book|education|fantasy|green|library|reading
📘	blue book|blue|book|education|fantasy|library|reading
📙	orange book|book|education|fantasy|library|orange|reading
📚	books|book|education|fantasy|knowledge|library|novels|reading|school|study
📛	name badge|badge|name
📜	scroll|paper
📝	memo|communication|media|notes|pencil
📞	telephone receiver|communication|phone|receiver|telephone|voip
📟	pager|communication
📠	fax machine|communication|fax|machine
📡	satellite antenna|aliens|antenna|contact|dish|satellite|science
📢	loudspeaker|address|communication|loud|public|sound
📣	megaphone|cheering|sound
📤	outbox tray|box|email|letter|mail|outbox|sent|tray
📥	inbox tray|box|email|inbox|letter|mail|receive|tray|zero
📦	package|box|communication|delivery|parcel|shipping
📧	e-mail|email|letter|mail
📨	incoming envelope|delivering|e-mail|email|envelope|incoming|letter|mail|receive|sent
📩	envelope with arrow|arrow|communication|down|e-mail|email|envelope|letter|mail|outgoing|send|sent
📪	closed mailbox with lowered flag|closed|flag|lowered|mail|mailbox|postbox
📫	closed mailbox with raised flag|closed|communication|flag|mail|mailbox|postbox|raised
📬	open mailbox with raised flag|flag|mail|mailbox|open|postbox|raised
📭	open mailbox with lowered flag|flag|lowered|mail|mailbox|open|postbox
📮	postbox|mail|mailbox
📯	postal horn|horn|post|postal
📰	newspaper|communication|news|paper
📱	mobile phone|cell|communication|mobile|phone|telephone
📲	mobile phone with arrow|arrow|build|call|cell|communication|mobile|phone|receive|telephone
📳	vibration mode|cell|communication|mobile|mode|phone|telephone|vibration
📴	mobile phone off|cell|mobile|off|phone|telephone
📵	no mobile phones|cell|forbidden|mobile|no|not|phone|phones|prohibited|telephone
📶	antenna bars|antenna|bar|bars|cell|communication|mobile|phone|signal|telephone
📷	camera|photo|selfie|snap|tbt|trip|video
📸	camera with flash|camera|flash|video
📹	video camera|camcorder|camera|tbt|video
📺	television|tv|video
📻	radio|entertainment|tbt|video
📼	videocassette|old|school|tape|vcr|vhs|video
📽	film projector|cinema|film|movie|projector|video
📿	prayer beads|beads|clothing|necklace|prayer|religion
🔀	shuffle tracks button|arrow|button|crossed|shuffle|tracks
🔁	repeat button|arrow|button|clockwise|repeat
🔂	repeat single button|arrow|button|clockwise|once|repeat|single
🔃	clockwise vertical arrows|arrow|arrows|clockwise|refresh|reload|vertical
🔄	counterclockwise arrows button|again|anticlockwise|arrow|arrows|button|counterclockwise|deja|refresh|rewindershins|vu
🔅	dim button|brightness|button|dim|low
🔆	bright button|bright|brightness|button|light
🔇	muted speaker|mute|muted|quiet|silent|sound|speaker
🔈	speaker low volume|low|soft|sound|speaker|volume
🔉	speaker medium volume|medium|sound|speaker|volume
🔊	speaker high volume|high|loud|music|sound|speaker|volume
🔋	battery
🔌	electric plug|electric|electricity|plug
🔍	magnifying glass tilted left|glass|lab|left|left-pointing|magnifying|science|search|tilted|tool
🔎	magnifying glass tilted right|contact|glass|lab|magnifying|right|right-pointing|science|search|tilted|tool
🔏	locked with pen|ink|lock|locked|nib|pen|privacy
🔐	locked with key|bike|closed|key|lock|locked|secure
🔑	key|keys|lock|major|password|unlock
🔒	locked|closed|lock|private
🔓	unlocked|cracked|lock|open|unlock
🔔	bell|break|church|sound
🔕	bell with slash|bell|forbidden|mute|no|not|prohibited|quiet|silent|slash|sound
🔖	bookmark|mark
🔗	link|links
🔘	radio button|button|geometric|radio
🔙	back arrow|arrow|back
🔚	end arrow|arrow|end
🔛	on! arrow|arrow|mark|on!
🔜	soon arrow|arrow|brb|omw|soon
🔝	top arrow|arrow|homie|top|up
🔞	no one under eighteen|18|age|eighteen|forbidden|no|not|one|prohibited|restriction|underage
🔠	input latin uppercase|abcd|input|latin|letters|uppercase
🔡	input latin lowercase|abcd|input|latin|letters|lowercase
🔢	input numbers|1234|input|numbers
🔣	input symbols|&|%|♪|〒|input|symbols
🔤	input latin letters|abc|alphabet|input|latin|letters
🔥	fire|af|burn|flame|hot|lit|litaf|tool
🔦	flashlight|electric|light|tool|torch
🔧	wrench|home|improvement|spanner|tool
🔨	hammer|home|improvement|repairs|tool
🔩	nut and bolt|bolt|home|improvement|nut|tool
🔪	kitchen knife|chef|cooking|hocho|kitchen|knife|tool|weapon
🔫	water pistol|gun|handgun|pistol|revolver|tool|water|weapon
🔬	microscope|experiment|lab|science|tool
🔭	telescope|contact|extraterrestrial|science|tool
🔮	crystal ball|ball|crystal|fairy|fairytale|fantasy|fortune|future|magic|tale|tool
🔯	dotted six-pointed star|dotted|fortune|jewish|judaism|six-pointed|star
🔰	japanese symbol for beginner|beginner|chevron|green|japanese|leaf|symbol|tool|yellow
🔱	trident emblem|anchor|emblem|poseidon|ship|tool|trident
🔲	black square button|black|button|geometric|square
🔳	white square button|button|geometric|outlined|square|white
🔴	red circle|circle|geometric|red
🔵	blue circle|blue|circle|geometric
🔶	large orange diamond|diamond|geometric|large|orange
🔷	large blue diamond|blue|diamond|geometric|large
🔸	small orange diamond|diamond|geometric|orange|small
🔹	small blue diamond|blue|diamond|geometric|small
🔺	red triangle pointed up|geometric|pointed|red|triangle|up
🔻	red triangle pointed down|down|geometric|pointed|red|triangle
🔼	upwards button|arrow|button|red|up|upwards
🔽	downwards button|arrow|button|down|downwards|red
🕉	om|hindu|religion
🕊	dove|bird|fly|ornithology|peace
🕋	kaaba|hajj|islam|muslim|religion|umrah
🕌	mosque|islam|masjid|muslim|religion
🕍	synagogue|jew|jewish|judaism|religion|temple
🕎	menorah|candelabrum|candlestick|hanukkah|jewish|judaism|religion
🕐	one o’clock|1|1:00|clock|o’clock|one|time
🕑	two o’clock|2|2:00|clock|o’clock|time|two
🕒	three o’clock|3|3:00|clock|o’clock|three|time
🕓	four o’clock|4|4:00|clock|four|o’clock|time
🕔	five o’clock|5|5:00|clock|five|o’clock|time
🕕	six o’clock|6|6:00|clock|o’clock|six|time
🕖	seven o’clock|0|7|7:00|clock|o’clock|seven
🕗	eight o’clock|8|8:00|clock|eight|o’clock|time
🕘	nine o’clock|9|9:00|clock|nine|o’clock|time
🕙	ten o’clock|0|10|10:00|clock|o’clock|ten
🕚	eleven o’clock|11|11:00|clock|eleven|o’clock|time
🕛	twelve o’clock|12|12:00|clock|o’clock|time|twelve
🕜	one-thirty|1|1:30|30|clock|one|thirty|time
🕝	two-thirty|2|2:30|30|clock|thirty|time|two
🕞	three-thirty|3|3:30|30|clock|thirty|three|time
🕟	four-thirty|30|4|4:30|clock|four|thirty|time
🕠	five-thirty|30|5|5:30|clock|five|thirty|time
🕡	six-thirty|30|6|6:30|clock|six|thirty
🕢	seven-thirty|30|7|7:30|clock|seven|thirty
🕣	eight-thirty|30|8|8:30|clock|eight|thirty|time
🕤	nine-thirty|30|9|9:30|clock|nine|thirty|time
🕥	ten-thirty|10|10:30|30|clock|ten|thirty|time
🕦	eleven-thirty|11|11:30|30|clock|eleven|thirty|time
🕧	twelve-thirty|12|12:30|30|clock|thirty|time|twelve
🕯	candle|light
🕰	mantelpiece clock|clock|mantelpiece|time
🕳	hole
🕴	person in suit levitating|business|levitating|person|suit
🕵	detective|sleuth|spy
🕵‍♀	woman detective|detective|sleuth|spy|woman
🕵‍♂	man detective|detective|man|sleuth|spy
🕶	sunglasses|dark|eye|eyewear|glasses
🕷	spider|animal|insect
🕸	spider web|spider|web
🕹	joystick|game|video|videogame
🕺	man dancing|dance|dancer|dancing|elegant|festive|flair|flamenco|groove|let’s|man|salsa|tango
🖇	linked paperclips|link|linked|paperclip|paperclips
🖊	pen|ballpoint
🖋	fountain pen|fountain|pen
🖌	paintbrush|painting
🖍	crayon
🖐	hand with fingers splayed|finger|fingers|hand|raised|splayed|stop
🖕	middle finger|finger|hand|middle
🖖	vulcan salute|finger|hand|hands|salute|vulcan
🖤	black heart|black|evil|heart|wicked
🖥	desktop computer|computer|desktop|monitor
🖨	printer|computer
🖱	computer mouse|computer|mouse
🖲	trackball|computer
🖼	framed picture|art|frame|framed|museum|painting|picture
🗂	card index dividers|card|dividers|index
🗃	card file box|box|card|file
🗄	file cabinet|cabinet|file|filing|paper
🗑	wastebasket|can|garbage|trash|waste
🗒	spiral notepad|note|notepad|pad|spiral
🗓	spiral calendar|calendar|pad|spiral
🗜	clamp|compress|tool|vice
🗝	old key|clue|key|lock|old
🗞	rolled-up newspaper|news|newspaper|paper|rolled|rolled-up
🗡	dagger|knife|weapon
🗣	speaking head|face|head|silhouette|speak|speaking
🗨	left speech bubble|balloon|bubble|dialog|left|speech
🗯	right anger bubble|anger|angry|balloon|bubble|mad|right
🗳	ballot box with ballot|ballot|box
🗺	world map|map|world
🗻	mount fuji|fuji|mount|mountain|nature
🗼	tokyo tower|tokyo|tower
🗽	statue of liberty|liberty|new|ny|nyc|statue|york
🗾	map of japan|japan|map
🗿	moai|face|moyai|statue|stoneface|travel
😀	grinning face|cheerful|cheery|face|grin|grinning|happy|laugh|nice|smile|smiling|teeth
😁	beaming face with smiling eyes|beaming|eye|eyes|face|grin|grinning|happy|nice|smile|smiling|teeth
😂	face with tears of joy|crying|face|feels|funny|haha|happy|hehe|hilarious|joy|laugh|lmao|lol|rofl|roflmao|tear
😃	grinning face with big eyes|awesome|big|eyes|face|grin|grinning|happy|mouth|open|smile|smiling|teeth|yay
😄	grinning face with smiling eyes|eye|eyes|face|grin|grinning|happy|laugh|lol|mouth|open|smile|smiling
😅	grinning face with sweat|cold|dejected|excited|face|grinning|mouth|nervous|open|smile|smiling|stress|stressed|sweat
😆	grinning squinting face|closed|eyes|face|grinning|haha|hahaha|happy|laugh|lol|mouth|open|rofl|smile|smiling|squinting
😇	smiling face with halo|angel|angelic|angels|blessed|face|fairy|fairytale|fantasy|halo|happy|innocent|peaceful|smile|smiling|spirit|tale
😈	smiling face with horns|demon|devil|evil|face|fairy|fairytale|fantasy|horns|purple|shade|smile|smiling|tale
😉	winking face|face|flirt|heartbreaker|sexy|slide|tease|wink|winking|winks
😊	smiling face with smiling eyes|blush|eye|eyes|face|glad|satisfied|smile|smiling
😋	face savoring food|delicious|eat|face|food|full|hungry|savor|smile|smiling|tasty|um|yum|yummy
😌	relieved face|calm|face|peace|relief|relieved|zen
😍	smiling face with heart-eyes|143|bae|eye|face|feels|heart-eyes|hearts|ily|kisses|love|romance|romantic|smile|xoxo
😎	smiling face with sunglasses|awesome|beach|bright|bro|chilling|cool|face|rad|relaxed|shades|slay|smile|style|sunglasses|swag|win
😏	smirking face|boss|dapper|face|flirt|homie|kidding|leer|shade|slick|sly|smirk|smug|snicker|suave|suspicious|swag
😐	neutral face|awkward|blank|deadpan|expressionless|face|fine|jealous|meh|neutral|oh|shade|straight|unamused|unhappy|unimpressed|whatever
😑	expressionless face|awkward|dead|expressionless|face|fine|inexpressive|jealous|meh|not|oh|omg|straight|uh|unhappy|unimpressed|whatever
😒	unamused face|...|bored|face|fine|jealous|jel|jelly|pissed|smh|ugh|uhh|unamused|unhappy|weird|whatever
😓	downcast face with sweat|close|cold|downcast|face|feels|headache|nervous|sad|scared|sweat|yikes
😔	pensive face|awful|bored|dejected|died|disappointed|face|losing|lost|pensive|sad|sucks
😕	confused face|befuddled|confused|confusing|dunno|face|frown|hm|meh|not|sad|sorry|sure
😖	confounded face|annoyed|confounded|confused|cringe|distraught|face|feels|frustrated|mad|sad
😗	kissing face|143|date|dating|face|flirt|ily|kiss|love|smooch|smooches|xoxo|you
😘	face blowing a kiss|adorbs|bae|blowing|face|flirt|heart|ily|kiss|love|lover|miss|muah|romantic|smooch|xoxo|you
😙	kissing face with smiling eyes|143|closed|date|dating|eye|eyes|face|flirt|ily|kiss|kisses|kissing|love|night|smile|smiling
😚	kissing face with closed eyes|143|bae|blush|closed|date|dating|eye|eyes|face|flirt|ily|kisses|kissing|smooches|xoxo
😛	face with tongue|awesome|cool|face|nice|party|stuck-out|sweet|tongue
😜	winking face with tongue|crazy|epic|eye|face|funny|joke|loopy|nutty|party|stuck-out|tongue|wacky|weirdo|wink|winking|yolo
😝	squinting face with tongue|closed|eye|eyes|face|gross|horrible|omg|squinting|stuck-out|taste|tongue|whatever|yolo
😞	disappointed face|awful|blame|dejected|disappointed|face|fail|losing|sad|unhappy
😟	worried face|anxious|butterflies|face|nerves|nervous|sad|stress|stressed|surprised|worried|worry
😠	angry face|anger|angry|blame|face|feels|frustrated|mad|maddening|rage|shade|unhappy|upset
😡	enraged face|anger|angry|enraged|face|feels|mad|maddening|pouting|rage|red|shade|unhappy|upset
😢	crying face|awful|cry|crying|face|feels|miss|sad|tear|triste|unhappy
😣	persevering face|concentrate|concentration|face|focus|headache|persevere|persevering
😤	face with steam from nose|anger|angry|face|feels|fume|fuming|furious|fury|mad|nose|steam|triumph|unhappy|won
😥	sad but relieved face|anxious|call|close|complicated|disappointed|face|not|relieved|sad|sweat|time|whew
😦	frowning face with open mouth|caught|face|frown|frowning|guard|mouth|open|scared|scary|surprise|what|wow
😧	anguished face|anguished|face|forgot|scared|scary|stressed|surprise|unhappy|what|wow
😨	fearful face|afraid|anxious|blame|face|fear|fearful|scared|worried
😩	weary face|crying|face|fail|feels|hungry|mad|nooo|sad|sleepy|tired|unhappy|weary
😪	sleepy face|crying|face|good|night|sad|sleep|sleeping|sleepy|tired
😫	tired face|cost|face|feels|nap|sad|sneeze|tired
😬	grimacing face|awk|awkward|dentist|face|grimace|grimacing|grinning|smile|smiling
😭	loudly crying face|bawling|cry|crying|face|loudly|sad|sob|tear|tears|unhappy
😮	face with open mouth|believe|face|forgot|mouth|omg|open|shocked|surprised|sympathy|unbelievable|unreal|whoa|wow|you
😮‍💨	face exhaling|blow|blowing|exhale|exhaling|exhausted|face|gasp|groan|relief|sigh|smiley|smoke|whisper|whistle
😯	hushed face|epic|face|hushed|omg|stunned|surprised|whoa|woah
😰	anxious face with sweat|anxious|blue|cold|eek|face|mouth|nervous|open|rushed|scared|sweat|yikes
😱	face screaming in fear|epic|face|fear|fearful|munch|scared|scream|screamer|screaming|shocked|surprised|woah
😲	astonished face|astonished|cost|face|no|omg|shocked|totally|way
😳	flushed face|amazed|awkward|crazy|dazed|dead|disbelief|embarrassed|face|flushed|geez|heat|hot|impressed|jeez|what|wow
😴	sleeping face|bed|bedtime|face|good|goodnight|nap|night|sleep|sleeping|tired|whatever|yawn|zzz
😵	face with crossed-out eyes|crossed-out|dead|dizzy|eyes|face|feels|knocked|out|sick|tired
😵‍💫	face with spiral eyes|confused|dizzy|eyes|face|hypnotized|omg|smiley|spiral|trouble|whoa|woah|woozy
😶	face without mouth|awkward|blank|expressionless|face|mouth|mouthless|mute|quiet|secret|silence|silent|speechless
😶‍🌫	face in clouds|absentminded|clouds|face|fog|head
😷	face with medical mask|cold|dentist|dermatologist|doctor|dr|face|germs|mask|medical|medicine|sick
😸	grinning cat with smiling eyes|animal|cat|eye|eyes|face|grin|grinning|smile|smiling
😹	cat with tears of joy|animal|cat|face|joy|laugh|laughing|lol|tear|tears
😺	grinning cat|animal|cat|face|grinning|mouth|open|smile|smiling
😻	smiling cat with heart-eyes|animal|cat|eye|face|heart|heart-eyes|love|smile|smiling
😼	cat with wry smile|animal|cat|face|ironic|smile|wry
😽	kissing cat|animal|cat|closed|eye|eyes|face|kiss|kissing
😾	pouting cat|animal|cat|face|pouting
😿	crying cat|animal|cat|cry|crying|face|sad|tear
🙀	weary cat|animal|cat|face|oh|surprised|weary
🙁	slightly frowning face|face|frown|frowning|sad|slightly
🙂	slightly smiling face|face|happy|slightly|smile|smiling
🙂‍↔	head shaking horizontally|head|horizontally|no|shake|shaking
🙂‍↕	head shaking vertically|head|nod|shaking|vertically|yes
🙃	upside-down face|face|hehe|smile|upside-down
🙄	face with rolling eyes|eyeroll|eyes|face|rolling|shade|ugh|whatever
🙅	person gesturing no|forbidden|gesture|hand|no|not|person|prohibit
🙅‍♀	woman gesturing no|forbidden|gesture|hand|no|not|prohibit|woman
🙅‍♂	man gesturing no|forbidden|gesture|hand|man|no|not|prohibit
🙆	person gesturing ok|exercise|gesture|gesturing|hand|ok|omg|person
🙆‍♀	woman gesturing ok|exercise|gesture|gesturing|hand|ok|omg|woman
🙆‍♂	man gesturing ok|exercise|gesture|gesturing|hand|man|ok|omg
🙇	person bowing|apology|ask|beg|bow|bowing|favor|forgive|gesture|meditate|meditation|person|pity|regret|sorry
🙇‍♀	woman bowing|apology|ask|beg|bow|bowing|favor|forgive|gesture|meditate|meditation|pity|regret|sorry|woman
🙇‍♂	man bowing|apology|ask|beg|bow|bowing|favor|forgive|gesture|man|meditate|meditation|pity|regret|sorry
🙈	see-no-evil monkey|embarrassed|evil|face|forbidden|forgot|gesture|hide|monkey|no|omg|prohibited|scared|secret|smh|watch
🙉	hear-no-evil monkey|animal|ears|evil|face|forbidden|gesture|hear|listen|monkey|no|not|prohibited|secret|shh|tmi
🙊	speak-no-evil monkey|animal|evil|face|forbidden|gesture|monkey|no|not|oops|prohibited|quiet|secret|speak|stealth
🙋	person raising hand|gesture|hand|here|know|me|person|pick|question|raise|raising
🙋‍♀	woman raising hand|gesture|hand|here|know|me|pick|question|raise|raising|woman
🙋‍♂	man raising hand|gesture|hand|here|know|man|me|pick|question|raise|raising
🙌	raising hands|celebration|gesture|hand|hands|hooray|praise|raised|raising
🙍	person frowning|annoyed|disappointed|disgruntled|disturbed|frown|frowning|frustrated|gesture|irritated|person|upset
🙍‍♀	woman frowning|annoyed|disappointed|disgruntled|disturbed|frown|frowning|frustrated|gesture|irritated|upset|woman
🙍‍♂	man frowning|annoyed|disappointed|disgruntled|disturbed|frown|frowning|frustrated|gesture|irritated|man|upset
🙎	person pouting|disappointed|downtrodden|frown|grimace|person|pouting|scowl|sulk|upset|whine
🙎‍♀	woman pouting|disappointed|downtrodden|frown|grimace|pouting|scowl|sulk|upset|whine|woman
🙎‍♂	man pouting|disappointed|downtrodden|frown|grimace|man|pouting|scowl|sulk|upset|whine
🙏	folded hands|appreciate|ask|beg|blessed|bow|cmon|five|folded|gesture|hand|high|please|pray|thanks|thx
🚀	rocket|launch|rockets|space|travel
🚁	helicopter|copter|roflcopter|travel|vehicle
🚂	locomotive|caboose|engine|railway|steam|train|trains|travel
🚃	railway car|car|electric|railway|train|tram|travel|trolleybus
🚄	high-speed train|high-speed|railway|shinkansen|speed|train
🚅	bullet train|bullet|high-speed|nose|railway|shinkansen|speed|train|travel
🚆	train|arrived|choo|railway
🚇	metro|subway|travel
🚈	light rail|arrived|light|monorail|rail|railway
🚉	station|railway|train
🚊	tram|trolleybus
🚋	tram car|bus|car|tram|trolley|trolleybus
🚌	bus|school|vehicle
🚍	oncoming bus|bus|cars|oncoming
🚎	trolleybus|bus|tram|trolley
🚏	bus stop|bus|busstop|stop
🚐	minibus|bus|drive|van|vehicle
🚑	ambulance|emergency|vehicle
🚒	fire engine|engine|fire|truck
🚓	police car|5–0|car|cops|patrol|police
🚔	oncoming police car|car|oncoming|police
🚕	taxi|cab|cabbie|car|drive|vehicle|yellow
🚖	oncoming taxi|cab|cabbie|cars|drove|hail|oncoming|taxi|yellow
🚗	automobile|car|driving|vehicle
🚘	oncoming automobile|automobile|car|cars|drove|oncoming|vehicle
🚙	sport utility vehicle|car|drive|recreational|sport|sportutility|utility|vehicle
🚚	delivery truck|car|delivery|drive|truck|vehicle
🚛	articulated lorry|articulated|car|drive|lorry|move|semi|truck|vehicle
🚜	tractor|vehicle
🚝	monorail|vehicle
🚞	mountain railway|car|mountain|railway|trip
🚟	suspension railway|railway|suspension
🚠	mountain cableway|cable|cableway|gondola|lift|mountain|ski
🚡	aerial tramway|aerial|cable|car|gondola|ropeway|tramway
🚢	ship|boat|passenger|travel
🚣	person rowing boat|boat|canoe|cruise|fishing|lake|oar|paddle|person|raft|river|row|rowboat|rowing
🚣‍♀	woman rowing boat|boat|canoe|cruise|fishing|lake|oar|paddle|raft|river|row|rowboat|rowing|woman
🚣‍♂	man rowing boat|boat|canoe|cruise|fishing|lake|man|oar|paddle|raft|river|row|rowboat|rowing
🚤	speedboat|billionaire|boat|lake|luxury|millionaire|summer|travel
🚥	horizontal traffic light|horizontal|intersection|light|signal|stop|stoplight|traffic
🚦	vertical traffic light|drove|intersection|light|signal|stop|stoplight|traffic|vertical
🚧	construction|barrier
🚨	police car light|alarm|alert|beacon|car|emergency|light|police|revolving|siren
🚩	triangular flag|construction|flag|golf|post|triangular
🚪	door|back|closet|front
🚫	prohibited|entry|forbidden|no|not|smoke
🚬	cigarette|smoking
🚭	no smoking|forbidden|no|not|prohibited|smoke|smoking
🚮	litter in bin sign|bin|litter|litterbin|sign
🚯	no littering|forbidden|litter|littering|no|not|prohibited
🚰	potable water|drinking|potable|water
🚱	non-potable water|dry|non-drinking|non-potable|prohibited|water
🚲	bicycle|bike|class|cycle|cycling|cyclist|gang|ride|spin|spinning
🚳	no bicycles|bicycle|bicycles|bike|forbidden|no|not|prohibited
🚴	person biking|bicycle|bicyclist|bike|biking|cycle|cyclist|person|riding|sport
🚴‍♀	woman biking|bicycle|bicyclist|bike|biking|cycle|cyclist|riding|sport|woman
🚴‍♂	man biking|bicycle|bicyclist|bike|biking|cycle|cyclist|man|riding|sport
🚵	person mountain biking|bicycle|bicyclist|bike|biking|cycle|cyclist|mountain|person|riding|sport
🚵‍♀	woman mountain biking|bicycle|bicyclist|bike|biking|cycle|cyclist|mountain|riding|sport|woman
🚵‍♂	man mountain biking|bicycle|bicyclist|bike|biking|cycle|cyclist|man|mountain|riding|sport
🚶	person walking|amble|gait|hike|man|pace|pedestrian|person|stride|stroll|walk|walking
🚶‍♀	woman walking|amble|gait|hike|man|pace|pedestrian|stride|stroll|walk|walking|woman
🚶‍♂	man walking|amble|gait|hike|man|pace|pedestrian|stride|stroll|walk|walking
🚷	no pedestrians|forbidden|no|not|pedestrian|pedestrians|prohibited
🚸	children crossing|child|children|crossing|pedestrian|traffic
🚹	men’s room|bathroom|lavatory|man|men’s|restroom|room|toilet|wc
🚺	women’s room|bathroom|lavatory|restroom|room|toilet|wc|woman|women’s
🚻	restroom|bathroom|lavatory|toilet|wc
🚼	baby symbol|baby|changing|symbol
🚽	toilet|bathroom
🚾	water closet|bathroom|closet|lavatory|restroom|toilet|water|wc
🚿	shower|water
🛀	person taking bath|bath|bathtub|person|taking|tub
🛁	bathtub|bath
🛂	passport control|control|passport
🛃	customs|packing
🛄	baggage claim|arrived|baggage|bags|case|checked|claim|journey|packing|plane|ready|travel|trip
🛅	left luggage|baggage|case|left|locker|luggage
🛋	couch and lamp|couch|hotel|lamp
🛌	person in bed|bed|bedtime|good|goodnight|hotel|nap|night|person|sleep|tired|zzz
🛍	shopping bags|bag|bags|hotel|shopping
🛎	bellhop bell|bell|bellhop|hotel
🛏	bed|hotel|sleep
🛐	place of worship|place|pray|religion|worship
🛑	stop sign|octagonal|sign|stop
🛒	shopping cart|cart|shopping|trolley
🛕	hindu temple|hindu|temple
🛖	hut|home|house|roundhouse|shelter|yurt
🛗	elevator|accessibility|hoist|lift
🛘	landslide|avalanche|danger|disaster|earthquake|mountain|mudslide|rocks
🛜	wireless|broadband|computer|connectivity|hotspot|internet|network|router|smartphone|wi-fi|wifi|wlan
🛝	playground slide|amusement|park|play|playground|playing|slide|sliding|theme
🛞	wheel|car|circle|tire|turn|vehicle
🛟	ring buoy|buoy|float|life|lifesaver|preserver|rescue|ring|safety|save|saver|swim
🛠	hammer and wrench|hammer|spanner|tool|wrench
🛡	shield|weapon
🛢	oil drum|drum|oil
🛣	motorway|highway|road
🛤	railway track|railway|track|train
🛥	motor boat|boat|motor|motorboat
🛩	small airplane|aeroplane|airplane|plane|small
🛫	airplane departure|aeroplane|airplane|check-in|departure|departures|plane
🛬	airplane arrival|aeroplane|airplane|arrival|arrivals|arriving|landing|plane
🛰	satellite|space
🛳	passenger ship|passenger|ship
🛴	kick scooter|kick|scooter
🛵	motor scooter|motor|scooter
🛶	canoe|boat
🛷	sled|luge|sledge|sleigh|snow|toboggan
🛸	flying saucer|aliens|extra|flying|saucer|terrestrial|ufo
🛹	skateboard|board|skate|skater|wheels
🛺	auto rickshaw|auto|rickshaw|tuk
🛻	pickup truck|automobile|car|flatbed|pick-up|pickup|transportation|truck
🛼	roller skate|blades|roller|skate|skates|sport
🟠	orange circle|circle|orange
🟡	yellow circle|circle|yellow
🟢	green circle|circle|green
🟣	purple circle|circle|purple
🟤	brown circle|brown|circle
🟥	red square|card|penalty|red|square
🟦	blue square|blue|square
🟧	orange square|orange|square
🟨	yellow square|card|penalty|square|yellow
🟩	green square|green|square
🟪	purple square|purple|square
🟫	brown square|brown|square
🟰	heavy equals sign|answer|equal|equality|equals|heavy|math|sign
🤌	pinched fingers|fingers|gesture|hand|hold|huh|interrogation|patience|pinched|relax|sarcastic|ugh|what|zip
🤍	white heart|143|heart|white
🤎	brown heart|143|brown|heart
🤏	pinching hand|amount|bit|fingers|hand|little|pinching|small|sort
🤐	zipper-mouth face|face|keep|mouth|quiet|secret|shut|zip|zipper|zipper-mouth
🤑	money-mouth face|face|money|money-mouth|mouth|paid
🤒	face with thermometer|face|ill|sick|thermometer
🤓	nerd face|brainy|clever|expert|face|geek|gifted|glasses|intelligent|nerd|smart
🤔	thinking face|chin|consider|face|hmm|ponder|pondering|thinking|wondering
🤕	face with head-bandage|bandage|face|head-bandage|hurt|injury|ouch
🤖	robot|face|monster
🤗	smiling face with open hands|face|hands|hug|hugging|open|smiling
🤘	sign of the horns|finger|hand|horns|rock-on|sign
🤙	call me hand|call|hand|hang|loose|me|shaka
🤚	raised back of hand|back|backhand|hand|raised
🤛	left-facing fist|fist|left-facing|leftwards
🤜	right-facing fist|fist|right-facing|rightwards
🤝	handshake|agreement|deal|hand|meeting|shake
🤞	crossed fingers|cross|crossed|finger|fingers|hand|luck
🤟	love-you gesture|fingers|gesture|hand|ily|love|love-you|three|you
🤠	cowboy hat face|cowboy|cowgirl|face|hat
🤡	clown face|clown|face
🤢	nauseated face|face|gross|nasty|nauseated|sick|vomit
🤣	rolling on the floor laughing|crying|face|floor|funny|haha|happy|hehe|hilarious|joy|laugh|lmao|lol|rofl|roflmao|rolling|tear
🤤	drooling face|drooling|face
🤥	lying face|face|liar|lie|lying|pinocchio
🤦	person facepalming|again|bewilder|disbelief|exasperation|facepalm|no|not|oh|omg|person|shock|smh
🤦‍♀	woman facepalming|again|bewilder|disbelief|exasperation|facepalm|no|not|oh|omg|shock|smh|woman
🤦‍♂	man facepalming|again|bewilder|disbelief|exasperation|facepalm|man|no|not|oh|omg|shock|smh
🤧	sneezing face|face|fever|flu|gesundheit|sick|sneeze|sneezing
🤨	face with raised eyebrow|disapproval|disbelief|distrust|emoji|eyebrow|face|hmm|mild|raised|skeptic|skeptical|skepticism|surprise|what
🤩	star-struck|excited|eyes|face|grinning|smile|star|starry-eyed|wow
🤪	zany face|crazy|eye|eyes|face|goofy|large|small|zany
🤫	shushing face|face|quiet|shh|shush|shushing
🤬	face with symbols on mouth|censor|cursing|cussing|face|mad|mouth|pissed|swearing|symbols
🤭	face with hand over mouth|face|giggle|giggling|hand|mouth|oops|realization|secret|shock|sudden|surprise|whoops
🤮	face vomiting|barf|ew|face|gross|puke|sick|spew|throw|up|vomit|vomiting
🤯	exploding head|blown|explode|exploding|head|mind|mindblown|no|shocked|way
🤰	pregnant woman|pregnant|woman
🤱	breast-feeding|baby|breast|feeding|mom|mother|nursing|woman
🤲	palms up together|cupped|dua|hands|palms|pray|prayer|together|up|wish
🤳	selfie|camera|phone
🤴	prince|crown|fairy|fairytale|fantasy|king|royal|royalty|tale
🤵	person in tuxedo|formal|person|tuxedo|wedding
🤵‍♀	woman in tuxedo|formal|tuxedo|wedding|woman
🤵‍♂	man in tuxedo|formal|groom|man|tuxedo|wedding
🤶	mrs. claus|celebration|christmas|claus|fairy|fantasy|holiday|merry|mother|mrs|santa|tale|xmas
🤷	person shrugging|doubt|dunno|guess|idk|ignorance|indifference|knows|maybe|person|shrug|shrugging|whatever|who
🤷‍♀	woman shrugging|doubt|dunno|guess|idk|ignorance|indifference|knows|maybe|shrug|shrugging|whatever|who|woman
🤷‍♂	man shrugging|doubt|dunno|guess|idk|ignorance|indifference|knows|man|maybe|shrug|shrugging|whatever|who
🤸	person cartwheeling|active|cartwheel|cartwheeling|excited|flip|gymnastics|happy|person|somersault
🤸‍♀	woman cartwheeling|active|cartwheel|cartwheeling|excited|flip|gymnastics|happy|somersault|woman
🤸‍♂	man cartwheeling|active|cartwheel|cartwheeling|excited|flip|gymnastics|happy|man|somersault
🤹	person juggling|act|balance|balancing|handle|juggle|juggling|manage|multitask|person|skill
🤹‍♀	woman juggling|act|balance|balancing|handle|juggle|juggling|manage|multitask|skill|woman
🤹‍♂	man juggling|act|balance|balancing|handle|juggle|juggling|man|manage|multitask|skill
🤺	person fencing|fencer|fencing|person|sword
🤼	people wrestling|combat|duel|grapple|people|ring|tournament|wrestle|wrestling
🤼‍♀	women wrestling|combat|duel|grapple|ring|tournament|women|wrestle|wrestling
🤼‍♂	men wrestling|combat|duel|grapple|men|ring|tournament|wrestle|wrestling
🤽	person playing water polo|person|playing|polo|sport|swimming|water|waterpolo
🤽‍♀	woman playing water polo|playing|polo|sport|swimming|water|waterpolo|woman
🤽‍♂	man playing water polo|man|playing|polo|sport|swimming|water|waterpolo
🤾	person playing handball|athletics|ball|catch|chuck|handball|hurl|lob|person|pitch|playing|sport|throw|toss
🤾‍♀	woman playing handball|athletics|ball|catch|chuck|handball|hurl|lob|pitch|playing|sport|throw|toss|woman
🤾‍♂	man playing handball|athletics|ball|catch|chuck|handball|hurl|lob|man|pitch|playing|sport|throw|toss
🤿	diving mask|diving|mask|scuba|snorkeling
🥀	wilted flower|dying|flower|wilted
🥁	drum|drumsticks|music
🥂	clinking glasses|celebrate|clink|clinking|drink|glass|glasses
🥃	tumbler glass|glass|liquor|scotch|shot|tumbler|whiskey|whisky
🥄	spoon|eat|tableware
🥅	goal net|goal|net
🥇	1st place medal|1st|first|gold|medal|place
🥈	2nd place medal|2nd|medal|place|second|silver
🥉	3rd place medal|3rd|bronze|medal|place|third
🥊	boxing glove|boxing|glove
🥋	martial arts uniform|arts|judo|karate|martial|taekwondo|uniform
🥌	curling stone|curling|game|rock|stone
🥍	lacrosse|ball|goal|sports|stick
🥎	softball|ball|glove|sports|underarm
🥏	flying disc|disc|flying|ultimate
🥐	croissant|bread|breakfast|crescent|food|french|roll
🥑	avocado|food|fruit
🥒	cucumber|food|pickle|vegetable
🥓	bacon|breakfast|food|meat
🥔	potato|food|vegetable
🥕	carrot|food|vegetable
🥖	baguette bread|baguette|bread|food|french
🥗	green salad|food|green|salad
🥘	shallow pan of food|casserole|food|paella|pan|shallow
🥙	stuffed flatbread|falafel|flatbread|food|gyro|kebab|stuffed
🥚	egg|breakfast|food
🥛	glass of milk|drink|glass|milk
🥜	peanuts|food|nut|peanut|vegetable
🥝	kiwi fruit|food|fruit|kiwi
🥞	pancakes|breakfast|crêpe|food|hotcake|pancake
🥟	dumpling|empanada|gyōza|jiaozi|pierogi|potsticker
🥠	fortune cookie|cookie|fortune|prophecy
🥡	takeout box|box|chopsticks|delivery|food|oyster|pail|takeout
🥢	chopsticks|hashi|jeotgarak|kuaizi
🥣	bowl with spoon|bowl|breakfast|cereal|congee|oatmeal|porridge|spoon
🥤	cup with straw|cup|drink|juice|malt|soda|soft|straw|water
🥥	coconut|colada|palm|piña
🥦	broccoli|cabbage|wild
🥧	pie|apple|filling|fruit|meat|pastry|pumpkin|slice
🥨	pretzel|convoluted|twisted
🥩	cut of meat|chop|cut|lambchop|meat|porkchop|red|steak
🥪	sandwich|bread
🥫	canned food|can|canned|food
🥬	leafy green|bok|burgers|cabbage|choy|green|kale|leafy|lettuce|salad
🥭	mango|food|fruit|tropical
🥮	moon cake|autumn|cake|festival|moon|yuèbǐng
🥯	bagel|bakery|bread|breakfast|schmear
🥰	smiling face with hearts|3|adore|crush|face|heart|hearts|ily|love|romance|smile|smiling|you
🥱	yawning face|bedtime|bored|face|goodnight|nap|night|sleep|sleepy|tired|whatever|yawn|yawning|zzz
🥲	smiling face with tear|face|glad|grateful|happy|joy|pain|proud|relieved|smile|smiley|smiling|tear|touched
🥳	partying face|bday|birthday|celebrate|celebration|excited|face|happy|hat|hooray|horn|party|partying
🥴	woozy face|dizzy|drunk|eyes|face|intoxicated|mouth|tipsy|uneven|wavy|woozy
🥵	hot face|dying|face|feverish|heat|hot|panting|red-faced|stroke|sweating|tongue
🥶	cold face|blue|blue-faced|cold|face|freezing|frostbite|icicles|subzero|teeth
🥷	ninja|assassin|fight|fighter|hidden|person|secret|skills|sly|soldier|stealth|war
🥸	disguised face|disguise|eyebrow|face|glasses|incognito|moustache|mustache|nose|person|spy|tache|tash
🥹	face holding back tears|admiration|aww|back|cry|embarrassed|face|feelings|grateful|gratitude|holding|joy|please|proud|resist|sad|tears
🥺	pleading face|begging|big|eyes|face|mercy|not|pleading|please|pretty|puppy|sad|why
🥻	sari|clothing|dress
🥼	lab coat|clothes|coat|doctor|dr|experiment|jacket|lab|scientist|white
🥽	goggles|dive|eye|protection|scuba|swimming|welding
🥾	hiking boot|backpacking|boot|brown|camping|hiking|outdoors|shoe
🥿	flat shoe|ballet|comfy|flat|flats|shoe|slip-on|slipper
🦀	crab|cancer|zodiac
🦁	lion|alpha|animal|face|leo|mane|order|rawr|roar|safari|strong|zodiac
🦂	scorpion|scorpio|scorpius|zodiac
🦃	turkey|bird|gobble|thanksgiving
🦄	unicorn|face
🦅	eagle|animal|bird|ornithology
🦆	duck|animal|bird|ornithology
🦇	bat|animal|vampire
🦈	shark|animal|fish
🦉	owl|animal|bird|ornithology|wise
🦊	fox|animal|face
🦋	butterfly|insect|pretty
🦌	deer|animal
🦍	gorilla|animal
🦎	lizard|animal|reptile
🦏	rhinoceros|animal
🦐	shrimp|food|shellfish|small
🦑	squid|animal|food|mollusk
🦒	giraffe|animal|spots
🦓	zebra|animal|stripe
🦔	hedgehog|animal|spiny
🦕	sauropod|brachiosaurus|brontosaurus|dinosaur|diplodocus
🦖	t-rex|dinosaur|rex|t|tyrannosaurus
🦗	cricket|animal|bug|grasshopper|insect|orthoptera
🦘	kangaroo|animal|joey|jump|marsupial
🦙	llama|alpaca|animal|guanaco|vicuña|wool
🦚	peacock|animal|bird|colorful|ornithology|ostentatious|peahen|pretty|proud
🦛	hippopotamus|animal|hippo
🦜	parrot|animal|bird|ornithology|pirate|talk
🦝	raccoon|animal|curious|sly
🦞	lobster|animal|bisque|claws|seafood
🦟	mosquito|bite|disease|fever|insect|malaria|pest|virus
🦠	microbe|amoeba|bacteria|science|virus
🦡	badger|animal|honey|pester
🦢	swan|animal|bird|cygnet|duckling|ornithology|ugly
🦣	mammoth|animal|extinction|large|tusk|wooly
🦤	dodo|animal|bird|extinction|large|ornithology
🦥	sloth|lazy|slow
🦦	otter|animal|fishing|playful
🦧	orangutan|animal|ape|monkey
🦨	skunk|animal|stink
🦩	flamingo|animal|bird|flamboyant|ornithology|tropical
🦪	oyster|diving|pearl
🦫	beaver|animal|dam|teeth
🦬	bison|animal|buffalo|herd|wisent
🦭	seal|animal|lion|ocean|sea
🦮	guide dog|accessibility|animal|blind|dog|guide
🦯	white cane|accessibility|blind|cane|probing|white
🦰	red hair|ginger|hair|red|redhead
🦱	curly hair|afro|curly|hair|ringlets
🦲	bald|chemotherapy|hair|hairless|no|shaven
🦳	white hair|gray|hair|old|white
🦴	bone|bones|dog|skeleton|wishbone
🦵	leg|bent|foot|kick|knee|limb
🦶	foot|ankle|feet|kick|stomp
🦷	tooth|dentist|pearly|teeth|white
🦸	superhero|good|hero|superpower
🦸‍♀	woman superhero|good|hero|heroine|superhero|superpower|woman
🦸‍♂	man superhero|good|hero|man|superhero|superpower
🦹	supervillain|bad|criminal|evil|superpower|villain
🦹‍♀	woman supervillain|bad|criminal|evil|superpower|supervillain|villain|woman
🦹‍♂	man supervillain|bad|criminal|evil|man|superpower|supervillain|villain
🦺	safety vest|emergency|safety|vest
🦻	ear with hearing aid|accessibility|aid|ear|hard|hearing
🦼	motorized wheelchair|accessibility|motorized|wheelchair
🦽	manual wheelchair|accessibility|manual|wheelchair
🦾	mechanical arm|accessibility|arm|mechanical|prosthetic
🦿	mechanical leg|accessibility|leg|mechanical|prosthetic
🧀	cheese wedge|cheese|wedge
🧁	cupcake|bakery|dessert|sprinkles|sugar|sweet|treat
🧂	salt|condiment|flavor|mad|salty|shaker|taste|upset
🧃	beverage box|beverage|box|juice|straw|sweet
🧄	garlic|flavoring
🧅	onion|flavoring
🧆	falafel|chickpea|meatball
🧇	waffle|breakfast|indecisive|iron
🧈	butter|dairy
🧉	mate|drink
🧊	ice|cold|cube|iceberg
🧋	bubble tea|boba|bubble|food|milk|pearl|tea
🧌	troll|fairy|fantasy|monster|tale|trolling
🧍	person standing|person|stand|standing
🧍‍♀	woman standing|stand|standing|woman
🧍‍♂	man standing|man|stand|standing
🧎	person kneeling|kneel|kneeling|knees|person
🧎‍♀	woman kneeling|kneel|kneeling|knees|woman
🧎‍♂	man kneeling|kneel|kneeling|knees|man
🧏	deaf person|accessibility|deaf|ear|gesture|hear|person
🧏‍♀	deaf woman|accessibility|deaf|ear|gesture|hear|woman
🧏‍♂	deaf man|accessibility|deaf|ear|gesture|hear|man
🧐	face with monocle|classy|face|fancy|monocle|rich|stuffy|wealthy
🧑	person|adult
🧑‍⚕	health worker|doctor|health|healthcare|nurse|therapist|worker
🧑‍⚖	judge|justice|law|scales
🧑‍✈	pilot|plane
🧑‍🌾	farmer|gardener|rancher
🧑‍🍳	cook|chef
🧑‍🍼	person feeding baby|baby|feed|feeding|nanny|newborn|nursing|parent
🧑‍🎄	mx claus|celebration|christmas|claus|fairy|fantasy|holiday|merry|mx|santa|tale|xmas
🧑‍🎓	student|graduate
🧑‍🎤	singer|actor|entertainer|rock|rockstar|star
🧑‍🎨	artist|palette
🧑‍🏫	teacher|instructor|lecturer|professor
🧑‍🏭	factory worker|assembly|factory|industrial|worker
🧑‍💻	technologist|coder|computer|developer|inventor|software
🧑‍💼	office worker|architect|business|manager|office|white-collar|worker
🧑‍🔧	mechanic|electrician|plumber|tradesperson
🧑‍🔬	scientist|biologist|chemist|engineer|mathematician|physicist
🧑‍🚀	astronaut|rocket|space
🧑‍🚒	firefighter|fire|firetruck
🧑‍🤝‍🧑	people holding hands|bae|bestie|bff|couple|dating|flirt|friends|hand|hold|people|twins
🧑‍🦯	person with white cane|accessibility|blind|cane|person|probing|white
🧑‍🦼	person in motorized wheelchair|accessibility|motorized|person|wheelchair
🧑‍🦽	person in manual wheelchair|accessibility|manual|person|wheelchair
🧑‍🧑‍🧒	family: adult, adult, child|adult|child|family
🧑‍🧑‍🧒‍🧒	family: adult, adult, child, child|adult|child|family
🧑‍🧒	family: adult, child|adult|child|family
🧑‍🧒‍🧒	family: adult, child, child|adult|child|family
🧑‍🩰	ballet dancer|ballet|dancer
🧒	child|bright-eyed|grandchild|kid|young|younger
🧓	older person|adult|elderly|grandparent|old|person|wise
🧔	person: beard|beard|bearded|person|whiskers
🧔‍♀	woman: beard|beard|bearded|whiskers|woman
🧔‍♂	man: beard|beard|bearded|man|whiskers
🧕	woman with headscarf|bandana|head|headscarf|hijab|kerchief|mantilla|tichel|woman
🧖	person in steamy room|day|luxurious|pamper|person|relax|room|sauna|spa|steam|steambath|unwind
🧖‍♀	woman in steamy room|day|luxurious|pamper|relax|room|sauna|spa|steam|steambath|unwind|woman
🧖‍♂	man in steamy room|day|luxurious|man|pamper|relax|room|sauna|spa|steam|steambath|unwind
🧗	person climbing|climb|climber|climbing|mountain|person|rock|scale|up
🧗‍♀	woman climbing|climb|climber|climbing|mountain|rock|scale|up|woman
🧗‍♂	man climbing|climb|climber|climbing|man|mountain|rock|scale|up
🧘	person in lotus position|cross|legged|legs|lotus|meditation|peace|person|position|relax|serenity|yoga|yogi|zen
🧘‍♀	woman in lotus position|cross|legged|legs|lotus|meditation|peace|position|relax|serenity|woman|yoga|yogi|zen
🧘‍♂	man in lotus position|cross|legged|legs|lotus|man|meditation|peace|position|relax|serenity|yoga|yogi|zen
🧙	mage|fantasy|magic|play|sorcerer|sorceress|sorcery|spell|summon|witch|wizard
🧙‍♀	woman mage|fantasy|mage|magic|play|sorcerer|sorceress|sorcery|spell|summon|witch|wizard|woman
🧙‍♂	man mage|fantasy|mage|magic|man|play|sorcerer|sorceress|sorcery|spell|summon|witch|wizard
🧚	fairy|fairytale|fantasy|myth|person|pixie|tale|wings
🧚‍♀	woman fairy|fairy|fairytale|fantasy|myth|person|pixie|tale|titania|wings|woman
🧚‍♂	man fairy|fairy|fairytale|fantasy|man|myth|oberon|person|pixie|puck|tale|wings
🧛	vampire|blood|dracula|fangs|halloween|scary|supernatural|teeth|undead
🧛‍♀	woman vampire|blood|fangs|halloween|scary|supernatural|teeth|undead|vampire|woman
🧛‍♂	man vampire|blood|fangs|halloween|man|scary|supernatural|teeth|undead|vampire
🧜	merperson|creature|fairytale|folklore|ocean|sea|siren|trident
🧜‍♀	mermaid|creature|fairytale|folklore|merwoman|ocean|sea|siren|trident
🧜‍♂	merman|creature|fairytale|folklore|neptune|ocean|poseidon|sea|siren|trident|triton
🧝	elf|elves|enchantment|fantasy|folklore|magic|magical|myth
🧝‍♀	woman elf|elf|elves|enchantment|fantasy|folklore|magic|magical|myth|woman
🧝‍♂	man elf|elf|elves|enchantment|fantasy|folklore|magic|magical|man|myth
🧞	genie|djinn|fantasy|jinn|lamp|myth|rub|wishes
🧞‍♀	woman genie|djinn|fantasy|genie|jinn|lamp|myth|rub|wishes|woman
🧞‍♂	man genie|djinn|fantasy|genie|jinn|lamp|man|myth|rub|wishes
🧟	zombie|apocalypse|dead|halloween|horror|scary|undead|walking
🧟‍♀	woman zombie|apocalypse|dead|halloween|horror|scary|undead|walking|woman|zombie
🧟‍♂	man zombie|apocalypse|dead|halloween|horror|man|scary|undead|walking|zombie
🧠	brain|intelligent|smart
🧡	orange heart|143|heart|orange
🧢	billed cap|baseball|bent|billed|cap|dad|hat
🧣	scarf|bundle|cold|neck|up
🧤	gloves|hand
🧥	coat|brr|bundle|cold|jacket|up
🧦	socks|stocking
🧧	red envelope|envelope|gift|good|hóngbāo|lai|luck|money|red|see
🧨	firecracker|dynamite|explosive|fire|fireworks|light|pop|popping|spark
🧩	puzzle piece|clue|interlocking|jigsaw|piece|puzzle
🧪	test tube|chemist|chemistry|experiment|lab|science|test|tube
🧫	petri dish|bacteria|biologist|biology|culture|dish|lab|petri
🧬	dna|biologist|evolution|gene|genetics|life
🧭	compass|direction|magnetic|navigation|orienteering
🧮	abacus|calculation|calculator
🧯	fire extinguisher|extinguish|extinguisher|fire|quench
🧰	toolbox|box|chest|mechanic|red|tool
🧱	brick|bricks|clay|mortar|wall
🧲	magnet|attraction|horseshoe|magnetic|negative|positive|shape|u
🧳	luggage|bag|packing|roller|suitcase|travel
🧴	lotion bottle|bottle|lotion|moisturizer|shampoo|sunscreen
🧵	thread|needle|sewing|spool|string
🧶	yarn|ball|crochet|knit
🧷	safety pin|diaper|pin|punk|rock|safety
🧸	teddy bear|bear|plaything|plush|stuffed|teddy|toy
🧹	broom|cleaning|sweeping|witch
🧺	basket|farming|laundry|picnic
🧻	roll of paper|paper|roll|toilet|towels
🧼	soap|bar|bathing|clean|cleaning|lather|soapdish
🧽	sponge|absorbing|cleaning|porous|soak
🧾	receipt|accounting|bookkeeping|evidence|invoice|proof
🧿	nazar amulet|amulet|bead|blue|charm|evil-eye|nazar|talisman
🩰	ballet shoes|ballet|dance|shoes
🩱	one-piece swimsuit|bathing|one-piece|suit|swimsuit
🩲	briefs|bathing|one-piece|suit|swimsuit|underwear
🩳	shorts|bathing|pants|suit|swimsuit|underwear
🩴	thong sandal|beach|flip|flop|sandal|sandals|shoe|thong|thongs|zōri
🩵	light blue heart|143|blue|cute|cyan|emotion|heart|ily|light|like|love|sky|special|teal
🩶	grey heart|143|emotion|gray|grey|heart|ily|love|silver|slate|special
🩷	pink heart|143|adorable|cute|emotion|heart|ily|like|love|pink|special|sweet
🩸	drop of blood|bleed|blood|donation|drop|injury|medicine|menstruation
🩹	adhesive bandage|adhesive|bandage
🩺	stethoscope|doctor|heart|medicine
🩻	x-ray|bones|doctor|medical|skeleton|skull|xray
🩼	crutch|aid|cane|disability|help|hurt|injured|mobility|stick
🪀	yo-yo|fluctuate|toy
🪁	kite|fly|soar
🪂	parachute|hang-glide|parasail|skydive
🪃	boomerang|rebound|repercussion|weapon
🪄	magic wand|magic|magician|wand|witch|wizard
🪅	piñata|candy|celebrate|celebration|cinco|de|festive|mayo|party|pinada|pinata
🪆	nesting dolls|babooshka|baboushka|babushka|doll|dolls|matryoshka|nesting|russia
🪇	maracas|cha|dance|instrument|music|party|percussion|rattle|shake|shaker
🪈	flute|band|fife|flautist|instrument|marching|music|orchestra|piccolo|pipe|recorder|woodwind
🪉	harp|cupid|instrument|love|music|orchestra
🪊	trombone|brass|instrument|jazz|music|sad|slide
🪎	treasure chest|gem|gold|jewels|loot|money|prize|silver|valuables|wealth
🪏	shovel|bury|dig|garden|hole|plant|scoop|snow|spade
🪐	ringed planet|planet|ringed|saturn|saturnine
🪑	chair|seat|sit
🪒	razor|sharp|shave
🪓	axe|ax|chop|hatchet|split|wood
🪔	diya lamp|diya|lamp|light|oil
🪕	banjo|music|stringed
🪖	military helmet|army|helmet|military|soldier|war|warrior
🪗	accordion|box|concertina|instrument|music|squeeze|squeezebox
🪘	long drum|beat|conga|drum|instrument|long|rhythm
🪙	coin|dollar|euro|gold|metal|money|rich|silver|treasure
🪚	carpentry saw|carpenter|carpentry|cut|lumber|saw|tool|trim
🪛	screwdriver|flathead|handy|screw|tool
🪜	ladder|climb|rung|step
🪝	hook|catch|crook|curve|ensnare|point|selling
🪞	mirror|makeup|reflection|reflector|speculum
🪟	window|air|frame|fresh|opening|transparent|view
🪠	plunger|cup|force|plumber|poop|suction|toilet
🪡	sewing needle|embroidery|needle|sew|sewing|stitches|sutures|tailoring|thread
🪢	knot|cord|rope|tangled|tie|twine|twist
🪣	bucket|cask|pail|vat
🪤	mouse trap|bait|cheese|lure|mouse|mousetrap|snare|trap
🪥	toothbrush|bathroom|brush|clean|dental|hygiene|teeth|toiletry
🪦	headstone|cemetery|dead|grave|graveyard|memorial|rip|tomb|tombstone
🪧	placard|card|demonstration|notice|picket|plaque|protest|sign
🪨	rock|boulder|heavy|solid|stone|tough
🪩	mirror ball|ball|dance|disco|glitter|mirror|party
🪪	identification card|card|credentials|document|id|identification|license|security
🪫	low battery|battery|drained|electronic|energy|low|power
🪬	hamsa|amulet|fatima|fortune|guide|hand|mary|miriam|palm|protect|protection
🪭	folding hand fan|clack|clap|cool|cooling|dance|fan|flirt|flutter|folding|hand|hot|shy
🪮	hair pick|afro|comb|groom|hair|pick
🪯	khanda|deg|fateh|khalsa|religion|sikh|sikhism|tegh
🪰	fly|animal|disease|insect|maggot|pest|rotting
🪱	worm|animal|annelid|earthworm|parasite
🪲	beetle|animal|bug|insect
🪳	cockroach|animal|insect|pest|roach
🪴	potted plant|decor|grow|house|nurturing|plant|pot|potted
🪵	wood|log|lumber|timber
🪶	feather|bird|flight|light|plumage
🪷	lotus|beauty|buddhism|calm|flower|hinduism|peace|purity|serenity
🪸	coral|change|climate|ocean|reef|sea
🪹	empty nest|branch|empty|home|nest|nesting
🪺	nest with eggs|bird|branch|egg|eggs|nest|nesting
🪻	hyacinth|bloom|bluebonnet|flower|indigo|lavender|lilac|lupine|plant|purple|shrub|snapdragon|spring|violet
🪼	jellyfish|animal|aquarium|burn|invertebrate|jelly|life|marine|ocean|ouch|plankton|sea|sting|stinger|tentacles
🪽	wing|angelic|ascend|aviation|bird|fly|flying|heavenly|mythology|soar
🪾	leafless tree|bare|barren|branches|dead|drought|leafless|tree|trunk|winter|wood
🪿	goose|animal|bird|duck|flock|fowl|gaggle|gander|geese|honk|ornithology|silly
🫀	anatomical heart|anatomical|beat|cardiology|heart|heartbeat|organ|pulse|real|red
🫁	lungs|breath|breathe|exhalation|inhalation|lung|organ|respiration
🫂	people hugging|comfort|embrace|farewell|friendship|goodbye|hello|hug|hugging|love|people|thanks
🫃	pregnant man|belly|bloated|full|man|overeat|pregnant
🫄	pregnant person|belly|bloated|full|overeat|person|pregnant|stuffed
🫅	person with crown|crown|monarch|noble|person|regal|royal|royalty
🫆	fingerprint|clue|crime|detective|forensics|identity|mystery|print|safety|trace
🫈	hairy creature|bigfoot|cryptid|forest|giant|hairy|sasquatch|woodwose|yeti
🫍	orca|marine|ocean|whale
🫎	moose|alces|animal|antlers|elk|mammal
🫏	donkey|animal|ass|burro|hinny|mammal|mule|stubborn
🫐	blueberries|berries|berry|bilberry|blue|blueberry|food|fruit
🫑	bell pepper|bell|capsicum|food|pepper|vegetable
🫒	olive|food
🫓	flatbread|arepa|bread|food|gordita|lavash|naan|pita
🫔	tamale|food|mexican|pamonha|wrapped
🫕	fondue|cheese|chocolate|food|melted|pot|ski
🫖	teapot|brew|drink|food|pot|tea
🫗	pouring liquid|accident|drink|empty|glass|liquid|oops|pour|pouring|spill|water
🫘	beans|food|kidney|legume|small
🫙	jar|condiment|container|empty|nothing|sauce|store
🫚	ginger root|beer|ginger|health|herb|natural|root|spice
🫛	pea pod|beans|beanstalk|edamame|legume|pea|pod|soybean|vegetable|veggie
🫜	root vegetable|beet|food|garden|radish|root|salad|turnip|vegetable|vegetarian
🫟	splatter|drip|holi|ink|liquid|mess|paint|spill|stain
🫠	melting face|disappear|dissolve|embarrassed|face|haha|heat|hot|liquid|lol|melt|melting|sarcasm|sarcastic
🫡	saluting face|face|good|luck|ma’am|ok|respect|salute|saluting|sir|troops|yes
🫢	face with open eyes and hand over mouth|amazement|awe|disbelief|embarrass|eyes|face|gasp|hand|mouth|omg|open|over|quiet|scared|shock|surprise
🫣	face with peeking eye|captivated|embarrass|eye|face|hide|hiding|peek|peeking|peep|scared|shy|stare
🫤	face with diagonal mouth|confused|confusion|diagonal|disappointed|doubt|doubtful|face|frustrated|frustration|meh|mouth|skeptical|unsure|whatever|wtv
🫥	dotted line face|depressed|disappear|dotted|face|hidden|hide|introvert|invisible|line|meh|whatever|wtv
🫦	biting lip|anxious|bite|biting|fear|flirt|flirting|kiss|lip|lipstick|nervous|sexy|uncomfortable|worried|worry
🫧	bubbles|bubble|burp|clean|floating|pearl|soap|underwater
🫨	shaking face|crazy|daze|earthquake|face|omg|panic|shaking|shock|surprise|vibrate|whoa|wow
🫩	face with bags under eyes|bags|bored|exhausted|eyes|face|fatigued|late|sleepy|tired|weary
🫪	distorted face|anxiety|bloated|panic|shocked|surprised|vulnerable
🫯	fight cloud|argument|brawl|debate|disagreement|fight|ruckus|wrestle
🫰	hand with index finger and thumb crossed|<3|crossed|expensive|finger|hand|heart|index|love|money|snap|thumb
🫱	rightwards hand|hand|handshake|hold|reach|right|rightward|rightwards|shake
🫲	leftwards hand|hand|handshake|hold|left|leftward|leftwards|reach|shake
🫳	palm down hand|dismiss|down|drop|dropped|hand|palm|pick|shoo|up
🫴	palm up hand|beckon|catch|come|hand|hold|know|lift|me|offer|palm|tell
🫵	index pointing at the viewer|at|finger|hand|index|pointing|poke|viewer|you
🫶	heart hands|<3|hands|heart|love|you
🫷	leftwards pushing hand|block|five|halt|hand|high|hold|leftward|leftwards|pause|push|pushing|refuse|slap|stop|wait
🫸	rightwards pushing hand|block|five|halt|hand|high|hold|pause|push|pushing|refuse|rightward|rightwards|slap|stop|wait
