!	знак оклику|оклик
#	символ решітки|ґратка|дієз|октоторп|решітка|хештег|шарп
$	долар|usd|гроші|песо
%	відсоток|процент
&	амперсанд|і|та
'	прямий апостроф|апостроф|лапки|одинарні лапки
)	закривна дужка|дужка|закривна|кругла дужка
*	зірочка|астериск|знак підстановки
+	знак плюса|додавання|плюс
,	кома
-	знак "мінус"|дефіс|мінус
.	крапка|точка
/	скісна риска|слеш
0⃣	клавіша: 0|0|клавіша|нуль
1⃣	клавіша: 1|1|клавіша|один
2⃣	клавіша: 2|2|два|клавіша
3⃣	клавіша: 3|3|клавіша|три
4⃣	клавіша: 4|4|клавіша|чотири
5⃣	клавіша: 5|5|клавіша|пʼять
6⃣	клавіша: 6|6|клавіша|шість
7⃣	клавіша: 7|7|клавіша|сім
8⃣	клавіша: 8|8|вісім|клавіша
9⃣	клавіша: 9|9|девʼять|клавіша
:	двокрапка|дві крапки
;	крапка з комою|середник
<	менше ніж|відкрити тег|тег
=	знак рівності|дорівнює
>	більше ніж|закрити тег|тег
?	знак питання|запитання|питання
@	комерційне ет|вухо|знак ет|знак пошти|равлик|собака
[	відкривна квадратна дужка|дужка|квадратна дужка
\	обернена скісна риска|бекслеш
]	закривна квадратна дужка|дужка|закривна|квадратна дужка
^	циркумфлекс|дашок|циркумфлексний наголос
_	підкреслення|нижнє тире|символ підкреслення
`	гравіс|зворотний апостроф
{	відкривна фігурна дужка|відкривна|фігурна дужка
|	вертикальна риска|вертикальна лінія|лінія|пайп|штрих шеффера
}	закривна фігурна дужка|закривна|фігурна дужка
~	тильда
¡	перевернутий знак оклику|знак оклику|оклик|перевернутий
¢	цент
£	фунт|egp|gbp|британський фунт|валюта|єгипетський фунт|фунт стерлінгів
¥	єна|cny|jpy|валюта|китайський юань|юань|японська єна
§	розділ|абзац|знак розділу|частина
¨	дієрезис|діерезис|трема|умлаут
©	авторське право|копірайт|с
«	ліва шевронна лапка|дужки|карет|кут|лапки|ліво|шеврон
¬	заперечення|не
®	зареєстрована торговельна марка|зареєстровано
°	ступінь|година|доведення|доказ
±	плюс-мінус
²	надрядкова двійка|верхній індекс|верхній регістр|два|двійка|у квадраті
³	надрядкова трійка|верхній індекс|верхній регістр|три|трійка|у кубі
´	акут|акутовий наголос
µ	знак мікро|μ|вимірювати|мк|мю
¶	знак абзацу|абзац|символ абзацу|символ кінця абзацу
·	середня крапка|інтерпункт|крапка|середній
¹	надрядкова одиниця|верхній індекс|верхній регістр|одиниця
»	права шевронна лапка|дужки|карет|кут|лапки|право|шеврон
¿	перевернутий знак питання|знак питання|перевернутий|питання
×	знак множення|множення|множити|раз
÷	знак ділення|ділення|ділити|обелюс
،	арабська кома|кома
؛	арабська крапка з комою|крапка з комою
؟	арабський знак питання|арабський|знак питання|питання
‐	дефіс|риска
–	коротке тире|коротке|тире
—	довге тире|довге|тире
―	тире|горизонтальна лінія|лінія
‘	лівий апостроф|апостроф|лапки|одинарні лапки
’	правий апостроф|апостроф|лапки|одинарні лапки
‚	нижні праві лапки|лапки|нижні лапки|нижні одинарні лапки
“	ліві подвійні лапки|лапки|подвійні лапки
”	праві подвійні лапки|лапки|праві лапки
„	нижні праві подвійні лапки|лапки|нижні лапки|подвійні лапки
†	друкарський хрестик|друкарський знак|обелюс
‡	подвійний друкарський хрестик|друкарський знак|друкарський хрестик|обелюс|подвійний
•	маркер|крапка|маркованний список
…	три крапки|крапки|пропуск
‧	розділова крапка|дефіс|крапка|розділова
‰	проміле|промілле|проміль
′	штрих
″	подвійні лапки|подвійний штрих
‴	потрійні лапки|потрійний штрих
‸	дашок|каретка
※	розпізнавальний знак|опорний символ
‼	подвійний знак оклику|!|!!|бенгбенг|знак оклику|лігатура|оклик|розділовий знак
‽	інтеробанг
‾	риска згори|вінкулум
⁂	три зірочки|зірки|потрійний|три
⁄	скісна риска дробу|ділити|дріб|поділ
⁉	знак оклику і питання|!|!?|?|інтеробенг|не зрозуміло|оклик|питання|пунктуація|розділовий знак
⁻	надрядковий мінус|верхній|мінус
₢	крузейро|валюта
₣	французький франк|валюта|франк
₤	ліра|валюта
₥	міль|mil
₨	рупія|валюта
₩	вон|krw
€	євро|eur|валюта
₰	німецький пфенінг|валюта|пфенінг
₱	песо
₳	аустраль|валюта
₶	турський лівр|валюта
₷	спесміло|валюта
₹	індійська рупія|валюта|рупія
₽	рубль|валюта
₿	біткоїн|btc
℗	авторське право на звукозапис|авторське право|запис|звук
™	торговельна марка|tm|марка
ℹ	джерело інформації|i|довідка|довідкове бюро|інформація
←	стрілка ліворуч|вліво|ліворуч
↑	стрілка догори|вгору|догори
→	стрілка праворуч|право|праворуч
↓	стрілка донизу|вниз|донизу
↔	стрілка вліво-вправо|стрілка|стрілка праворуч і ліворуч|стрілки
↕	стрілка вгору-вниз|стрілка|стрілка вгору та вниз
↖	стрілка вгору вліво|напрям|північно-західний|проміжний|стрілка|стрілка вгору та ліворуч
↗	стрілка вгору вправо|на північний схід|напрям|північно-східний|стрілка|четвертинний румб
↘	стрілка вниз управо|напрям|південно-східний|проміжний|стрілка|стрілка вниз і праворуч
↙	стрілка вниз уліво|діагональна стрілка донизу|напрям|південно-західний|проміжний|стрілка|стрілка вниз і ліворуч
↚	стрілка вліво з рискою навскіс
↛	стрілка вправо з рискою навскіс
↜	хвиляста стрілка вліво
↝	хвиляста стрілка вправо
↞	стрілка вліво з подвійним наконечником
↟	стрілка вгору з подвійним наконечником
↠	стрілка вправо з подвійним наконечником
↡	стрілка вниз із подвійним наконечником
↢	стрілка вліво з хвостиком|ліворуч|стріла|хвостик
↣	стрілка вправо з півкола|вправо|півколо|стрілка
↤	стрілка вліво з риски|ліворуч|риска|стріла
↥	стрілка вгору з риски|догори|риска|стріла
↦	стрілка вправо з риски|вправо|риска|стрілка
↧	стрілка вниз із риски|донизу|риска|стріла
↨	стрілка вгору і вниз із горизонтальною рискою під нею|двоспрямована|догори|донизу|риска
↩	стрілка вправо з вигином уліво|стрілка|стрілка повернути|стрілка праворуч із поворотом ліворуч
↪	стрілка вліво з вигином управо|стрілка|стрілка ліворуч із поворотом праворуч
↫	стрілка вліво з петлею|закручена|ліворуч|петля
↬	стрілка вправо з петлею|закручена|петля|праворуч
↭	двонапрямлена хвиляста стрілка|вліво|вправо|хвиля
↮	стрілка вліво і вправо з рискою навскіс
↯	зигзаг униз|донизу|стрілка
↰	стрілка вгору із загином вліво|догори|згин|ліворуч
↱	стрілка вгору із загином вправо|догори|згин|праворуч
↲	стрілка вниз із загином вліво|донизу|згин|ліворуч
↳	стрілка вниз із загином вправо|донизу|згин|праворуч
↴	стрілка кутиком вправо вниз|донизу|згин|праворуч
↵	стрілка кутиком вниз вліво|донизу|згин|ліворуч
↶	стрілка верхнім півколом проти годинникової стрілки|вліво|зігнута|коло|крива|ліворуч
↷	стрілка верхнім півколом за годинниковою стрілкою|вправо|зігнута|коло|крива|праворуч
↸	стрілка вліво вгору із довгою рискою|діагональ|догори
↹	стрілка вліво в риску над стрілкою вправо в риску|ліворуч|напрям|обмеження|праворуч
↺	стрілка розімкнутим колом проти годинникової стрілки|вліво|коло|ліворуч|незамкнене
↻	стрілка розімкнутим колом за годинниковою стрілкою|вправо|коло|незамкнене|праворуч
↼	гарпун вліво із зазубцем вгору|догори|ліворуч
↽	гарпун вліво із зазубцем униз|донизу|ліворуч
↾	гарпун вгору із зазубцем вправо|догори|праворуч
↿	гарпун вгору із зазубцем вліво|догори|ліворуч
⇀	гарпун вправо із зазубцем вгору|догори|праворуч
⇁	гарпун вправо із зазубцем униз|донизу|праворуч
⇂	гарпун униз із зазубцем вправо|донизу|праворуч
⇃	гарпун униз із зазубцем вліво|донизу|ліворуч
⇄	стрілка вправо над стрілкою вліво|дві|двонапрямлена|подвійна|різні боки|стрілки
⇅	стрілки догори та донизу|вгору|вниз|догори|донизу
⇆	стрілка ліворуч над стрілкою праворуч|вліво|вправо|ліворуч|праворуч
⇇	дві стрілки вліво|ліворуч|подвійна
⇈	дві стрілки вгору|догори|подвійна
⇉	дві стрілки вправо|подвійна|праворуч
⇊	дві стрілки вниз|донизу|подвійна
⇋	гарпун вліво над гарпуном вправо|дві|ліворуч|над|праворуч
⇌	гарпун вправо над гарпуном вліво|дві|ліворуч|над|праворуч
⇍	перекреслена подвійна стрілка вліво|ліворуч
⇎	перекреслена двонапрямлена подвійна стрілка|вліво|вправо|закреслена|подвійна|стрілка
⇏	перекреслена подвійна стрілка вправо|вправо|закреслена|подвійна|стрілка
⇐	подвійна стрілка вліво|ліворуч
⇑	подвійна стрілка вгору|догори
⇒	подвійна стрілка вправо|вправо|подвійна|стрілка
⇓	подвійна стрілка вниз|донизу
⇔	двонапрямлена подвійна стрілка|вліво|вправо|подвійна|стрілка
⇖	подвійна стрілка вліво вгору|діагональ|догори|ліворуч
⇗	подвійна стрілка вправо вгору|діагональ|догори|праворуч
⇘	подвійна стрілка вправо вниз|діагональ|донизу|праворуч
⇙	подвійна стрілка вліво вниз|діагональ|донизу|ліворуч
⇚	потрійна стрілка вліво|ліворуч|три
⇛	потрійна стрілка вправо|праворуч|три
⇜	стрілка зигзагом вліво|ламана|ліворуч
⇝	стрілка зигзагом вправо|ламана|праворуч
⇞	двічі перекреслена стрілка вгору|догори
⇟	двічі перекреслена стрілка вниз|донизу
⇠	пунктирна стрілка вліво|ліворуч
⇡	пунктирна стрілка вгору|догори
⇢	пунктирна стрілка вправо|праворуч
⇣	пунктирна стрілка вниз|донизу
⇤	стрілка вліво в риску|ліворуч|обмеження
⇥	стрілка вправо в риску|обмеження|праворуч
⇦	порожниста стрілка вліво|контур|ліворуч|порожня
⇧	порожниста стрілка вгору|догори|контур|порожня
⇨	порожниста стрілка вправо|контур|порожня|праворуч
⇩	порожниста стрілка вниз|донизу|контур|порожня
⇪	порожниста стрілка вгору з риски|догори|контур|порожня
⇵	стрілка вниз перед стрілкою вгору|вгору|вниз|подвійна|стрілка
∀	для будь-якого|будь-які|всі|універсально
∂	часткова похідна|диференціал|частка
∃	існує|є|наявний
∅	порожня множина|математика|множини|набір|оператор|порожній
∆	збільшення|трикутник
∇	набла|трикутник
∈	елемент|компонент|містить|набір|складник|членство
∉	не належить|входить|за межами|не|поза
∋	містить|входить|є членом|у межах
∎	кінець доведення|q.e.d.|qed|доказ|кінець
∏	добуток|n-ний|логіка|множення
∑	сума|додавання|математика|сумарно
−	знак мінуса|віднімання|мінус
∓	мінус-плюс|плюс-мінус
∕	скісна риска ділення|ділити|дріб|поділ
∗	символ зірочки|добуток|зірочка|множення|оператор
∘	кільце|математика|оператор
∙	маркер списку|буліт|оператор
√	квадратний корінь|ірраціональний|квадрат|корінь|радикальний
∝	знак пропорційності|пропорційно|пропорція
∞	знак нескінченності|нескінченність
∟	прямий кут|90 градусів|математика
∠	кут|гострий|кутовий
∣	ділить|ділення|роздільник|розділювач
∥	символ паралельності|паралельно
∧	логічне "і"|and|логіка|оператор
∩	знак перетину|набір|перетин
∪	обʼєднання|набір|поєднання|союз|сполука
∫	інтеграл|інтегрування
∬	подвійний інтеграл|алгебра|два|інтегрування
∮	контурний інтеграл|алгебра|інтегрування|контур
∴	тому|випливає|висновок|логіка
∵	оскільки|бо|логіка|тому що
∶	відношення|порівняння|пропорція
∷	пропорція|порівняння|пропорційно
∼	знак тильди|оператор|приблизно|тильда
∽	обернена тильда|навпаки|обернути|оператор|тильда
∾	обернена лінива s|горизонтально|ес|обернути
≃	асимптотично дорівнює|асимптота|математика|рівність
≅	приблизно дорівнює|близько|майже|математика|нерівність|рівність
≈	приблизна рівність|майже рівні
≌	усі дорівнюють|математика|рівність
≒	приблизно дорівнює фігурі|близько|майже|математика|рвність|фігура
≖	кільце у знаку рівності|кільце|коло|матиматика|рівність
≠	нерівність|нерівні
≡	тотожність|однаковий|потрійний|тотожний|точний
≣	цілком тотожні|еквівалентність|математика|повністю|рівно|суворо|тотожність
≤	менше або дорівнює|не більше ніж
≥	більше або дорівнює|не менше ніж
≦	менше ніж над знаком рівності|математика|нерівність|рівність
≧	більше ніж над знаком рівності|математика|нерівність|рівність
≪	набагато менше|математика|набагато|нерівність
≫	набагато більше|математика|набагато|нерівність
≬	між|проміжок
≮	не менше|математика|менше ніж|не|нерівність
≯	не більше|більше ніж|математика|не|нерівність
≳	більше ніж або еквівалентний|більше або дорівнює|більше чи дорівнює|математика|нерівність
≺	передувати|математика|набір|оператор|перед|попереду
≻	слідувати за|за|математика|набір|оператор|після
⊁	не слідує за|за|математика|набір|не|оператор|після
⊂	підмножина|набір
⊃	строга надмножина|математика|набір|над|оператор
⊆	є підмножиною|входить|дорівнює|математика|набір|належить|оператор
⊇	надмножина|входить|математика|набір|належить|оператор|рівність
⊕	плюс у колі|коло|круг|плюс
⊖	мінус у колі|коло|круг|мінус
⊗	тензорний добуток|добуток|коло|круг|множення
⊘	скісна риска в колі|коло|математика|навскіс|перекреслене
⊙	крапка в колі|xnor|коло|оператор|точка
⊚	кільце в колі|кільце|коло|оператор
⊛	зірочка в колі|зірка|коло|оператор
⊞	плюс у квадраті|додавання|квадратний|математика
⊟	мінус у квадраті|віднімання|квадратний|математика
⊥	перпендикуляр|вгору|висота|прямий
⊮	не викликає|не призводить|не спричиняє
⊰	передує у відношенні|відношення|математика|менше|набір|оператор
⊱	слідує у відношенні|відношення|математика|менше|набір|оператор
⊶	прообраз|оригінал
⊹	ермітово-спряжена матриця|ерміт|квадрат|математика|матриця|самоспряжений|спряжений
⊿	правий прямокутний трикутник|вправо|прямий|справа
⋁	логічне "або"|n-ний|дизʼюнкція|логіка|логічний|чи
⋂	n-арний перетин|n-ний|математика|набір|оператор
⋃	n-арне обʼєднання|n-ний|математика|набір|оператор
⋅	оператор точки|крапка|множення|точка|цятка
⋆	символ "зірочка"|зірка|оператор
⋈	природне зʼєднання|бінарний|логіка|математика|оператор
⋒	подвійний перетин|два|логіка|математика|оператор
⋘	дуже суттєво менше|математика|набагато|нерівність|сильно
⋙	дуже суттєво більше|математика|набагато|нерівність|сильно
⋭	не містить як нормальну підгрупу або дорівнює|входить|група|математика|ні|нормальний|підгрупа|рівний|рівність|теорія|як
⋮	вертикальна трикрапка|вертикально|крапка|три
⋯	горизонтальна трикрапка по центру|горизонтально|еліпсис|крапки|посередині|три
⋰	діагональна трикрапка вправо вгору|діагональ|еліпсис|крапки|три
⋱	діагональна трикрапка вправо вниз|діагональ|еліпсис|крапки|три
⌚	наручний годинник|годинник
⌛	пісковий годинник|відлік часу|пісок|пісочний годинник|таймер
⌨	клавіатура|комп’ютер
⏏	кнопка витягання|вийняти|кнопка «вийняти»
⏩	кнопка перемотування вперед|вперед|дві|кнопка «перемотати вперед»|кнопка мотання вперед|перемотати|стрілка
⏪	кнопка перемотування назад|дві|кнопка «швидко назад»|кнопка мотання назад|перемотати|подвійна стрілка назад|стрілка
⏫	кнопка мотання вгору|дві|кнопка «швидко вгору»|подвійна стрілка|стрілка
⏬	кнопка мотання вниз|вниз|дві|кнопка «швидко вниз»|стрілка|стрілки донизу
⏭	кнопка наступної композиції|кнопка «наступна композиція»|наступна композиція|наступна сцена|стрілка|трикутник
⏮	кнопка повернення до попередньої композиції|кнопка «остання композиція»|попередня композиція|попередня пісня|попередня сцена|стрілка|трикутник
⏯	кнопка «відтворити або призупинити»|відтворити|пауза|правий|призупинити|стрілка|трикутник
⏰	будильник|годинник
⏱	секундомір|будильник|годинник
⏲	таймер|годинник|секундомер
⏳	пісковий годинник із піском, який сиплеться|години|готово|життя одне|не|очікування|пісковий годинник|пісок|сипання|таймер
⏸	кнопка паузи|вертикальна|дві|кнопка «призупинити»|лінія|пауза
⏹	кнопка стоп|зупинити|квадрат|кнопка «припинити»|припинити
⏺	кнопка запису|запис|кнопка «запис»|коло
Ⓜ	коло з літерою «м»|коло|м|метро
■	заповнений квадрат|прямокутник|суцільний
□	порожнистий квадрат|порожній|прямокутник
▢	порожнистий квадрат зі скругленими кутами|заокруглений|порожній|прямокутник
▣	суцільний квадрат у контурному квадраті|заповнений|контур|рамка
▤	горизонтально заштрихований квадрат|штрихування
▥	вертикально заштрихований квадрат|штрихування
▦	квадрат зі штрихуванням "решітка"|клітинка
▧	квадрат, заштрихований діагонально вправо вниз|заштрихований діагонально вправо вниз|квадрат
▨	квадрат, заштрихований діагонально вліво вниз|заштрихований діагонально вліво вниз|квадрат
▩	квадрат із діагональним штрихуванням "решітка"|діагональ|клітинка
▪	малий чорний квадрат|геометричний|квадрат|чорний квадрат
▫	малий білий квадрат|геометричний|квадрат
▬	заповнений прямокутник|суцільний
▭	порожнистий прямокутник|порожній
▮	заповнений вертикальний прямокутник|суцільний
▰	заповнений паралелограм|суцільний
▲	заповнений трикутник, обернений угору|заповнений|обернений угору|стрілка|трикутник|угору
△	порожнистий спрямований вгору трикутник|догори|порожній
▴	маленький суцільний трикутник вершиною вгору|догори|заповнений
▵	маленький контурний трикутник вершиною вгору|догори|порожній
▶	кнопка відтворення|відтворити|вправо|кнопка «відтворити»|праворуч|стрілка|трикутник
▷	порожнистий спрямований вправо трикутник|вправо|порожній|трикутник
▸	маленький суцільний трикутник вершиною вправо|заповнений|праворуч
▹	маленький порожнистий спрямований вправо трикутник|порожній|праворуч
►	заповнений вказівник управо|праворуч|суцільний
▻	контурний вказівник управо|порожній|праворуч
▼	заповнений трикутник, обернений униз|заповнений|обернений униз|стрілка|трикутник|униз
▽	порожнистий спрямований вниз трикутник|донизу|порожній
▾	маленький заповнений спрямований вліво трикутник|ліворуч|суцільний
▿	маленький порожнистий спрямований вниз трикутник|донизу|порожній
◀	кнопка реверсу|вліво|кнопка «назад»|назад|попередня пісня|стрілка|стрілка ліворуч|трикутник
◁	порожнистий спрямований вліво трикутник|вліво|порожній|трикутник
◂	маленький суцільний трикутник вершиною вліво|заповнений|ліворуч
◃	маленький порожнистий спрямований вліво трикутник|ліворуч|порожній
◄	заповнений вказівник уліво|ліворуч|суцільний
◅	контурний вказівник уліво|ліворуч|порожній
◆	заповнений ромб|квадрат|суцільний
◇	порожнистий ромб|квадрат|порожній
◈	порожнистий ромб із заповненим ромбом|всередині|квадрат|порожній|суцільний
◉	порожнисте коло з кругом|концентричні|око|порожній
◊	ромб|діамант
○	порожнє коло|кільце|коло
◌	коло крапками|контурний|круг|пунктир|штрих
◍	заштриховане вертикально коло|круг
◎	концентричні кола|круг|мішень|подвійне|ціль
●	заповнене коло|коло
◐	заповнене зліва коло|круг|ліворуч|півколо|суцільне
◑	заповнене справа коло|круг|півколо|праворуч|суцільне
◒	заповнене знизу коло|донизу|круг|півколо|суцільне
◓	заповнене зверху коло|догори|круг|півколо|суцільне
◔	коло із заповненою правою верхньою чвертю|четверта|четвертинка
◕	коло із порожнистою лівою верхньою чвертю|три чверті|четверта|четвертинка
◖	лівий півкруг|вліво|ліворуч|півколо|половина
◗	правий півкруг|півколо|половина|право|праворуч
◘	незаповнений квадратик маркування|галочка|порожній|прапорець
◙	коло в заповненому квадраті|вписаний|всередині|круг|суцільний
◜	ліва верхня чверть кола|дуга
◝	права верхня чверть кола|дуга
◞	права нижня чверть кола|дуга
◟	ліва нижня чверть кола|дуга
◠	верхнє півколо|дуга
◡	нижнє півколо|дуга
◢	заповнений трикутник із прямим кутом унизу справа|донизу|прямокутний|суцільний
◣	заповнений трикутник із прямим кутом унизу зліва|донизу|ліворуч|прямокутний|суцільний
◤	заповнений трикутник із прямим кутом угорі зліва|догори|ліворуч|прямокутний|суцільний
◥	заповнений трикутник із прямим кутом угорі справа|догори|праворуч|прямокутний|суцільний
◦	маркер-кільце|коло|круг|порожній
◯	велике порожнє коло|кільце|коло
◳	контурний квадрат із виділеним правим верхнім квадрантом|вписаний|всередині|порожній
◷	коло з виділеним правим верхнім квадрантом|вписаний|всередині|порожній|сектор
◻	середній білий квадрат|геометричний|квадрат
◼	середній чорний квадрат|геометричний|квадрат|чорний квадрат
◽	менший за середній білий квадрат|білий квадрат|геометричний|квадрат
◾	менший за середній чорний квадрат|геометричний|квадрат|чорний квадрат
◿	контурний трикутник із прямим кутом унизу справа|внизу|кут|прямий|прямокутний|справа
☀	сонце|космос|погода|промені|сонячний|яскравий
☁	хмара|погода
☂	парасолька|дощ|одяг|погода
☃	сніговик|зима|погода|сніг|холодний
☄	комета|астероїд|космос
☎	телефон
☑	клітинка з галочкою|✓|бюлетень|відмічена клітинка|галочка|клітина|позначка|поставити прапорець|прапорець
☔	парасолька з краплями дощу|дощ|крапля|одяг|парасолька|погода
☕	гарячий напій|гарячий|кава|кафе|кофеїн|напій|паруючий|пити|сніданок|чай
☘	трилисник|ірландський|конюшина|листя|рослина
☝	вказівний палець, що вказує вгору|вгору|вказівний|зауважте|палець|рука|увага|угору|указувати|хвилинку|цей
☠	череп і кістки|кістки|монстр|обличчя|перехрещені|пірати|скелет|смерть|тіло|череп
☢	радіаційна небезпека|знак|опромінення|радіоактивний|радіоактивні матеріали|радіоактивність
☣	біологічна загроза|біологічна небезпека|знак
☦	православний хрест|правовірний|православний|релігія|хрест|християнин|християнство
☪	зірка і півмісяць|іслам|мусульманин|релігія
☮	символ миру|мир
☯	інь-ян|дао|даосизм|інь|релігія|янь
☸	колесо дхарми|буддист|дхарма|колесо|релігія
☹	похмуре обличчя|злий|незадоволений|обличчя|розчарований|сумний
☺	усміхнене обличчя|задоволений|обличчя|посмішка|спокійний|усмішка
♀	символ жінки|жінка|жіноча стать|знак жінки
♂	символ чоловіка|знак чоловіка|чоловік|чоловіча стать
♈	овен|баран|гороскоп|знак зодіаку|зодіак
♉	телець|бик|віл|гороскоп|знак зодіаку телець|зодіак
♊	близнюки|гороскоп|зодіак
♋	рак|гороскоп|знак зодіаку|зодіак|краб
♌	лев (знак зодіаку)|гороскоп|зодіак|лев
♍	діва|гороскоп|зодіак
♎	терези|гороскоп|знак зодіаку терези|зодіак|рівновага|справедливість
♏	скорпіон (знак зодіаку)|гороскоп|знак зодіаку скорпіон|зодіак|скорпіон
♐	стрілець|гороскоп|зодіак
♑	козоріг|гороскоп|знак зодіаку|зодіак|коза|козеріг
♒	водолій|вода|гороскоп|знак зодіаку водолій|зодіак|носій
♓	риби|гороскоп|знак зодіаку|зодіак|риба
♟	пішак|пішка|фігура|шахи|шахмати
♠	піка|азарт|гра|карта|карти|масть|пікова дама
♣	трефа|гра|карта|масть|трефи
♥	чирва|гра|карта|масть|чирви
♦	бубна|бубни|гра|карта|масть
♨	гарячі джерела|гарячий|джерело|паруючі
♪	восьма нота|восьма|нота|одна восьма
♭	бемоль|музика
♯	дієз|діез
♻	символ утилізації|переробка|утилізація
♾	нескінченність|безкінечність|горизонтальна вісімка|універсальність
♿	символ крісла-візка|доступність|інвалідне крісло|символ візка
⚒	молоток і кирка|інструмент|кирка|молоток
⚓	якір|знаряддя|корабель
⚔	схрещені мечі|зброя|мечі|перехрещений
⚕	символ медицини|ескулап|медицина|медичний символ|персонал
⚖	ваги|вага|знаряддя|зодіак|правосуддя|рівновага|справедливість|терези
⚗	перегінний куб|дистилятор|знаряддя|хімічна реакція|хімія
⚙	шестірня|інструмент|налаштування|параметри
⚛	символ атома|атеїст|атом
⚜	геральдична лілія
⚠	попередження|застереження|увага
⚡	висока напруга|блискавка|електрика|електричний|напруга|небезпека
⚧	трансгендерний символ|трансгендер
⚪	білий круг|біле|геометричний|коло
⚫	чорний круг|геометричний|коло|чорне
⚰	труна|вампір|похорон|смерть
⚱	урна для тліну|ваза|поховальна урна|похорон|смерть|урна
⚽	футбольний м’яч|м’яч|спорт|фіфа|футбол|чемпіонат
⚾	бейсбольний м’яч|м’яч|спорт
⛄	сніговик без снігу|cніговик|погода|сніг|сніговик|холодний
⛅	сонце за хмарою|погода|сонце|хмара|хмарно
⛈	хмара з блискавкою та дощем|грім|дощ|погода|хмара
⛎	змієносець|гороскоп|змія|зодіак|носій
⛏	кирка|інструмент|шахта
⛑	каска рятувальника|допомога|захист|каска з білим хрестом|правила безпеки|робота|хрест|шапка|шолом
⛓	ланцюги|ланцюг
⛓‍💥	розірваний ланцюг|воля|ланки|розрив|розривання
⛔	вʼїзд заборонено|в’їзд заборонено|вʼїзд|заборонено|не в’їжджати|не дозволено|немає|рух
⛩	синтоїстський храм|релігія|святиня|синтоїстський
⛪	церква|будівля|релігія|хрест|християнський
⛰	гора
⛱	пляжна парасолька|дощ|парасолька|пляж|погода|сонце
⛲	фонтан
⛳	лунка для гольфу з прапорцем|гольф|гра|лунка
⛴	пором|човен
⛵	вітрильник|відпочинок|море|плавання|транспорт|човен|яхта
⛷	лижник|лижі|сніг|спорт
⛸	ковзан|катання на ковзанах|лід|спорт
⛹	людина, що веде мʼяч|баскетбол|баскетболіст|вести мʼяч|гравець|людина|мʼяч|спортсмен|точний кидок
⛹‍♀	жінка, що веде мʼяч|баскетбол|жінка|жінка з м’ячем|м’яч|спорт|що веде мʼяч
⛹‍♂	чоловік, що веде мʼяч|м’яч|чоловік|чоловік із м’ячем|що веде мʼяч
⛺	намет|похід
⛽	бензоколонка|заправка|насос|паливний насос|пальне
✂	ножиці|вирізати|інструмент|папір
✅	кнопка з галочкою|✓|виконано|галочка|готово|значок|кнопка|опція|позначка|прапорець
✈	літак|транспорт
✉	конверт|електронний|емейл|лист|пошта
✊	піднятий кулак|кулак|рука|стиснутий|тіло
✋	піднята рука|дай пʼять|долоня|рука|стояти|тіло
✌	жест перемоги|v|перемога|рука|тіло
✍	рука, що пише|писати|рука|тіло|що пише
✏	олівець
✒	кінчик чорнильного пера|перо|перо старомодної чорнильної ручки|ручка|чорнила
✔	галочка|✓|відмітка|готово|позначка
✖	множення|×|знак|кратність|помножити|скасувати|х
✝	латинський хрест|католицький хрест|релігія|хрест|християнин
✡	зірка давида|давид|єврей|єврейський|зірка|іудаїзм|релігія
✨	блискітки|зірка|іскра|іскри|яскравий
✳	восьмикутний астериск|*|астериск|восьмикутна зірка|зірочка|знак
✴	восьмикінцева зірка|*|вісім виступів|восьмикінечна зірка|зірка
❄	сніжинка|погода|сніг|холод|холодний
❇	блискітка|*
❌	хрестик|×|значок|множення|позначка|помножити|скасувати|х
❎	кнопка з хрестиком|×|значок|квадрат|позначка|х
❓	червоний знак питання|?|знак питання|питання|пунктуація|розділовий знак
❔	білий знак питання|?|знак питання|контурний|питання|пунктуація|розділовий знак
❕	білий знак оклику|!|знак оклику|контурний|оклик|пунктуація|розділовий знак
❗	червоний знак оклику|!|знак оклику|оклик|пунктуація|розділовий знак
❣	знак оклику у формі серця|жирний|знак|оклику|пунктуація|розділовий|серце|серця|стилізований|форма
❤	червоне серце|емоція|кохання|любов|серце|червоне
❤‍🔥	палке серце|жага|любов|опік|священне серце|серце
❤‍🩹	серце, що заживає|вже краще|здоровий|здоровіший|лікування|одужання|покращення|поправка|серце
➕	плюс|+|знак|математика|математичний
➖	мінус|-|−|знак|математика|математичний
➗	ділення|÷|знак|математика|математичний
➡	стрілка вправо|напрям|праворуч|сторона|стрілка|східний
➰	закручена петля|закручений|петля
➿	подвійна закручена петля|закручений|петля|подвійний
⤴	стрілка вправо з вигином угору|стрілка|стрілка вгору|стрілка праворуч із поворотом угору
⤵	стрілка вправо з вигином униз|вниз|стрілка|стрілка праворуч із поворотом униз
⨧	плюс із нижнім індексом два|двійка|індекс|нижній
⨯	знак множення "хрестик"|добуток|ікс|множення
⨼	внутрішнє множення|внутрішній|добуток|множення
⩣	логічне "або" з подвійним нижнім підкресленням|двічі|логіка|підкреслення|подвійне
⩽	менше або дорівнює скісне|нахил|нерівність|рівність
⪍	менше над асимптотично дорівнює|асимптота|нерівність|рівність
⪚	дорівнює над більше|нерівність|рівність
⪺	слідує над не дорівнює приблизно|вище|майже|над|нерівність|ні|рівність
⬅	стрілка вліво|західний|напрям|сторона|стрілка ліворуч
⬆	стрілка вгору|на північ|напрям|північ|сторона світу|стрілка
⬇	стрілка вниз|напрям|південний|сторона|стрілка
⬛	великий чорний квадрат|геометричний|квадрат
⬜	великий білий квадрат|геометричний|квадрат
⭐	зірка|середня біла зірка
⭕	порожнисте червоне коло|велике|коло|о|червоне
、	ідеографічна кома|кома
。	ідеографічна крапка|ідеографічна|крапка|порожня крапка
〈	відкривна кутова дужка|відкривна|кутова дужка
〉	закривна кутова дужка|закривна дужка|кутова
《	відкривна подвійна кутова дужка|відкривна|кутова дужка|подвійна
》	закривна подвійна кутова дужка|закривна|подвійна кутова дужка
「	ліва верхня квадратна дужка|кутова дужка|ліва верхня
」	права нижня квадратна дужка|кутова дужка|права нижня
『	відкривна квадратна верхня дужка з просвітом|відкривна|дужка з просвітом|квадратна дужка
』	закривна квадратна нижня дужка з просвітом|дужка з просвітом|закривна|квадратна дужка
【	відкривна лінзоподібна дужка|відкривна дужка|лінза|лінзоподібна
】	закривна лінзоподібна дужка|закривна дужка|лінза|лінзоподібна
〔	відкривна гексагонова дужка|відкривна|відкривна «черепахова» дужка|гексагонова дужка
〕	закривна гексагонова дужка|відкривна|гексагонова дужка|закривна «черепахова» дужка
〖	відкривна порожня лінзоподібна дужка|відкривна дужка|лінза|лінзоподібна
〗	закривна порожня лінзоподібна дужка|закривна дужка|лінза|лінзоподібна
〰	хвилясте тире|пунктуація|тире|хвилястий
〽	японський знак початку частини пісні|значок|частина
・	інтерпункт|внутрішньорядкова крапка|катакана
㊗	кнопка "вітання" японською|вітання|ідеограма|ієрогліф|китайський|привітання|японський
㊙	кнопка "секрет" японською|ідеограма|ієрогліф|китайський|секрет|японія
﷼	реал|валюта
🀄	фішка маджонгу «червоний дракон»|гра|маджонг|фішка маджонг червоний дракон|червоний
🃏	джокер|гра|грати|карта
🅰	кнопка a (iі група крові)|1|a|i|кнопка «група крові а»|кров|літера а
🅱	кнопка b (iii група крові)|2|b|ii|група крові|кнопка «група крові b»|кров
🅾	кнопка o (і група крові)|4|iv|o|група крові|група крові 0|група крові o|кнопка «група крові 0»|кнопка «група крові o»|кнопка «і група крові»|кров
🅿	кнопка «паркування»|паркування
🆎	кнопка ab (iv група крові)|3|ab|iii|група крові|група крові ab|кнопка «група крові ab»|кров|четверта група крові
🆑	кнопка «очистити»|квадрат «очистити текст»|клавіша "очистити текст"|очистити текст
🆒	кнопка «cool»|квадрат «круто»|круто
🆓	кнопка «free»|free|безкоштовно|безплатно|квадрат «безкоштовно»
🆔	кнопка "id"|ідентифікатор|ідентифікація|квадрат «ідентифікатор»|кнопка ідентифікації|особистість
🆕	кнопка "new"|квадрат «новий»|новий
🆖	кнопка "ng"|абсолютно ні|квадрат «негативно»|негативно
🆗	кнопка «ок»|ok|ок|окей
🆘	кнопка "sos"|sos|допомога|квадрат «sos»
🆙	кнопка "up!"|вгору|значок|кнопка «вгору!»
🆚	кнопка "vs"|квадрат «проти»|проти
🈁	кнопка "тут" японською|ієрогліф|квадрат з ідеограмою «тут»|японський
🈂	кнопка "сервісний збір" японською|ієрогліф|квадрат з ідеограмою «сервіс»|японський
🈚	кнопка "безкоштовно" японською|ієрогліф|квадрат з ідеограмою «заперечення»|японський
🈯	кнопка "зарезервовано" японською|ієрогліф|японський
🈲	кнопка "заборонено" японською|ієрогліф|квадрат з ідеограмою «заборонено»|японський
🈳	кнопка "вільно" японською|ідеограма|ієрогліф|китайський|пустота|японський
🈴	кнопка "достатня оцінка" японською|ієрогліф|китайський|японія|японський
🈵	кнопка "місць немає" японською|квадрат з ідеограмою «заповненість»|китайський|японський ієрогліф
🈶	кнопка "не безкоштовно" японською|ієрогліф|квадрат з ідеограмою «існує»|японський
🈷	кнопка "щомісяця" японською|ієрогліф|квадрат з ідеограмою «місяць»|японський
🈸	кнопка "заявка" японською|ієрогліф|квадрат з ідеограмою «подати заявку»|китайський
🈹	кнопка "знижка" японською|ієрогліф|квадрат з ідеограмою «поділити»|японський
🈺	кнопка "робота" японською|ієрогліф|квадрат з ідеограмою «робота»|китайський
🉐	кнопка "угода" японською|ієрогліф|японія|японський
🉑	кнопка "прийнятно" японською|ієрогліф|китайський|коло з ідеограмою «прийняти»
🌀	циклон|запаморочення|погода|смерч|спіраль|тайфун
🌁	туманно|верхівка|гора|погода|топ|туман
🌂	складена парасолька|дощ|одяг|парасолька|погода
🌃	зоряна ніч|зірка|ніч|погода
🌄	схід сонця над горами|гора|погода|ранок|сонце|схід
🌅	схід сонця|погода|ранок|світанок|сонце
🌆	місто в сутінках|будівля|вечір|захід|ландшафт|місто|сутінки
🌇	захід сонця|будівля|місто|сонце|сутінки
🌈	веселка|бісексуал|гей|гендер|глбт|дощ|квір|лгбт|лесбіянка|погода|природа|транс
🌉	міст уночі|golden gate|міст|ніч|погода
🌊	хвиля|вода|океан|погода
🌋	вулкан|виверження|гора|лава
🌌	чумацький шлях|космос|погода
🌍	глобус, що показує європу й африку|африка|глобус|європа|земля|світ|що показує європу й африку
🌎	глобус, що показує америки|америка|глобус|західна півкуля|земля|планета|світ|що показує америки
🌏	глобус, що показує азію і австралію|австралія|азія|глобус|земля|світ|що показує азію і австралію
🌐	земна куля з меридіанами|глобус|глобус із меридіанами|земля|меридіани|світ
🌑	молодий місяць|космос|місяць|молодий|погода|темний
🌒	місяць у першій чверті|зростаючий|космос|місяць|молодий півмісяць|півмісяць|погода
🌓	перша чверть місяця|космос|луна|місяць|місяць у першій чверті|погода|чверть
🌔	місяць у другій чверті|зростаючий|космос|місяць|погода|серпоподібний
🌕	повний місяць|космос|місяць|повний|погода
🌖	місяць у третій чверті|космос|місяць|погода|серпоподібний|спадаючий
🌗	остання чверть місяця|затемнення|космос|місяць|місяць в останній чверті|небо|планета|погода|супутник|чверть
🌘	місяць у четвертій чверті|космос|місяць|півмісяць|погода|спадаючий|старий місяць
🌙	серп місяця|космос|місяць|півмісяць|погода
🌚	молодий місяць з обличчям|космос|місяць|обличчя|погода
🌛	перша чверть місяця з обличчям|космос|місяць|обличчя|погода|чверть
🌜	остання чверть місяця з обличчям|космос|місяць|обличчя|погода|чверть
🌝	повний місяць з обличчям|місяць|обличчя|повний|яскравий
🌞	сонце з обличчям|весна|космос|літо|обличчя|погода|сонце|яскравий
🌟	сяйна зірка|блискучий|зірка|іскра|світиться|світло|сяє
🌠	метеор|зірка|космос|небо|падає
🌡	термометр|погода|температура
🌤	сонце за хмаркою|незначна хмарність|погода|сонце|хмара
🌥	сонце за хмариною|погода|сонце|сонце за хмарою|хмара
🌦	сонце за дощовою хмарою|дощ|погода|сонце|хмара
🌧	хмара з дощем|дощ|погода|хмара
🌨	хмара зі снігом|погода|сніг|хмара|холодний|холодно
🌩	хмара з блискавкою|блискавка|погода|хмара
🌪	торнадо|погода|ураган|хмара
🌫	туман|погода|хмара
🌬	обличчя, що дме|вітер|віяти|обличчя|погода|хмара|що дме
🌭	хот-дог|їжа|сосиска|сосиска в тісті
🌮	тако|їжа|мексика|мексиканська їжа|мексиканська кухня|такос
🌯	буріто|їжа|мексика
🌰	каштан|горіх|рослина
🌱	сіянець|листя|паросток|рослина|саджанець
🌲	вічнозелене дерево|вічнозелена рослина|дерево|рослина|сосна|ялинка
🌳	листяне дерево|дерево|листяний|опадає|рослина
🌴	пальма|дерево|рослина|тропіки
🌵	кактус|пустеля|рослина
🌶	гострий перець|гострий|перець|приправа|чилі
🌷	тюльпан|квітка|рожевий тюльпан|рослина
🌸	вишневий цвіт|вишня|квітка|рослина|цвіт|цвіт вишні
🌹	троянда|квітка|рослина|червона троянда
🌺	гібіскус|квітка|рослина
🌻	соняшник|квітка|рослина|сонце|сонях
🌼	жовта квітка|квітка|ромашка|рослина
🌽	качан кукурудзи|їжа|качан|кукурудза|маїс
🌾	сніпок рису|колос|колосся рису|пшениця|рис|рисовий колосок|рослина
🌿	лікарська рослина|листок|листя|рослина
🍀	чотирилисткова конюшина|4|конюшина|листок|листя|рослина|фортуна|чотири|чотирилиста конюшина|щастить
🍁	кленовий листок|дерево|клен|листок|листя|опадати|осінь|рослина
🍂	опале листя|листок|листопад|листя|опадати|опалий листок|осінь|рослина
🍃	листя, що кружляє за вітром|вітер|дути|кружляти|листок|листя|рослина|що кружляє за вітром
🍄	гриб|гриб із шапинкою|мухомор|плодове тіло
🍄‍🟫	коричневий гриб|вегетаріанська їжа|вегетаріанський|гарнір|гриби|їжа|печериця|трюфель|шампіньйон|шиїтаке
🍅	томат|овоч|плід|помідор|сеньйор помідор|червоний помідор
🍆	баклажан|їжа|овоч
🍇	виноград|виноградина|виноградини|їжа|плід|ягоди
🍈	диня|їжа|плід|фрукт
🍉	кавун|їжа|літо|плід
🍊	танжерин|їжа|мандарин|оранжевий|плід|помаранч|фрукт
🍋	лимон|жовтий лимон|плід|цитрус
🍋‍🟩	лайм|зелений|кислинка|коктейль|лаймовий пиріг|мохіто|сальса|цитрусовий
🍌	банан|їжа|плід|фрукт
🍍	ананас|їжа|плід|фрукт
🍎	червоне яблуко|їжа|плід|фрукт|червоний|яблуко
🍏	зелене яблуко|епл|зелений|їжа|плід|фрукт|яблуко
🍐	груша|їжа|плід|фрукт
🍑	персик|абрикос|їжа|плід|фрукт
🍒	вишні|вишня|їжа|плоди|червоні|черешня|ягоди
🍓	полуниця|їжа|плід|ягода
🍔	гамбургер|бургер|їжа|чизбургер
🍕	піца|їжа|сир|шматок
🍖	м’ясо на кістці|їжа|кістка|м’ясо
🍗	ніжка свійської птиці|їжа|кістка|курка|ніжка|птиця|ципля "гриль"
🍘	рисовий крекер|їжа|крекер|рис
🍙	рисова кулька|їжа|кулька|рис|японський
🍚	приготований рис|варений|їжа|рис
🍛	рис із карі|їжа|карі|рис|рисовий суп
🍜	миска, з якої піднімається пара|з якої піднімається пара|їжа|локшина|миска|парувати|рамен|суп
🍝	спагеті|їжа|італійська кухня|паста
🍞	хліб|буханець|їжа|паляниця|хлібина
🍟	картопля фрі|картопля|фрі
🍠	печений батат|батат|їжа|овоч|печений топінамбур|смажити
🍡	рисові кульки на шпажці|данго|десерт|солодкий|шампур|японський
🍢	оден|їжа|кебаб|морський|шампур
🍣	суші|їжа
🍤	смажена креветка|їжа|креветка|смажений|темпура
🍥	рибний рулет зі спіральним візерунком|випічка|рибний|рулет
🍦	морозиво в ріжку|десерт|м’яке морозиво|м’який|морозиво|пломбир|солодкий
🍧	льодова стружка|десерт|лід|морозиво|солодкий|стружка
🍨	морозиво|десерт|їжа|солодкий
🍩	пончик|десерт|їжа|солодкий
🍪	печиво|десерт|солодкий|шоколадне печиво
🍫	плитка шоколаду|десерт|плитка|солодкий|шоколад
🍬	цукерка|десерт|солодкий
🍭	льодяник|десерт|солодкий|цукерка
🍮	заварний крем|десерт|їжа|пудинг|солодкий
🍯	горщик із медом|горщик|мед|солодкий
🍰	тістечко|випічка|десерт|солодкий|торт|шматок
🍱	обід у коробці|бенто|їжа|набір суші|суші|упаковка
🍲	горщик з їжею|горщик|їжа|овочевий суп|перше|рагу|суп|суп з локшиною
🍳	готування їжі|їжа|пательня|сковорода|смажити|сніданок|яєчня|яйце
🍴	виделка та ніж|вечеря|їжа|їсти|кулінарія|обід|ресторан|смакота|смачно|сніданок|столові прибори
🍵	чайна чашка без вушка|гарячий|зелений чай|їжа|крем-суп|напій|піала|суп|чай|чашка
🍶	саке|бар|напій|пити|пляшка|чашка
🍷	келих для вина|бар|вино|келих|напій|пити
🍸	бокал для коктейлю|бар|бокал|коктейль|мартіні|пити
🍹	тропічний напій|бар|коктейль|пити|тропічний
🍺	кухоль із пивом|бар|будьмо!|кухоль|пиво|пити
🍻	кухлі з пивом, що цокаються|алкоголь|бар|кухлі|напої|пиво|пиття|тости|цокання|цокатися
🍼	пляшечка для немовляти|годування|молоко|немовля|пити|пляшечка
🍽	виделка, ніж і тарілка|вечеря|виделка|кулінарія|ніж|ніж і тарілка|обід|сніданок|тарілка
🍾	пляшка з корком, що вилітає|бар|вино|відкорковувати|ігристе|корок|пити|пляшка|стріляти|тиск|шампанське
🍿	попкорн
🎀	бант зі стрічки|бант|рожевий бант|святкування|стрічка
🎁	подарунок|дарунок|запакований|коробка|святкування|сюрприз
🎂	торт на день народження|бажання|випічка|день|десерт|народження|свічки|святковий торт|святкування|солодкий|солодощі|торт
🎃	ліхтар-гарбуз|гарбуз|геловін|ліхтар|святкування|хелловін|хеллоуін|хеловін
🎄	різдвяна ялинка|дерево|новий рік|різдво|святкування|ялинка
🎅	санта клаус|дід|дід мороз|казка|новий рік|різдво|святий миколай|святкування
🎆	феєрверки|салют|святкування
🎇	бенгальський вогонь|іскра|святкування|феєрверк|феєрверки
🎈	повітряна кулька|святкування
🎉	хлопавка|вечірка|вітання|святкування|сюрприз
🎊	кулька з конфеті|конфеті|святкування
🎋	танабата, гілка тандзаку|банер|гілка тандзаку|дерево|рослина|святкування|танабата|японське святкування|японський
🎌	схрещені прапори|навхрест|прапорці|схрещені|урочистість|японські
🎍	прикраси на ялинку|бамбук|рослина|святкування|сосна|японський
🎎	японські ляльки|лялька|ляльки|святкування|фестиваль|японський
🎏	вітровказ у формі коропів|карп|святкування|транспарант|транспарант із карпами
🎐	китайські дзвіночки|вітер|дзвіночки|дзвоник|святкування
🎑	церемонія вшанування місяця|місяць|святкування|церемонія
🎒	шкільний рюкзак|навчання|ранець|сумка|шкільний портфель|школа
🎓	квадратна академічна шапочка|академік|бонет|випуск|капелюх|одяг|професор|шапка
🎖	військова медаль|відзнака|військовий|медаль|нагорода|святкування
🎗	стрічка на згадку|пам’ятна стрічка|пам’ятний|святкування|стрічка
🎙	студійний мікрофон|мікрофон|музичний|студія
🎚	повзунок рівня|бігунець рівня|гучність|музичний|повзунок|рівень|рівень гучності
🎛	обертові регулятори|елемент керування|кнопки керування|круглі регулятори|музичний|плита
🎞	кадри кіноплівки|кадр на плівці|кадри|кіно|плівка|фільм
🎟	вхідні квитки|вхідний|дозвіл|квиток
🎠	коник на каруселі|карусель|кінь|лицар|лицарський кінь
🎡	чортове колесо|колесо|колесо огляду|огляд|парк розваг
🎢	американські гірки|американський|гірки|парк розваг
🎣	рибацька вудка|вудка|вудка і риба|риба|рибалка
🎤	мікрофон|караоке
🎥	кінокамера|зйомка|камера|кіно|фільм
🎦	кінематограф|зйомка|камера|кіно|фільм
🎧	навушники
🎨	палітра художника|картина|кольори|мистецтво|музей|палітра
🎩	циліндр (капелюх)|капелюх|одяг|фокус|циліндр|чоловік
🎪	циркове шатро|намет|цирк|цирковий намет
🎫	квиток|вхідний
🎬	кінохлопавка|зйомка|фільм|хлопавка
🎭	театральне мистецтво|бал|венеціанський|венеційський|вистава|маска|маскарад|театр
🎮	ігровий контролер|відеогра|гра|джойстик|контролер|управління
🎯	мішень із прямим влученням|«яблучко»|в яблучко|влучення|гра|дротик|пряме попадання|точно|ціль
🎰	гральний автомат|азарт|вегас|везіння|виграш|гра|джекпот|залежність|ігровий|фарт
🎱	більярдна куля 8|8|більярд|більярдна куля|вісім|куля|спорт
🎲	гральна кість|гра|гральний кубик|казино|кубик
🎳	куля і кеглі для боулінгу|боулінг|гра|м’яч|спорт
🎴	гральні карти з квітами (ханафуда)|гра|гральні карти з квітами|грати|карта|ханафуда|японський
🎵	музична нота|музичний|нота
🎶	музичні ноти|музика|музичний|нота|ноти
🎷	саксофон|інструмент|музика|музичний
🎸	гітара|інструмент|музичний
🎹	музична клавіатура|інструмент|клавіатура|музичний|піаніно
🎺	труба|інструмент|музичний
🎻	скрипка|інструмент|музичний
🎼	партитура|музичний|ноти|скрипковий ключ
🎽	бігова теніска|біг|сорочка|спортивна форма|стрічка|футболка
🎾	тенісний м’яч|м’яч|ракетка|спорт|теніс
🎿	лижі|сніг|спорт
🏀	баскетбольний м’яч|кільце|м’яч|спорт
🏁	картатий прапор|картатий|клічастий|перегони|прапор для перегонів|фініш
🏂	сноубордист|лижі|сніг|сноуборд|спорт
🏃	людина, що біжить|біг|змагання|людина|марафон|навздогін|поспішати|спорт|спортсмен|швидкий
🏃‍♀	жінка, що біжить|біг|втеча|жінка|змагання|на перегонки|спорт|що біжить
🏃‍♂	чоловік, що біжить|біг|втеча|спорт|чоловік|що біжить
🏄	людина, що займається серфінгом|людина|океан|пляж|серфер|серфінг|спортсмен|хвилі
🏄‍♀	серфінгістка|жінка|серфінг|спорт
🏄‍♂	серфінгіст|серфінг|чоловік
🏅	спортивна медаль|золота медаль|медаль
🏆	приз|виграш|кубок|нагорода|перемога|трофей
🏇	кінні перегони|біговий кінь|жокей|кінь|перегони|спорт
🏈	мʼяч для американського футболу|американський|м’яч|м’яч для гри в американський футбол|спорт|футбол
🏉	мʼяч для регбі|американський футбол|м’яч|м’яч для гри в регбі|регбі|спорт|футбол
🏊	людина, що пливе|вода|водний спорт|людина|плавання|плавати|плавець|спорт|спортсмен|триатлон
🏊‍♀	плавчиня|жінка|плавання|спорт
🏊‍♂	плавець|плавання|чоловік
🏋	важкоатлет|бодібілдер|людина|людина піднімає штангу|паверліфтинг|спорт|спортсмен|станова тяга|тягар
🏋‍♀	штангістка|важка атлетика|жінка|людина|силачка|спорт|тренування
🏋‍♂	штангіст|важка атлетика|чоловік
🏌	людина, що грає в гольф|гольф|гольфіст|ключка|клюшка|людина|м’яч|поле|спортсмен|удар
🏌‍♀	гольфістка|гольф|жінка|спорт
🏌‍♂	гольфіст|гольф|чоловік
🏍	мотоцикл|перегони
🏎	cпортивний автомобіль|автомобіль|перегони
🏏	бита і мʼяч для крикету|бита|гра|крикет|м’яч|спорт
🏐	волейбольний м’яч|волейбол|гра|м’яч|спорт
🏑	ключка і мʼяч для хокею на траві|гра|ключка|м’яч|поле|хокей|хокей на траві
🏒	ключка і шайба для хокею|гра|ключка|лід|спорт|хокей|шайба
🏓	ракетка і кулька для пінг-понгу|кулька|пінг-понг|ракетка|спорт|стіл|теніс
🏔	гора із засніженою верхівкою|альпи|гора|еверест|ельбрус|засніжена гора|сніг|холодний
🏕	кемпінг|похід
🏖	пляж і парасолька|відпочинок|парасоля|пляж
🏗	спорудження будівлі|будівля|спорудження
🏘	група будинків|будинок|будівля|вулиця
🏙	міський краєвид|будівля|вечір|краєвид міста|місто|сутінки в місті
🏚	занедбаний будинок|будинок|будівля|заброшений|покинутий|сарай|стара будівля
🏛	антична будівля|будівля|доричні колони|класичний|колони
🏜	пустеля|оаза
🏝	безлюдний острів|безлюдний|берег|острів|пальма
🏞	національний парк|картина|ландшафт|парк
🏟	стадіон|вболівальники|гра|футбол
🏠	будинок|будівля|вдома|дім
🏡	будинок із садом|будинок|будівля|дім|сад
🏢	офісна будівля|будівля
🏣	японське поштове відділення|будівля|пошта|японська пошта|японський
🏤	поштове відділення|будівля|європейський|пошта
🏥	лікарня|будівля|госпіталь|лікар|медицина
🏦	банк|будівля
🏧	символ банкомата|банківський автомат|банкомат|готівка|знак банкомата|зняти гроші|термінал самообслуговування
🏨	готель|будівля
🏩	готель кохання|будівля|готель|готель для закоханих|кохання|мотель
🏪	цілодобовий магазин|будівля|магазин|цілодобовий
🏫	школа|будівля
🏬	універмаг|банк|будівля|офіс
🏭	фабрика|будівля|завод
🏮	червоний паперовий ліхтар|бар|ліхтар|ліхтар ізакайа|світло|червоний|японський
🏯	японський замок|будівля|пагода
🏰	замок|будівля|європейська|фортеця
🏳	білий прапор|майорить
🏳‍⚧	прапор трансгендерів|білий|блакитний|прапор|рожевий|трансгендер
🏳‍🌈	веселковий прапор|веселка|веселковий|райдуга|райдужний прапор
🏴	чорний прапор|майорить
🏴‍☠	піратський прапор|веселий роджер|корсар|піратський|скарб
🏵	розета|бутон|квітка|розетка|рослина|чорнобривець
🏷	бирка|бейдж|бірка|мітка|ярлик
🏸	ракетка і волан для бадмінтону|бадмінтон|волан|воланчик|гра|ракетка|спорт
🏹	лук і стріла|зброя|знаряддя|зодіак|лук|лучник|стріла|стрілець
🏺	амфора|водолій|глек|зодіак|кулінарія|пити
🏻	світлий тон шкіри|тон|фіцпатрік|шкіра
🏼	помірно світлий тон шкіри|тон|фіцпатрік|шкіра
🏽	помірний тон шкіри|середній тон шкіри|тон|фіцпатрік|шкіра
🏾	помірно темний тон шкіри|тон|фіцпатрік|шкіра
🏿	темний тон шкіри|тон|фіцпатрік|шкіра
🐀	щур|пацюк|тварина
🐁	миша|тварина
🐂	бик|віл|зодіак|тварина|телець
🐃	буйвіл|тварина
🐄	корова|молоко|му|тварина|ферма
🐅	тигр|тварина|хижак
🐆	леопард|дика кішка|тварина|хижак
🐇	кролик|заєць|кріль|тварина
🐈	кіт|домашній улюбленець|коша|тварина
🐈‍⬛	чорний кіт|кіт|кішка|мяу|невдаха|невдача|нещастя|погана прикмета|тварина|чорний
🐉	дракон|казка
🐊	крокодил|алігатор|тварина|хижак
🐋	кит
🐌	равлик|павлик-равлик|петрик|природа|слимак|тварина
🐍	змія|гадюка|змієносець|змій|зодіак
🐎	кінь|верхогони|кінні|перегони|скачки|тварина
🐏	баран|вівця|гороскоп|зодіак|овен|тварина
🐐	цап|гороскоп|зодіак|козел|козеріг|тварина
🐑	вівця|вовна|тварина|ферма|ягня
🐒	мавпа|тварина
🐓	півень|когут|птах
🐔	курка|квочка|курча|птах
🐕	собака|домашня тварина|пес|тварина
🐕‍🦺	службовий собака|допомога|доступність|службовий|собака|спеціальні можливості|супровід|тварина
🐖	свиня|льоха|порося|свиноматка|тварина
🐗	вепр|кабан|кнур|тварина
🐘	слон|тварина
🐙	восьминіг
🐚	морська мушля|мушля|спіральна мушля|спіральний
🐛	комаха|гусінь|комашина|комашка
🐜	мураха|комаха
🐝	бджола|комаха
🐞	сонечко|жучок|комаха|корівка
🐟	риба|гороскоп|зодіак|риби
🐠	тропічна риба|море|океан|риба|тропічний
🐡	риба-куля|риба|риба-їжак
🐢	черепаха|тварина
🐣	курча, що вилуплюється|великдень|вилуплюватися|курча|новонароджений|прокльовуватися|птах|пташка|що вилуплюється
🐤	мале курча|курка|курча|курчатко
🐥	курча, що стоїть|анфас|курча|орнітологія|пискля|пташа|пташка|тварина
🐦	птах|пташка
🐦‍⬛	чорний птах|ворон|дзьоб|дрізд|каркати|крук|птах|тварина|чорний
🐦‍🔥	фенікс|відродження|жар-птиця|нове життя|оживлення|ожити|оновлення|перевтілення|повстати|слава|фантастика
🐧	пінгвін|птах
🐨	коала|ведмідь|морда|тварина
🐩	пудель|пес|собака|тварина
🐪	одногорбий верблюд|верблюд|горб|дромадер|одногорбий|пустеля|сахара|тварина
🐫	двогорбий верблюд|бактріан|верблюд|горб|двогорбий|караван|пустеля|тварина
🐬	дельфін|плавець
🐭	морда миші|миша|мишача морда|морда|пацюк|тварина
🐮	морда корови|коров’яча морда|коровʼяча морда|корова|морда|тварина
🐯	морда тигра|морда|тварина|тигр|тигряча морда|хижак
🐰	морда кроля|заєць|кролик|кроляча морда|морда|тварина
🐱	морда кота|домашня тварина|кіт|котяча морда|морда|тварина
🐲	голова дракона|голова|дракон|зелений дракон|казка
🐳	кит, що пускає фонтан|кит|обличчя|океан|пляж|тварина|фонтан
🐴	голова коня|кінь|кобила|лоша|морда|тварина
🐵	морда мавпи|мавпа|мавпяча морда|морда|тварина
🐶	морда собаки|морда|пес|собака|собача морда|тварина
🐷	рило свині|морда|порося|свиня|свиняче рило|тварина
🐸	жаба|болото|жабʼяча|жабина|морда|тварина
🐹	хомʼяк|домашня тварина|морда|морда хом’яка|тварина|хом’як|хом’якова
🐺	вовк|вовча|морда|тварина|хижак
🐻	ведмідь|ведмедева|ведмежа|ведмежача|морда|тварина
🐻‍❄	полярний ведмідь|арктичний|білий|ведмідь|полярний
🐼	панда|морда|морда панди|тварина
🐽	свинячий пʼятак|морда|рило|свиня|свиняче рильце
🐾	сліди лап|відбитки лап|лапа|слід
🐿	бурундук|білка|вивірка|тварина
👀	очі|обличчя|око|тіло
👁	око|тіло
👁‍🗨	око в текстовій бульці|значок свідка|око|проти переслідування|свідок|що символізує кампанію проти залякування
👂	вухо|слухати|слухаю|тіло
👃	ніс|тіло
👄	рот|губи|помада|поцілунок|тіло|чутлива
👅	язик|тіло
👆	палець тильним боком, що вказує вгору|вказівний|палець|палець тильним боком|показувати|рука|угору|указувати|що вказує вгору
👇	палець тильним боком, що вказує вниз|вказівний|дивись нижче|палець|палець тильним боком|рука|тильний|указувати|униз|що вказує вниз
👈	палець тильним боком, що вказує вліво|вліво|палець|показувати|рука|тильний бік|що вказує
👉	палець тильним боком, що вказує вправо|вказівний|палець|палець тильним боком|показувати|рука|указувати|управо|що вказує вправо
👊	кулак, що насувається|абсолютно|бро|бум|згода|кулак|правильно|рок|рука|стиснутий|удар
👋	рука махає|бувай|вітання|вітаю|дай пʼять|до зустрічі|долоня|махати|помах|привіт|рука|тіло
👌	жест «окей»|гаразд|добре|жест|зрозуміло|круто|о’кей|рука|так|тіло|чудово
👍	великі пальці вгору|+1|гаразд|добре|домовилися|класно|круто|палець угору|подобається|рука|супер|схвалення|так|тіло|файно|чудово
👎	великі пальці вниз|-1|не подобається|палець униз|рука|тіло
👏	руки, що аплодують|аплодисменти|біс|браво|відмінно|вітання|оплески|плескати|рука|ура|чудово
👐	відкриті долоні|відкритий|відкриті руки|долоні|рука|тіло
👑	корона|ваша височність|королева|королевство|король|одяг
👒	жіночий капелюшок|жінка|жіночий капелюх|капелюх|одяг
👓	окуляри|одяг|око
👔	краватка|одяг
👕	теніска поло|одяг|теніска|топ|футболка
👖	джинси|одяг|штани
👗	сукня|одяг
👘	кімоно|одяг
👙	бікіні|купальник|одяг|плавати
👚	жіночий одяг|t-shirt|блуза|жінка|одяг|топ|футболка
👛	гаманець|аксесуар|гроші|монета|одяг
👜	сумка|одяг
👝	клатч|одяг|сумка
👞	чоловіча туфля|взуття|одяг|туфлі|чоловік|чоловіче взуття
👟	кросівка|взуття|взуття для бігу|кросівки|кросівок|одяг|спортивний
👠	туфля на високому підборі|взуття|жінка|каблук|одяг|туфлі|шпилька
👡	жіноча сандалія з підбором|взуття|жінка|каблук|одяг|сандалі
👢	жіночий чобіт|взуття|жінка|одяг|тепле взуття|чобіт
👣	сліди ніг|відбитки|відбиток|нога|одяг|слід|стопи|ступні|тіло
👤	силует бюсту людини|бюст|загадка|інкогніто|таємниця|тінь
👥	силуети двох людських бюстів|бюст|люди|силует
👦	хлопчик|людина|малеча|хлопець
👧	дівчинка|діва|дівчина|зодіак|хвостики|шкільниця
👨	чоловік|блондин|дорослий|людина
👨‍⚕	медичний працівник|лікар|медбрат|медик|медицина|охорона здоровʼя|робота|терапевт|чоловік
👨‍⚖	суддя-чоловік|закон|правосуддя|робота|суддя|терези|чоловік
👨‍✈	пілот|авіатор|капітан літака|літак|льотчик|робота|чоловік
👨‍🌾	фермер|господар|садівник|чоловік
👨‍🍳	кухар|кулінар|робота|чоловік|чоловік-кухар|шев-повар|шеф-кухар
👨‍🍼	чоловік годує дитину|батьківство|батько|годування|дитина|догляд|людина|немовля|няньчити|тато|турбота|чоловік
👨‍🎓	студент|абітурієнт|бонет|випускник|чоловік
👨‍🎤	співак|артист|виконавець|зірка|людина|пісняр|рок|соліст|чоловік
👨‍🎨	чоловік-художник|живописець|маляр|митець|палітра|пензлики|робота|творець|художник
👨‍🏫	учитель|викладач|вчитель|інструктор|професор|робота|чоловік
👨‍🏭	робітник|завод|конвеєр|промисловий|трудівник|фабрика|чоловік
👨‍💻	технолог|винахідник|кодувальник|комп’ютер|програміст|робота|розробник|технік-програміст|чоловік
👨‍💼	службовець|архітектор|менеджер|офіс|офісний працівник|чоловік
👨‍🔧	механік|водопровідник|електрик|електротехнік|робота|сантехнік|фахівець|чоловік
👨‍🔬	науковець|біолог|інженер|наука|фізик|хімік|чоловік
👨‍🚀	астронавт|космонавт|космос|ракета|робота|чоловік
👨‍🚒	пожежник|вогнеборець|пожежний автомобіль|робота|чоловік
👨‍🦯	чоловік із тактильною тростиною|біла|білий|доступність|незрячий|сліпий|спеціальні можливості|тростина|ціпок|чоловік
👨‍🦼	чоловік у візку з електроприводом|візок|доступність|колісне крісло|людина|спеціальні можливості|чоловік|чоловік у візку
👨‍🦽	чоловік у візку з ручним приводом|візок|доступність|колісне крісло|спеціальні можливості|чоловік|чоловік у візку
👩	жінка|білявка|доросла|людина
👩‍⚕	медична працівниця|жінка|лікар|лікарка|медик|медицина|медсестра|охорона здоровʼя|робота|терапевт
👩‍⚖	жінка-суддя|жінка|закон|правосуддя|робота|справедливість|суддя|терези правосуддя
👩‍✈	жінка-пілот|жінка|жінка-авіатор|літак|льотчиця|пілот|робота|стюардеса
👩‍🌾	фермерка|господарка|жінка|робота|садівник|садівниця|фермер
👩‍🍳	кухарка|жінка|жінка-кухар|кулінарка|кухар|повар|повариха|робота|шеф-кухарка|шеф-повар
👩‍🍼	жінка годує дитину|батьківство|годування|дитина|догляд|жінка|людина|мама|материнство|мати|матуся|немовля
👩‍🎓	студентка|абітурієнтка|бонет|випускниця|жінка
👩‍🎤	співачка|артистка|виконавиця|жінка|зірка|людина|рок|солістка
👩‍🎨	художниця|жінка-митець|малярка|палітра|пензлики|робота
👩‍🏫	учителька|викладачка|вчителька|жінка|інструктор|професор|робота
👩‍🏭	робітниця|жінка|завод|зварка|конвеєр|монтаж|промисловий|робітник|трудівниця|фабрика
👩‍💻	жінка-технолог|винахідниця|жінка|жінка-програміст|кодувальниця|офісна працівниця|робота|технік-програміст
👩‍💼	службовка|архітектор|ділова жінка|жінка|менеджер|офіс|офісна працівниця
👩‍🔧	жінка-механік|жінка|жінка-електротехнік|жінка-сантехнік|жінка-фахівець|майстриня|полагодити|робота
👩‍🔬	жінка-науковець|жінка|жінка-біолог|жінка-інженер|жінка-фізик|жінка-хімік|наука|науковець|робота
👩‍🚀	астронавтка|жінка|жінка-космонавт|космонавтка|ракета|робота
👩‍🚒	жінка-пожежник|жінка|жінка-вогнеборець|пожежний автомобіль|пожежник|робота
👩‍🦯	жінка з тактильною тростиною|біла|білий|доступність|жінка|незряча|сліпа|спеціальні можливості|тростина|ціпок
👩‍🦼	жінка у візку з електроприводом|візок|доступність|жінка|колісне крісло|людина|спеціальні можливості
👩‍🦽	жінка у візку з ручним приводом|візок|доступність|жінка|колісне крісло|людина|спеціальні можливості
👪	родина|батько|дитина|мама|матір|сімʼя|тато
👫	жінка й чоловік, що тримаються за руки|близнята|дружба|жінка|за руки|пара|побачення|тримати|флірт|чоловік
👬	чоловіки, що тримаються за руки|близнюки|близнята|дружба|за руки|зодіак|лгбт|пара|флірт|хлопці|чоловіки
👭	жінки, що тримаються за руки|дівчата|жінки|пара|подруги|подружки|рука|тримаються за руки|що тримаються за руки
👮	працівник поліції|коп|офіцер|поліцейський|поліцейський під прикриттям|поліція|співробітник|штрафувати
👮‍♀	жінка-поліцейський|жінка|коп|офіцер|полісменка|поліцейська|поліцейський|поліція|працівниця поліції|штраф
👮‍♂	поліцейський|поліція|чоловік
👯	люди з кролячими вухами|близнюки|вечірка|вуха|дівчина|жінка|кролик|люди|найкращі друзі|однакові|пара|танцівниці|танцівниця
👯‍♀	жінки з кролячими вухами|вечірка|жінки|заячі вушка|розваги
👯‍♂	чоловіки з кролячими вухами|вечірка|заячі вушка|парубки|розваги|чоловіки
👰	людина у фаті|весілля|людина|людина з фатою|наречена|фата
👰‍♀	жінка у фаті|вуаль|жінка|жінка з вуаллю|фата
👰‍♂	чоловік у фаті|вуаль|фата|чоловік|чоловік з вуаллю
👱	людина з білявим волоссям|біляве|блонд|блондин|волосся|людина|людина зі світлим волоссям|обличчя|світле волосся|світлий
👱‍♀	жінка з білявим волоссям|білява|білявка|блондинка|жінка
👱‍♂	чоловік із білявим волоссям|білявий|блондин|волосся
👲	чоловік у китайській шапці|гуа пі мао|кругла|чоловік|чоловік в кепці|шапочка
👳	людина в тюрбані|людина|тюрбан
👳‍♀	жінка в тюрбані|жінка|тюрбан
👳‍♂	чоловік у тюрбані|тюрбан|чоловік
👴	літній чоловік|дорослий|лисий|пристарілий|старий|чоловік
👵	літня жінка|бабуся|в літах|доросла|жінка|людина|стара
👶	немовля|дитина|малеча
👷	будівельник|будівництво|будувати|каска|працівник|ремонт|ремонтувати|робітник|робота|шолом
👷‍♀	жінка-будівельник|будівельник|будівництво|жінка|робітник|робітниця|робота
👷‍♂	чоловік-будівельник|будівельник|будівництво|робітник|чоловік
👸	принцеса|казкова|королева|королівна|корона|робота|чарівна
👹	велетень-людожер|казка|людожер|монстр|обличчя|створіння|фантазія|японський
👺	гоблін|казка|монстр|обличчя|створіння|фантазія|японський
👻	привид|казка|каспер|монстр|обличчя|створіння|фантазія
👼	янголятко|ангел|казка|немовля|обличчя|фантазія
👽	прибулець|казка|нло|обличчя|позаземний|створіння|чужий
👾	іншопланетний монстр|космос|монстр|нло|обличчя|позаземний|прибулець|прибулець-монстр|створіння|фантазія
👿	сердите обличчя з рогами|демон|диявол|дідько|з рогами|обличчя|фантазія|чортеня
💀	череп|казка|монстр|обличчя|смерть|тіло
💁	людина, що простягає руку допомоги|байдуже|довідка|допомога|інформація|сарказм|серйозно|чайові
💁‍♀	жінка, що простягає руку допомоги|відповідати|жінка|жінка тягне руку|нестриманість|тягнути руку|що простягає руку допомоги
💁‍♂	чоловік, що простягає руку допомоги|відповідати|можливо|не знаю|нестриманість|секрет|тягнути руку|чоловік|чоловік тягне руку|що простягає руку допомоги
💂	варта|караул|охорона|сторожа|чати
💂‍♀	вартова|букінгемський|вартівниця|гвардія|жінка|лондон|охорона|охоронець|страж|чатова
💂‍♂	вартовий|вартівник|страж|чатовий
💃	жінка, що танцює|жінка|сальса|сукня|танго|танець|танок|фламенко
💄	помада|губна помада|косметика|червона помада
💅	лак для нігтів|догляд|косметика|лак|манікюр|ніготь|нігті|робота|рука|тіло
💆	людина, якій роблять масаж голови|відпочинок|голова|догляд|масаж|обличчя|релакс|салон|турбота
💆‍♀	жінка, якій роблять масаж голови|жінка|масаж|обличчя|розслаблення|якій роблять масаж голови
💆‍♂	чоловік, якому роблять масаж голови|масаж|обличчя|розслаблення|чоловік|чоловічий салон|якому роблять масаж голови
💇	людина, якій роблять стрижку|волосся|зачіска|косметологія|краса|перукар|перукарня|салон|стрижка
💇‍♀	жінка, якій роблять стрижку|волосся|жінка|стрижка|якій роблять стрижку
💇‍♂	чоловік, якому роблять стрижку|волосся|салон|стрижка|чоловік|якому роблять стрижку
💈	вивіска перукаря (смугастий стовп)|вивіска|вивіска перукаря|зачіска|перукар|перукарня
💉	шприц|голка|інструмент|лікар|ліки|укол|хворий
💊	пігулка|за рецептом|лікар|ліки|хворий
💋	слід цілунку|відбиток|вуста|губи|закоханість|поцілунок|серце
💌	любовний лист|закоханість|закохансіть|кохання|лист|пошта|серце
💍	каблучка|виходь за мене|діамант|заручення|кохання|пропозиція
💎	коштовний камінь|діамант|дорогоцінний|камінь|кохання
💏	чоловік і жінка, що цілуються|закоханість|кохання|любов|людина|пара|побачення|поцілунок|річниця|стосунки
💐	букет|квіти|квітка|кохання|рози|рослина
💑	чоловік і жінка із серцем між ними|закоханість|кохання|кохаю тебе|пара|побачення|серце|стосунки
💒	весілля|каплиця|кохання|церемонія
💓	серце, що бʼється|биття|емоція|кардіо|кохання|кохаю|люблю|пульсувати|пульсуюче|серце|серцебиття|ятк|ятл
💔	розбите серце|емоція|розбивати|розбите|розлука|самотній|сум
💕	два серця|кохання|кохаю|люблю|любов|пара|поцілунок|серця|ятк|ятл
💖	серце, що виблискує|блискітки|блискуче|захоплення|кохаю|люблю|рожеве|серце|сяйво|щастя|ятк|ятл
💗	серце, що зростає|емоція|захоплення|збільшується|зростає|нервувати|серце|серцебиття|я тебе кохаю|я тебе люблю|ятк|ятл
💘	серце, пробите стрілою|закоханість|купідон|пробите стрілою|серце|серце зі стрілою|стріла
💙	синє серце|серце|синій|холодне серце
💚	зелене серце|зелений|кохання|серце
💛	жовте серце|жовтий|кохання|серце
💜	пурпурове серце|бузковий|пурпурний|пурпуровий|серце|фіолетове серце|фіолетовий|шарлатовий
💝	серце зі стрічкою|валентин|кохання|серце|стрічка
💞	серця, що обертаються|емоція|кохання|любов|обертатися|річниця|серце
💟	прикраса із серцем|143|білий|кохання|серце|стилізоване|фіолетовий
💠	ромб із крапкою|геометричний|діамант|крапка|малюнок
💡	лампочка|електричний|ідея|малюнок|світло
💢	символ гніву|гнів|злий|комікси|розлючений
💣	бомба|вибух|комікси|небезпечний
💤	умовне позначення сну|добраніч|комікси|ніч|сон|спати|спить|сплю|стомлений|хрр
💥	зіткнення|бах|бум|вибух|іскра|комікси|спалах
💦	краплі поту|бризки|вода|комікси|краплі|піт
💧	крапля|комічний|піт|погода|холодний
💨	порив вітру|біг|комікси|мчати|стрімкість|швидко
💩	усміхнена купа лайна|екскременти|жарт|кака|лайно|пупу
💪	напружений біцепс|бодибілдер|важкоатлет|зігнутий|крутий|м’яз|мускулистий|рука|силач|спорт|тренування
💫	символ запаморочення|запаморочення|зірка|комікси|фортуна|щаслива зірка
💬	текстова булька|діалог|комікси|розмова|хмаринка|хмаринка з текстом
💭	булька роздумів|думка|комікси|хмаринка
💮	біла квітка|квітка
💯	cто балів|100|максимум|очки|очок|рахунок|результат|точно|число
💰	мішок грошей|гроші|долар|мішок|мішок із грошима
💱	обмін валют|банк|валюта|гроші|обмін|обмін грошей
💲	знак долара|валюта|гроші|долар|символ долара
💳	кредитна картка|банк|безготівковий розрахунок|гроші|картка|кредитна|розрахунок
💴	єнові банкноти|банк|банкнота|валюта|гроші|єна|купюра
💵	доларові банкноти|банк|банкнота|валюта|гроші|долар|купюра
💶	єврові банкноти|банк|банкнота|валюта|гроші|євро|купюра
💷	фунтові банкноти|банк|банкнота|валюта|гроші|купюра|фунт
💸	гроші з крилами|банк|банкнота|гроші|долар|крила|купюра|літати
💹	графік зростання і знак єни|валюта|вгору|гроші|діаграма|єна|збільшення|ріст|тенденція
💺	сидіння|крісло|місце
💻	ноутбук|комп’ютер|персональний|пк
💼	кейс|портфель
💽	компʼютерний диск|диск|комп’ютер|міні-диск|мінідиск|оптичний
💾	дискета|диск|комп’ютер
💿	компакт-диск|blu-ray|cd|dvd|диск|комп’ютер|оптичний
📀	[dvd]-диск|blu-ray|cd|dvd-диск|диск|комп’ютер|оптичний
📁	папка для файлів|закрита|папка|тека|файл
📂	відкрита папка для файлів|відкрита|папка|тека|файл
📃	сторінка із завитком|документ|завиток|сторінка
📄	сторінка лицевою стороною|документ|сторінка
📅	календар|відривний календар|дата
📆	відривний календар|календар
📇	картотека|індекс|указівник
📈	висхідний графік|вгору|висхідна діаграма|графік|графік підвищення|діаграма|ріст|тенденція
📉	низхідний графік|вниз|графік|графік падіння|діаграма|низхідна діаграма|тенденція
📊	гістограма|графік
📋	планшет для аркушів|папка|папка-планшет|планшет
📌	канцелярська кнопка|кнопка
📍	шпилька з круглою голівкою|канцелярський|кнопка|круглий|лоліпоп|пін|шпилька
📎	скріпка|канцтовари
📏	пряма лінійка|геометрія|лінійка|прямий кут
📐	трикутна лінійка|лінійка|трикутник
📑	мітки закладок|вкладка|закладка|закладки|значок|мітка|стікери
📒	гросбух|журнал|записник|реєстр
📓	зошит для творів|блокнот|записник
📔	записник у декоративній обкладинці|декоративна|записник|книжка|обкладинка
📕	закрита книга|журнал|закрита|книжка|червона книга|червоний підручник
📖	відкрита книга|відкрита|книжка|читати
📗	зелений підручник|журнал|зелена книга|зелений|книжка|облік
📘	синій підручник|книжка|синій|синя книга
📙	оранжевий підручник|книжка|оранжева книга|оранжевий
📚	книги|бібліотека|книгарня|книжка|книжки
📛	бейдж з іменем|бейдж|ім’я
📜	сувій|папір|папірус|рукопис
📝	памʼятка|нотатка|нотатки|олівець
📞	телефонна слухавка|слухавка|телефон|телефонна розмова
📟	пейджер
📠	факс|телефакс|факсимільний апарат
📡	супутникова антена|антена|супутникова|тарілка
📢	гучномовець|голосно|гучний|звукове оповіщення
📣	мегафон|оголошення|підбадьорення|рупор
📤	лоток вихідної скриньки|електронний лист|коробка|лист|лоток|лоток для вихідної пошти|надісланий|пошта
📥	лоток вхідної скриньки|вхідна пошта|коробка|лист|лоток|лоток для вхідної пошти|отримувати|пошта
📦	пакунок|посилка
📧	електронний лист|елист|емейл|епошта|імейл|лист|пошта
📨	конверт вхідного листа|вхідний|емейл|імейл|конверт|лист|отримати|пошта
📩	конверт зі стрілкою|вихідний|вниз|вхідна пошта|вхідний імейл|імейл|конверт|лист|надісланий|пошта|стрілка
📪	закрита поштова скринька з опущеним прапорцем|закритий|опущений|пошта|поштова скринька
📫	закрита поштова скринька з піднятим прапорцем|закритий|пошта|поштова скринька
📬	відкрита поштова скринька з піднятим прапорцем|відкритий|пошта|поштова скринька
📭	відкрита поштова скринька з опущеним прапорцем|відкрита поштова скринька|відкритий|опущений|пошта|поштова скринька|пуста поштова скринька
📮	поштова скринька|пошта|скринька
📯	поштовий ріжок|пошта|поштовий|ріжок
📰	газета|новини|папір|шпальта
📱	мобільний телефон|мобільний|стільниковий|стільниковий звʼязок|телефон
📲	мобільний телефон зі стрілкою|вхідний дзвінок|доступний на мобільному|зателефонуй мені|мобільний|отримувати|стільниковий|стрілка|телефон|телефонувати
📳	віброрежим|вібрація|звʼязок|мобільний|режим вібрації|стільниковий|телефон
📴	мобільний телефон вимкнено|вимкнено|мобільний|стільниковий|телефон
📵	мобільні телефони заборонено|заборонено|користуватися|мобільний|мобільні телефони заборонені|стільниковий|телефон
📶	рівень сигналу|мобільний|рівень|сигнал|стільниковий|телефон
📷	фотоапарат|відео|знімки|камера|на згадку|фото|фотограф
📸	фотоапарат зі спалахом|відео|камера|спалах|фото
📹	відеокамера|відео|камера
📺	телевізор|tv|відео|тб|чорно-білий телевізор
📻	радіоприймач|відео|радіо
📼	відеокасета|відео|касета|стрічка
📽	кінопроектор|відео|кіно|перегляд|проектор|фільм
📿	молитовні чотки|вервиця|молитися|намисто|одяг|релігія|чотки
🔀	кнопка тасування композицій|кнопка «змішати композиції»|перехрещені|перехрещені стрілки|стрілка
🔁	кнопка повтору|за годинниковою стрілкою|кнопка «повторити»|повторити|стрілка
🔂	кнопка одноразового повтору|за годинниковою стрілкою|кнопка «повторити одну композицію»|один раз|стрілка
🔃	вертикальні стрілки за ходом годинника|за годинниковою стрілкою|оновити|перезавантаження|перезавантажити|стрілка|стрілки по колу за годинниковою стрілкою
🔄	кнопка стрілок проти ходу годинника|кнопка зі стрілками|навкруги|напрямленими проти годинникової стрілки|проти годинникової стрілки|стрілка
🔅	кнопка зменшення яскравості|жовтий|зменшити|сонце|яскравий|яскравість|яскраво
🔆	кнопка збільшення яскравості|яскравий|яскравість
🔇	заглушений динамік|беззвучний|беззвучно|вимкнений динамік|вимкнений звук|гучність|динамік|звук динаміка вимкнено|нечутно|тихо
🔈	низька гучність динаміка|голосно|гучність|динамік|негучно|приглушено
🔉	середня гучність динаміка|гучність|динамік|середньо|увімкнений динамік
🔊	високий рівень гучності динаміка|висока гучність динаміка|голосно|гучний|гучність|гучно|гучномовець|динамік|музика
🔋	батарея|акумулятор|батарейка|джерело живлення
🔌	штепсель|вилка|вилка електроприладу|електрика|електричний
🔍	збільшувальне скло з нахилом уліво|з нахилом уліво|збільшення|інструмент|лабораторія|наука|нахилений|пошук|скло|уліво
🔎	збільшувальне скло з нахилом управо|збільшення|інструмент|контакт|лабораторія|наука|нахил управо|нахилений|пошук|скло|управо
🔏	замок і чорнильна ручка|замок|конфіденційність|перо|приватність|ручка|секретні матеріали|таємно|чорнило
🔐	замкнений замок із ключем|безпека|безпечно|замкнено|замок|ключ
🔑	ключ|пароль
🔒	замкнений замок|закрито|замкнено|замок|захист|приватність
🔓	відімкнений замок|відімкнути|відкрити|відкритий замок|відрити|замок
🔔	дзвінок|дзвін|дзвоник
🔕	заглушений дзвінок|беззвучний|вимкнений|глушити|дзвінок|дзвоник|заборонено|заглушений|звук|перекреслений|тихий
🔖	закладка|бірка|значок
🔗	символ зʼєднання ланок|звʼязка|ланка|ланцюг|посилання|скріплення
🔘	перемикач|геометричний|кнопка
🔙	стрілка назад [back]|назад|стрілка|стрілка back|стрілка назад back
🔚	стрілка [end]|кінець|стрілка
🔛	стрілка [on!]|ввімкнено|значок|обидва напрямки|стрілка
🔜	стрілка [soon]|незабаром|стрілка
🔝	стрілка [top]|вверх|вгору|стрілка
🔞	вхід особам до 18 років заборонений|18|вікове обмеження|вісімнадцять|вісімнадцять і старіше|заборонено|лише для повнолітніх|повнолітній
🔠	введення великими латинськими літерами|введення|великі|латинські|літери
🔡	введення малими латинськими літерами|abcd|алфавіт|введення|латинські|літери|малі
🔢	введення цифрами|1234|введення|цифри
🔣	введення символів|&|%|♪|〒|ввід|набір|символи
🔤	введення латинськими літерами|abc|алфавіт|введення|латинниця|латинські|літери
🔥	вогонь|інструмент|полум’я
🔦	ліхтарик|електричний|інструмент|світло
🔧	гайковий ключ|інструмент|ремонтувати
🔨	молоток|забивати|інструмент|ремонтувати
🔩	гайка та болт|болт|гайка|інструмент
🔪	кухонний ніж|готування|зброя|знаряддя|кухня|ніж|різати
🔫	водяний пістолет|зброя|знаряддя|іграшкова зброя|іграшковий пістолет|пістолет|револьвер
🔬	мікроскоп|інструмент
🔭	телескоп|астроном|дивитися на зірки|інструмент
🔮	кришталева куля|віщування|ворожити|казка|майбутнє|передбачати майбутнє|передбачення|фантазія|фортуна
🔯	шестикутна зірка з крапкою|єврей|зірка|іудаїзм|релігія|удача|шестикутна зірка
🔰	японський символ «початківець»|жовтий|зелений|листок|початківець|шеврон|японський
🔱	тризуб|емблема|інструмент|корабель|якір
🔲	квадратна кнопка з чорною рамкою|геометричний|геометрія|квадрат|кнопка|рамка|чорна квадратна кнопка
🔳	квадратна кнопка з білою рамкою|біла квадратна кнопка|геометричний|квадрат|кнопка|контур
🔴	червоний круг|геометричний|коло|червоне
🔵	cиній круг|геометричний|коло|синє
🔶	великий оранжевий ромб|великий|великий помаранчевий ромб|геометричний|діамант|оранжевий|оранжевий ромб
🔷	великий синій ромб|геометричний|діамант|синій|синій ромб
🔸	малий оранжевий ромб|геометричний|діамант|малий|малий помаранчевий ромб|оранжевий|помаранчевий|помаранчевий ромб
🔹	малий синій ромб|геометричний|діамант|синій|синій ромб
🔺	червоний трикутник, направлений угору|геометричний|направлений угору|червоний|червоний трикутник
🔻	червоний трикутник, направлений униз|вниз|геометричний|направлений униз|червоний|червоний трикутник
🔼	кнопка догори|кнопка|кнопка «угору»|стрілка|червоний
🔽	кнопка донизу|вниз|кнопка|кнопка «униз»|стрілка|червоний
🕉	звук ом|індуїзм|ом|релігія
🕊	голуб|голуб миру|літати|мир|птах
🕋	кааба|іслам|мусульманський|релігія|хадж
🕌	мечеть|іслам|мусульманський|релігія
🕍	синагога|єврей|єврейський|іудаїзм|релігія|храм
🕎	менора|канделябр|підсвічник|релігія|ханука
🕐	перша година|00|1|1:00|година|годинник|один
🕑	друга година|00|2|2:00|година|годинник|два
🕒	третя година|00|3|3:00|година|годинник|три
🕓	четверта година|00|4|4:00|година|годинник|чотири
🕔	п’ята година|00|5|5:00|година|годинник|п’ять
🕕	шоста година|00|6|6:00|година|годинник|шість
🕖	сьома година|00|7|7:00|година|годинник|сім
🕗	восьма година|00|8|8:00|вісім|година|годинник
🕘	дев’ята година|00|9|9:00|година|годинник|дев’ять
🕙	десята година|00|10|10:00|година|годинник|десять
🕚	одинадцята година|00|11|11:00|година|годинник|одинадцять
🕛	дванадцята година|00|12|12:00|година|годинник|дванадцять|час
🕜	пів на другу|1|1:30|30|годинник|один|тридцять
🕝	пів на третю|2|2:30|30|годинник|два|тридцять
🕞	пів на четверту|3|3:30|30|годинник|три|тридцять
🕟	пів на п’яту|30|4|4:30|годинник|тридцять|чотири
🕠	пів на шосту|30|5|5:30|годинник|п’ять|тридцять
🕡	пів на сьому|30|6|6:30|годинник|тридцять|шість
🕢	пів на восьму|30|7|7:30|годинник|сім|тридцять
🕣	пів на дев’яту|30|8|8:30|вісім|годинник|тридцять
🕤	пів на десяту|30|9|9:30|годинник|дев’ять|тридцять
🕥	пів на одинадцяту|10|10:30|30|годинник|десять|тридцять
🕦	пів на дванадцяту|11|11:30|30|годинник|одинадцять|тридцять
🕧	пів на першу|12|12:30|30|годинник|дванадцять|тридцять
🕯	свічка|світло
🕰	камінний годинник|годинник|годинник для камінної полички|час
🕳	лунка|діра
🕴	чоловік у діловому костюмі, що левітує|бізнес|костюм|чоловік|чоловік у діловому костюмі|чоловік у костюмі|що левітує
🕵	детектив|робота|розслідування|сищик|шпигун
🕵‍♀	жінка-детектив|детектив|докази|жінка|жінка-сищик|людина|робота|розслідування|шпигун|шпигунка
🕵‍♂	чоловік-детектив|детектив|сищик|чоловік|шпигун|шпик
🕶	сонцезахисні окуляри|око|окуляри|темний
🕷	павук|комаха
🕸	павутиння|павук|павутина
🕹	джойстик|відеогра|гра
🕺	чоловік, що танцює|співак|танці|чоловік|чоловік танцює|шоумен|що танцює
🖇	зчеплені скріпки|зчеплений|скріпка
🖊	кулькова ручка|кулькова|маркер|ручка
🖋	чорнильна ручка|ручка|чорнила|чорнильна
🖌	пензель|малювання
🖍	пастель|крайон|крейда|олівець|фломастер|червона крейда|червоний олівець
🖐	піднята рука з розведеними пальцями|долоня|палець|пальці|розчепірений|рука|тіло
🖕	середній палець|палець|рука
🖖	вулканське вітання|вулкан|жест|зоряний шлях|палець|пальці|рука|спок|тіло
🖤	чорне серце|заздрість|зло|серце|чорне
🖥	комп’ютер|монітор|настільний
🖨	принтер|комп’ютер
🖱	комп’ютерна миша|комп’ютер|миша
🖲	трекбол|комп’ютер
🖼	картина в рамці|картина|мистецтво|музей|рама|рама з картиною
🗂	роздільники в картотеці|картка|картотека|нумерація|роздільник|розділювач
🗃	скринька для карток|коробка|коробка з файлами|файли
🗄	шафа для документів|реєстратор|сейф|шафа|шафа-реєстратор
🗑	сміттєвий кошик|кошик|смітник|сміття
🗒	блокнот на спіралі|блокнот|на спіралі
🗓	календар на спіралі|блокнот|зайнята|зайнятий|зустріч|календар|на спіралі|планування
🗜	затискач|знаряддя|кліщі
🗝	старовинний ключ|замок|ключ|підказка|старий
🗞	скручена газета|газета|згорнута|новини|папір
🗡	кинджал|зброя|меч|ніж
🗣	голова, що говорить|віщати|говорити|обличчя|оголошення|оголошувати|силует
🗨	хмаринка з текстом зліва|діалог|розмова
🗯	булька із сердитою реплікою|злий|розлючений|хмаринка
🗳	урна для голосування і бюлетень|бюлетень|вибори|голосування|урна
🗺	карта світу|карта|світ
🗻	гора фудзі|гора|фудзи|фудзі
🗼	токійська вежа|вежа|токіо
🗽	статуя свободи|свобода|статуя|сша
🗾	карта японії|карта|мапа японії|острів|японія
🗿	статуя з острова пасхи|лице|моай|статуя
😀	широко всміхнене обличчя|вищир|обличчя|посмішка|радість|сміх|усміхнений|усмішка|широкий
😁	осяйно всміхнене обличчя й очі|зуби|обличчя|осяйно|очі|посмішка|радісний|світиться|усмішка|широко|шкіриться|щасливий
😂	обличчя в сльозах радості|веселий|до сліз|кумедний|лол|обличчя|радість|регіт|розсмішити|сльози|сміх|хаха
😃	широко всміхнене обличчя з очищами|великий|вищир|відкритий|обличчя|очища|очі|посмішка|радість|рот|сміх|усміхнений|усмішка|широкий
😄	широко всміхнене обличчя з примруженими очима|великий|вищир|відкритий|обличчя|очища|очі|посмішка|примружений|радість|рот|сміх|усміхнений|усмішка|широкий
😅	широко всміхнене обличчя з потом|відкритий|задоволений|обличчя|піт|посмішка|радість|реготати|рот|сміх|смішно|усміхнений|усмішка|хаха|холодний|широкий|щасливий
😆	обличчя із широкою посмішкою й замруженими очима|великий|відкритий|задоволений|обличчя|очі|посмішка|примружений|радість|реготати|рот|сміх|смішно|усміхнений|усмішка|хаха|широкий|щасливий
😇	усміхнене обличчя з німбом|ангел|безневинність|казка|німб|обличчя|посмішка|усмішка|фантазія|янгол
😈	усміхнене обличчя з рогами|демон|диявол|диявольська посмішка|з рогами|зла посмішка|казка|монстр|обличчя|посмішка|ріжки|фантазія|фіолетовий
😉	обличчя, що підморгує|дражнити|жарт|залицятися|обличчя|підморгувати|флірт
😊	усміхнене обличчя й очі|задоволення|ніяково|обличчя|очі|посмішка|рум’янець|соромливий|усмішка
😋	усміхнене обличчя, що облизує губи|голод|їжа|ммм|обличчя|посмішка|смак|смачно|страва|усмішка
😌	заспокоєне обличчя|дзен|задоволення|обличчя|полегшення|спокій
😍	усміхнене обличчя з очима-серцями|з задоволенням|з радістю|закоханий|зворушений|кохання|любов|обличчя|очі|посмішка|серце|хочу
😎	усміхнене обличчя в темних окулярах|бро|крутий|круто|окуляри|посмішка|сонце|сонцезахисні|темні|усмішка|чувак|яскраво
😏	самовдоволене обличчя|бос|люблю|не дуже|обличчя|посмішка|самовдоволення|себе|сумніваюсь|так собі|усмішка|ух-ти|ухти|цікаво
😐	обличчя з нейтральним виразом|без емоцій|все одно|заздрість|не згоден|не скажу|невражений|незадоволення|незворушний|нейтральний|нехай|ні|обличчя
😑	обличчя без емоцій|без емоцій|все одно|заздрісний|невиразний|невражений|нехай|ну й добре|обличчя
😒	невдоволене обличчя|все одно|заздрість|невдоволене|незадоволений|нещасливий|нудно|обличчя|розчарований|фу
😓	понурене обличчя в поту|болить|голова|знервований|краплі|наляканий|нерви|обличчя|піт|понурений|розчарований|сум|холодний
😔	замислене обличчя|задумливий|занепокоєння|засмучений|обличчя|роздуми|розчарований
😕	спантеличене обличчя|аякже|гм|не задоволений|не знаю|невдоволений|ні|обличчя|спантеличений|сумний
😖	збентежене обличчя|гнів|збентежений|злий|крінж|обличчя|розлючений|розчарований|сердитий|сумний
😗	обличчя, що цілує|кохання|обличчя|побачення|поцілунок|флірт|цілувати|цілує|цьом
😘	обличчя, що надсилає цілунок|обличчя|повітряний|поцілунок|серце|цілунок|цілую|цьом
😙	обличчя з примруженими очима, що цілує|143|заплющений|знайомства|кохання|ніч|обличчя|око|очі|побачення|поцілунки|поцілунок|усміхатися|усмішка|флірт|цілуватися
😚	обличчя із заплющеними очима, що цілує|закриті|заплющені|обличчя|око|очі|побачення|поцілунок|флірт|цілує
😛	обличчя з висунутим язиком|висолопити|висунутий|добре|обличчя|показати|радість|язик
😜	обличчя, що підморгує і показує язика|жарт|лол|обличчя|очі|підморгувати|підморгую|показати|посмішка|усмішка|хаха|язик
😝	обличчя з висунутим язиком і заплющеними очима|висунутий|гидота|жахливий|заплющені|обличчя|очі|смак|сміх|тьфу|фу|язик
😞	розчароване обличчя|винуватий|засмучений|невдача|нещасний|обличчя|провина|програш|розчарований|сумний
😟	стурбоване обличчя|занепокоєння|здивований|нерви|обличчя|стрес|стурбований|сумний|тривожність|турбуватися
😠	сердите обличчя|злий|обличчя|сердитий
😡	обличчя, що дується|гнів|дується|злий|насуплений|невдоволений|нещасний|обличчя|сердитий|червоний
😢	обличчя, що плаче|нещасний|обличчя|плач|плаче|сльоза|сумний|сумую
😣	невідступне обличчя|завзяте|зосередження|концентрація|невдоволений|невідступне|обличчя|розчарований|увага|упертість
😤	обличчя, що сердито видихає|гнів|злість|лють|обличчя|пара з носа|розгніваний|роздратований|розлючений|сердитий|тріумф|шалений
😥	cумне, але втішене обличчя|cумне|все складно|втішене|заспокоєне|обличчя|плакати|полегшення|розчароване|розчарування|сльози|фух
😦	похмуре обличчя з відкритим ротом|вау|відкритий|здивований|зненацька|наляканий|нахмурений|нічого собі|обличчя|рот|страх
😧	стражденне обличчя|забув|здивований|не може бути|незадоволений|обличчя|переляк|спантеличений|страждання|стрес
😨	налякане обличчя|боюся|боязкий|наляканий|обличчя|переляк|страх
😩	замучене обличчя|втомлене|замучене|зморений|нещасний|ні|обличчя|позіхати|розчарований|розчарування|спати|стомлений|сумний
😪	заспане обличчя|втомлениий|засмучений|обличчя|сон
😫	стомлене обличчя|обличчя|розчарована|розчарований|розчарування|стомлений
😬	обличчя з гримасою|гримаса|дантист|дивно|зуби|капець|кривляння|крінж|посмішка|скривлене|стоматолог|усмішка
😭	обличчя, що гучно ридає|гірке|гучно|котяться|нещасний|обличчя|плач|потік|ридання|сльози|сумний
😮	обличчя з відкритим ротом|вау|відкритий|забув|здивування|не може бути|обличчя|ого|отакої|рот|співчуття|шок
😮‍💨	обличчя, що видихає|вдих|видих|виснажений|втомлений|обличчя|полегшення|свист|смайл|стогін|туман|шепотіння
😯	здивоване і збентежене обличчя з бровами|брови|вражений|збентежене|здивоване|нічого собі|обличчя|отакої|приголомшений
😰	занепокоєне обличчя з потом|відкритий|знервований|нерви|обличчя|піт|розчарований|рот|синій|спітніти|холодний|холодно
😱	обличчя, що кричить із переляку|вражений|епічний|зойк|крик|крикун|наляканий|обличчя|переляк|страх|шокований|що кричить
😲	вражене обличчя|абсолютно|вражене|здивоване|здивований|не може бути|ні|обличчя|отакої|подив|шок
😳	зашаріле обличчя|вау|зашаріле|здивований|не може бути|незручний|ніяково|обличчя|присоромлений|рум’янець|сором|та годі
😴	обличчя, що спить|втома|добраніч|заснув|ніч|обличчя|сон|сонний|спати|спить|стомлений
😵	запаморочене обличчя|запаморочений|обличчя
😵‍💫	очі-спіралі|гіпноз|заносить|запаморочення|нічого собі|ого|ох|погано|проблема|смайл|у шоці|шок
😶	обличчя без рота|без рота|беззвучно|мовчи|немає слів|обличчя|рот|секрет|тихо
😶‍🌫	обличчя в хмарах|голова|дим|неуважний|обличчя|смог|туман|хмари
😷	обличчя в медичній масці|вірус|застуда|інфекція|лікар|маска|медицина|хворий|холодний
😸	широко всміхнений кіт з усміхом в очах|вишкір|кіт|морда|око|усміхнений кіт|усмішка
😹	кіт зі сльозами радості|кіт|кіт сміється|морда|радість|сльози|смішно
😺	широко всміхнений кіт|весело|відкритий|кіт|кішка|морда|паща|посмішка|сміється|усміхнений|усмішка|широко
😻	усміхнений кіт з очима як серця|кіт|кохання|морда|око|посмішка|серце|усмішка|щасливий|щастя
😼	кіт із кривою посмішкою|глузлива|іронічний|кіт|котяча|морда|посмішка|скривлена|сумніви
😽	кіт, що цілує|заплющений|кіт|морда|око|очі|поцілунок|тварина|що цілує
😾	сердитий кіт|кіт|котяча|морда|насуплений|сердита
😿	кіт, що плаче|зарюмана|кіт|котяча|морда|плач|сльоза|сумна|сумний|що плаче
🙀	шокований кіт|здивування|зненацька|кіт|котяча|морда|не може бути|ой|сюрприз|шок
🙁	трохи похмуре обличчя|нахмурений|обличчя|сумний
🙂	трохи всміхнене обличчя|всміхнений|задоволений|обличчя|посмішка|сміх|усміхнений|усмішка
🙂‍↔	заперечливе хитання головою|відмова|заперечення|нєа|ні|нізащо|хитав|хитала|хитати
🙂‍↕	кивання головою|ствердження
🙃	обличчя догори дриґом|догори дном|догори дриґом|догори ногами|обличчя|хаха|хехе
🙄	обличчя із закоченими очима|байдуже|закочувати|о боже|обличчя|отакої|оце так|очі
🙅	людина, що жестом показує «ні»|жест|заборонено|людина|немає шансів|ні|ніколи|рука|що жестом показує «ні»
🙅‍♀	жінка, що жестом показує «ні»|жінка|заборона|проти|що жестом показує «ні»
🙅‍♂	чоловік, що жестом показує «ні»|заборона|ні|проти|чоловік|що жестом показує «ні»
🙆	людина, що жестом показує «окей»|вправа|жест|людина|людина показує окей|окей|рука|ховатися|що жестом показує «окей»
🙆‍♀	жінка, що жестом показує «окей»|добре|жінка|згода|ок|що жестом показує «окей»
🙆‍♂	чоловік, що жестом показує «окей»|добре|домовились|згода|ок|чоловік|чоловік погоджується|що жестом показує «окей»
🙇	людина, що вклоняється|благати|вибач|жалкувати|жест|поклон|розкаяння|співчувати|уклін|шкода
🙇‍♀	жінка, що вклоняється|вибачення|жінка|жінка кланяється|повага|покора|що вклоняється
🙇‍♂	чоловік, що вклоняється|вибачення|повага|покора|чоловік|що вклоняється
🙈	мавпа, що не бачить|бачити|заборонено|зло|мавпа|не бачу|не бачу зла|обличчя|що не бачить|що не бачить зла
🙉	мавпа, що не чує|заборонено|зло|мавпа|не чую|не чую зла|обличчя|чути|що не чує|що не чує зла
🙊	мавпа, що не говорить|говорити|заборонено|зло|мавпа|мовчу|не говорю лихого|не скажу|обличчя|ой|секрет|що не висловлює зла|що не говорить
🙋	людина з піднятою рукою|виберіть|вітання|жест|запитання|мене|можу|оберіть|тут|щасливий
🙋‍♀	жінка з піднятою рукою|жінка|піднята рука|рука
🙋‍♂	чоловік із піднятою рукою|піднята рука|рука|чоловік
🙌	руки, підняті для святкування|жест|піднята|підняті для святкування|підняті руки|рука|руки|святкування|ура
🙍	похмура людина|жест|засмучений|насуплені брови|нахмурений|невдоволений|невеселий|роздратування|смуток
🙍‍♀	похмура жінка|жінка|засмучена|розчарування
🙍‍♂	похмурий чоловік|засмучений|насуплений чоловік|розчарування|чоловік
🙎	людина, що дується|гримаса|жест|засмучений|злий|насуплений|невеселий|похмурий|розчарований|стурбований|сумно
🙎‍♀	жінка, що дується|жінка|злість|сердиться|що дується
🙎‍♂	чоловік, що дується|злість|сердитий чоловік|сердиться|чоловік|що дується
🙏	руки, стиснуті разом|благання|будь ласка|дякую|молитва|просити|прошу|рука|уклін
🚀	ракета|запуск ракети|космос|подорож|транспорт
🚁	гелікоптер|вертоліт|транспорт
🚂	паровий локомотив|двигун|залізниця|паровий|паровоз|потяг|транспорт
🚃	вагон|електричний|залізниця|трамвай|транспорт|тролейбус
🚄	швидкісний потяг|залізниця|інтерсіті|потяг|транспорт|швидкісний
🚅	швидкісний потяг з округлим носом|залізниця|інтерсіті|кулеподібний|потяг|транспорт|швидкісний
🚆	потяг|електропотяг|залізниця|транспорт
🚇	метро|транспорт
🚈	швидкісний трамвай|електропоїзд|залізниця|поїзд|транспорт
🚉	станція|cтанція|залізниця|зупинка|потяг|транспорт
🚊	трамвай|метро|потяг|транспорт|тролейбус
🚋	вагон трамвая|вагон|трамвай|транспорт|тролейбус
🚌	автобус|транспорт
🚍	автобус, що наближається|автобус|машини|що наближається|що наближаються
🚎	тролейбус|автобус|громадський транспорт|трамвай|транспорт
🚏	автобусна зупинка|автобус|зупинка
🚐	мікроавтобус|автобус|маршрутка|транспорт
🚑	автомобіль швидкої допомоги|транспорт|швидка допомога
🚒	пожежна машина|вантажівка|двигун|пожежний|пожежний автомобіль
🚓	поліцейська машина|автомобіль|міліція|патруль|патрульний автомобіль|поліцейський автомобіль|поліція
🚔	поліцейська машина, що наближається|автомобіль|міліція|наближається|патруль|поліцейська машина|поліцейський автомобіль|поліція|що наближається
🚕	таксі|транспорт
🚖	таксі, що наближається|жовте таксі|наближатися|таксі|транспорт|що наближається
🚗	автомобіль|автівка|авто|машина|транспорт
🚘	автомобіль, що наближається|автомобіль|машина|наближається|транспорт|червона машина|червоне авто|що наближається
🚙	позашляховик|автівка|житловий|машина|транспорт|трейлер|фургон
🚚	вантажівка для доставки|вантажівка|доставка|транспорт|фургон
🚛	вантажівка з причепом|вантажівка|транспорт|тягач|фургон
🚜	трактор|транспорт
🚝	монорейка|метро|монорейкова залізниця|транспорт|швидкий потяг
🚞	залізниця в горах|вагон|гірська залізниця|гора|залізниця|поїзд|транспорт
🚟	підвісна монорейка|залізниця|канатна дорога|підвісна залізниця|підвісний|транспорт
🚠	канатна дорога в горах|гондола|гора|кабель|канатна дорога|транспорт|фунікулер
🚡	канатна дорога|автомобіль|гондола|кабель|підвісна дорога|підвісна канатна дорога|повітряний|транспорт
🚢	корабель|транспорт
🚣	людина, що веслує на човні|байдарка|весло|гребля|каное|людина|озеро|рафт|рибалка|річка|транспорт|човен
🚣‍♀	жінка, що веслує на човні|весловий човен|жінка|жінка на веслах|жінка у весловому човні|човен|що веслує на човні
🚣‍♂	чоловік, що веслує на човні|весловий човен|човен|чоловік|що веслує на човні
🚤	швидкохідний катер|катер|транспорт|човен
🚥	горизонтальний світлофор|світлофор|транспорт
🚦	вертикальний світлофор|перехрестя|пішохідний перехід|світлофор|транспорт
🚧	знак ремонтних робіт|будівництво|огорожа|паркан|прохід заборонено
🚨	проблисковий маячок|автомобіль|вогні поліцейського автомобіля|маяк|маяк патрульного автомобіля|мигати|обертатися|поліція|сирена|швидка
🚩	трикутний прапор|гольф|прапорець|сигнал|трикутний|флагшток
🚪	двері|вхід
🚫	заборонено|вʼїзд заборонено|забороняється|не дозволено|не допускається|немає|ні
🚬	сигарета|куріння|паління|цигарка
🚭	палити заборонено|заборонено|курити|не|палити|паління заборонено|символ «не палити»
🚮	знак кидати сміття в урну|памʼятка не смітити|смітник|сміття|урна
🚯	смітити заборонено|заборонено|знак «не смітити»|не|смітити|сміття
🚰	питна вода|вода|кран|питна|питний|придатна для пиття
🚱	непридатна для пиття вода|вода|заборонено|знак «непитна вода»|не|непитна вода|непридатно|пити|пиття
🚲	велосипед|кататися|транспорт
🚳	велосипеди заборонено|велосипед|заборонено|рух на велосипеді заборонено|транспортний засіб
🚴	людина, що їде на велосипеді|велосипед|велосипедист|їзда на велосипеді|кататися на велосипеді|людина|людина на велосипеді|спортсмен|що їде на велосипеді
🚴‍♀	велосипедистка|велик|велосипед|велосипедний спорт|жінка|ровер
🚴‍♂	велосипедист|велик|велосипед|велосипедний спорт|ровер|чоловік
🚵	людина, що їде на гірському велосипеді|велосипед|велосипедист|гірський велосипед|гора|їзда на велосипеді|кататися на велосипеді|людина|спортсмен|що їде на гірському велосипеді
🚵‍♀	гірська велосипедистка|велосипед|велосипедист|велосипедистка|гори|жінка|перегони|спорт
🚵‍♂	гірський велосипедист|велосипед|велосипедист|гори|чоловік
🚶	людина, що йде пішки|гуляти|іти|крок|людина|людина йде|пішки|пішохід|прогулянка|що йде пішки
🚶‍♀	жінка, що йде пішки|гуляти|жінка|жінка гуляє|йти|прогулянка|що йде пішки
🚶‍♂	чоловік, що йде пішки|гуляти|йти|прогулянка|чоловік|що йде пішки
🚷	пішохідний рух заборонено|заборонено|прохід заборонено|рух заборонено|рух пішоходів заборонено
🚸	попереджувальний знак «діти»|діти|діти на дорозі|на дорозі|перехід дороги для дітей|пішоходи|рух
🚹	чоловіча вбиральня|вбиральня|для чоловіків|клозет|туалет|туалетна кімната|чоловічий туалет
🚺	жіноча вбиральня|вбиральня|для жінок|жіночий туалет|туалет|убиральня
🚻	громадський туалет|вбиральня|клозет|туалет
🚼	символ немовляти|для немовлят|заміна пелюшок|немовля|пеленання|символ «немовля»
🚽	унітаз|туалет
🚾	символ убиральні [wc]|ванна|вбиральня|знак убиральні wc|кімната|символ убиральні wc|туалетна кімната|убиральня
🚿	душ|вода
🛀	людина, що приймає ванну|ванна|купатися|людина|приймати ванну|що приймає ванну
🛁	ванна|ванна з піною|купатися|приймати ванну
🛂	паспортний контроль|контроль|митниця|паспортний
🛃	митниця|митний контроль
🛄	видача багажу|багаж|видача|отримання|пункт отримання багажу
🛅	камера схову|багаж|залишені речі|камера зберігання|комірка для зберігання|поклажа
🛋	канапа й торшер|готель|диван|лампа
🛌	людина в ліжку|відпочинок|готель|добраніч|ліжко|ніч|сон|спати|стомлений
🛍	сумки для покупок|покупки|сумка|шопінг
🛎	готельний дзвоник|готель|дзвоник|сервіс
🛏	ліжко|готель|сон|спати
🛐	культова споруда|молитва|молитися|молитовний дім|поклоніння|релігія
🛑	восьмикутний червоний знак|восьмикутник|знак|знак “стоп”|стоп
🛒	магазинний візок|возик|магазин|супермаркет|шопінг
🛕	індуїстський храм|індуїстський|храм
🛖	хижа|будинок|бунгало|дім|купольний будинок|оселя|прихисток|хата|хатина|юрта
🛗	ліфт|вантажність|доступність|люди|пасажири|підіймач|підйомник|спеціальні можливості
🛘	зсув|гора|землетрус|каменепад|каміння|катастрофа|лавина|небезпека
🛜	бездротовий|wifi|wlan|безпровідний|вайфай|зʼєднання|інтернет|маршрутизатор|мережа|смартфон|точка доступу|хотспот
🛝	дитяча гірка|гірка|гратися|зʼїжджати з гірки|ігровий майданчик|кататися|парк розваг
🛞	колесо|автомобіль|коло|машина|обертатися|транспорт|шина
🛟	рятівний круг|безпека|буйок|плавати|рятівне коло|рятівник|рятувальний засіб|рятувати життя|спасати|триматися на воді
🛠	молоток і гайковий ключ|гайковий ключ|інструмент|інструменти|молоток
🛡	щит|зброя
🛢	бочка для нафти|бочка|бочка з паливом|паливо
🛣	автомагістраль|дорога|шосе
🛤	залізнична колія|залізниця|поїзд|потяг
🛥	моторний човен|корабель|моторний|транспорт|човен
🛩	малий літак|летіти|літак|літачок|транспорт
🛫	літак злітає|відправлення|відправлення літака|літак|подорож|політ|реєстрація|транспорт
🛬	літак сідає|літак|подорож|прибуття|прибуття літака|приземлення|транспорт
🛰	супутник|космос|транспорт
🛳	пасажирський корабель|вояж|корабель|круїз|пасажир|транспорт
🛴	самокат
🛵	мопед|скутер
🛶	каное|човен
🛷	сани|санчата|сніг
🛸	летюча тарілка|нло|чужі
🛹	скейтборд|борд|дошка|коліщатка|ролики|скейт|скейтер
🛺	авторикша|рикша|тук-тук
🛻	автомобіль-пікап|автомобіль|вантаж|вантажівка|легка вантажівка|пікап|транспорт
🛼	роликовий ковзан|катання|катання на роликах|ковзан|ковзани|коліщата|ролики|роликовий|спорт
🟠	оранжевий круг|круг|оранжевий
🟡	жовтий круг|жовтий|круг
🟢	зелений круг|зелений|круг
🟣	фіолетовий круг|круг|пурпуровий|фіолетовий
🟤	коричневий круг|коричневий|круг
🟥	червоний квадрат|квадрат|червоний
🟦	синій квадрат|блакитний|квадрат|синій
🟧	оранжевий квадрат|квадрат|оранжевий
🟨	жовтий квадрат|жовтий|квадрат
🟩	зелений квадрат|зелений|квадрат
🟪	фіолетовий квадрат|квадрат|фіолетовий
🟫	коричневий квадрат|квадрат|коричневий
🟰	знак точної рівності|відповідь|дорівнює|математика|результат|рівність|рівнозначний
🤌	зведені пальці|долоня|жест|запитання|лотос|мудра|просвітлення|розслаблення|рука|сарказм|спокій|терпіння
🤍	біле серце|біле|серце
🤎	коричневе серце|коричневе|серце
🤏	жест «мало»|дещиця|мало|небагато|невелика кількість|пальці|рука|трохи|щіпка
🤐	обличчя із застібкою замість рота|блискавка|застібка|мовчати|мовчу|не казати|не скажу|обличчя|рот|рот на замок|як риба
🤑	обличчя з грішми замість очей та язика|вдавися|виграш|гроші|лотерея|обличчя|очі|рот
🤒	обличчя з термометром|обличчя|термометр|хворий
🤓	обличчя всезнайка|ботан|гік|дойда|дока|зацікавленість|навчання|обличчя|обличчя заучки|унікум
🤔	обличчя в роздумах|дай подумаю|думати|задума|не знаю|обличчя|підборіддя|роздуми|треба подумати|у роздумах|хм
🤕	обличчя з головною повʼязкою|болить|голова|обличчя|пов’язка|поранений|рана|травма
🤖	робот|голова|монстр|обличчя
🤗	щасливе обличчя з руками, що обіймають|обійматися|обійми|обійняв|обличчя|обняти|радісний|радість|руки|щастя
🤘	жест «роги»|коза|палець|роги|рок|рок-н-рол|рука|символ рогів рукою
🤙	жест «подзвони мені»|жест рукою «подзвони мені»|зателефонуй мені|зізвонемося|подзвони мені|рука|телефон
🤚	піднята рука тильною стороною|долоня|піднята|рука|тильна
🤛	кулак уліво|кулак|панч|рука|уліво
🤜	кулак управо|кулак|рука|удар праворуч|управо
🤝	рукостискання|домовилися|згода|по руках|потискання|руки
🤞	схрещені пальці|пальці|рука|схрещені|удача
🤟	жест «кохаю тебе»|жест|піднята рука|рука|три пальці|фанат
🤠	обличчя у ковбойському капелюсі|капелюх|ковбой|обличчя|широко усміхнене обличчя у ковбойському капелюсі
🤡	обличчя клоуна|клоун|обличчя|цирк
🤢	обличчя, яке нудить|блювота|закачує|нудить|нудота|обличчя|погано|укачує|хвора|хворий
🤣	качається від сміху|веселий|до сліз|кумедний|обличчя|регіт|сміх|смішний|сміятися|умирати зі сміху|хаха
🤤	обличчя, що пускає слину|голодний|обличчя|пускає слину|слина
🤥	обличчя, що бреше|брехло|брехня|брехун|збрехав|неправда|обличчя|обман|піноккіо
🤦	людина з долонею до обличчя|боже|обличчя|роздратування|розчарування|рука|рукалице|скільки можна|сором|фейспалм
🤦‍♀	жінка, що підносить долоню до обличчя|не може бути|о боже|розчарування|рука|рукалице|скільки можна|сором|фейспалм
🤦‍♂	чоловік із долонею до обличчя|не може бути|о боже|рука|рукалице|скільки можна|сором|фейспалм|чоловік|що підносить долоню до обличчя
🤧	обличчя, що чхає|апчхи|грип|застуда|нежить|обличчя|орз|хвороба|чхання|що чхає
🤨	обличчя з піднятими бровами|брови|гм|конфуз|не вірю|не розумію|недовіра|обличчя|отакої|скептичний|справді|що
🤩	очі-зірочки|веселий|виграш|зірка|обличчя|очі|посмішка|радість|усмішка|щастя
🤪	божевільне обличчя|божевільний|великий|малий|око|скажений
🤫	обличчя, що цикає|замовкніть|мовчіть|не гомоніть|обличчя|пошепки|тихіше|тихо|тиша|тссс|шепіт
🤬	обличчя із символами в роті|гнів|лайка|лаятися|матюк|не скажу|обличчя|сердитий|суворий|цензура
🤭	обличчя, що прикриває рота рукою|мовчу|обличчя|ой|секрет|смішно|сюрприз|тайна|тихо|упс|хихикання
🤮	обличчя, що блює|блювання|блювота|мені погано|нудить|нудота|обличчя|отруївся
🤯	голова, що вибухає|винос мозку|голова|не може бути|неймовірно|шок|шокований|що вибухає
🤰	вагітна жінка|вагітна|вагітність|жінка
🤱	грудне вигодовування|годування|груди|материнство|молоко матері|немовля|новонароджена|новонароджений|турбота
🤲	долоні, підняті разом|бажання|долоні|молитва|молитися|підняті разом
🤳	селфі|автопортрет|камера|телефон|фото
🤴	принц|королевич|королівство|корона|робота
🤵	людина в смокінгу|вечеря|людина|наречений|офіціант|прийом|смокінг|чоловік|чоловік у смокінгу
🤵‍♀	жінка в смокінгу|жінка|смокінг
🤵‍♂	чоловік у смокінгу|смокінг|чоловік
🤶	пані клаус|жінка|жінка санта-клауса|зима|новий рік|різдво|свята
🤷	людина, що знизує плечима|байдуже|байдужість|знизування|мабуть|не знаю|невідомо|розгубленість|сумнів|хтозна
🤷‍♀	жінка, що знизує плечима|байдуже|без поняття|все одно|жінка|не знаю|розгубленість|хтозна
🤷‍♂	чоловік, що знизує плечима|байдуже|без поняття|все одно|не знаю|розгубленість|хтозна|чоловік
🤸	людина, що перевертається «колесом»|акробат|активний|гімнастика|колесо|людина|піднесений|спорт|щасливий|що перевертається «колесом»
🤸‍♀	жінка, що перевертається «колесом»|акробатика|гімнастика|жінка|колесо|переворот|сальто|спорт
🤸‍♂	чоловік, що перевертається «колесом»|акробат|активний|гімнастика|колесо|сальто|спорт|чоловік|чоловік робить колесо|що перевертається «колесом»
🤹	людина, що жонглює|багатозадачність|баланс|впоратися|жонглер|жонглювання|людина|уміння|фокус|цирк
🤹‍♀	жонглерка|багатозадачність|жінка|жонглювання
🤹‍♂	жонглер|багатозадачність|баланс|жонглювання|людина|фокус|чоловік
🤺	фехтувальник|змагання|спорт|фехтувальниця|фехтування|шабля|шпага
🤼	борці|бій|борець|боротьба|двобій|дуель|людина|поєдинок|спорт|турнір із вільної боротьби
🤼‍♀	борчиня|бій|боротися|боротьба|борці|двобій|жінка|на рингу|поєдинок|спорт|турнір
🤼‍♂	борець|боротися|боротьба|двобій|дуель|людина|поєдинок|спорт|турнір із вільної боротьби|чоловік
🤽	людина, що грає у ватерполо|вода|водне поло|водний спорт|людина|плавання|поло|спорт|що грає у ватерполо
🤽‍♀	ватерполістка|водне поло|водний спорт|жінка|жінка грає у водне поло|людина|плавання|поло|спорт
🤽‍♂	ватерполіст|водне поло|водний спорт|людина|плавання|поло|спорт|чоловік|чоловік грає у водне поло
🤾	людина, що грає у гандбол|гандбол|кидок|ловити|людина|м’яч|перекидати мʼяч|подача|спорт|що грає у гандбол
🤾‍♀	гандболістка|гандбол|жінка|кидок|мʼяч|перекидати мʼяч|подача|спорт|спортсменка
🤾‍♂	гандболіст|гандбол|гол|гра|змагання|спорт|чоловік
🤿	маска з трубкою|акваланг|дайвінг|занурення|маска і ласти|маска і трубка|підводне плавання|сноркелінг
🥀	привʼяла троянда|завʼяла троянда|зів’яла|зів’яла троянда|квітка
🥁	барабан|музика|палички
🥂	дзвін бокалів|бокалів|будьмо|дзвін|напій|новий рік|святкування
🥃	бокал віскі|алкоголь|бокал|віскі|напій|спиртне|стакан віскі
🥄	ложка|прибори|столові прибори
🥅	сітка воріт|ворота|сітка|спорт
🥇	золота медаль|золото|медаль|місце|перше
🥈	срібна медаль|друге|медаль|місце|срібло
🥉	бронзова медаль|бронза|медаль|місце|спорт|третє
🥊	боксерська рукавичка|бокс|нокаут|нокдаун|рукавичка|спорт
🥋	одяг для єдиноборств|бойові мистецтва|дзюдо|карате|кімоно|тхеквондо|уніформа|форма|чорний пояс
🥌	камʼяна шайба для керлінгу|гра|камінь|камінь для керлінга|керлінг|спорт
🥍	стік для лакросу|гол|лакрос|м’яч|палиця|ракетка|спорт|стік
🥎	софтбольний мʼяч|бейсбол|битка|м’яч|рукавиця|рукавичка|софт|софтбол|спорт
🥏	літаючий диск|алтимат|диск|кидок|летючий диск|тарілка|фризбі|фрізбі
🥐	круасан|булочний виріб|звій півмісяцем|їжа|пекарня|сніданок|франція|французький
🥑	авокадо|їжа|плід
🥒	огірок|їжа|корнішон|овоч
🥓	бекон|їжа|м’ясо
🥔	картопля|їжа|овоч
🥕	морква|заяць|заяча їжа|їжа|морквина|овоч
🥖	багет|булка|випічка|їжа|франція|французький|хліб
🥗	зелений салат|дієта|здорове харчування|зелений|їжа|салат
🥘	каструля з їжею|їжа|каструля|плов|рагу|суп
🥙	піта|їжа|кебаб|лаваш|лаваш із начинкою|начинка|фалафель
🥚	яйце|великдень|їжа
🥛	склянка молока|молоко|напій|склянка
🥜	арахіс|горіх|земляний горіх|їжа|їстівний
🥝	ківі|їжа|плід|фрукт
🥞	млинці|їжа|креп|крепи|млинець|налисник|налисники|сніданок
🥟	вареник|вушко|галушка|їжа|пельмень|пиріжок|пироги
🥠	печиво з передбаченням|печиво з повідомленням|печиво-пророцтво|пророцтво
🥡	коробка з їжею на винос|доставка їжі|їжа|коробка з китайською їжею|палички для їжі
🥢	палички для їжі|куайцзи|о-хасі|палички|хаші|чоккарак
🥣	миска з ложкою|борщ|злаки|їжа|піала|рисова каша|сніданок|суп
🥤	стакан із соломинкою|напій|одноразовий стакан|сік|содова|соломинка|соломка|трубочка
🥥	кокос|відпустка|пальма|піна-колада|пінья колада|тропіки
🥦	броколі|їжа|кучерява|овоч|цвітна капуста
🥧	пиріг|випічка|десерт|начинка
🥨	крендель|бублик|випічка|кренделик|прецель|сплетений
🥩	мʼясний філей|бараняча відбивна|їжа|котлета|мʼясо|свиняча котлета|стейк
🥪	сандвіч|їжа|сендвіч|хліб
🥫	консерви|банка|консервовані томати
🥬	листя салату|бок-чой|бурґери|зелені листки|зелень|капуста|кель|латук|листок|листя|салат
🥭	манго|їжа|плід|тропічний|фрукт|шейкер
🥮	мункейк|азія|місячний пиріг|місячний пряник|осінь|пиріжок|повний місяць|свято|фестиваль|юебін
🥯	бейгл|багель|бублик|булочка|випічка|десерт|начинка|пампух|пончик|сніданок
🥰	усміхнене обличчя із сердечками|закоханість|кохання|любов|ніжність|обличчя|сердечка|серця|симпатія|усмішка|я кохаю тебе
🥱	обличчя, що позіхає|добраніч|заспаний|знуджений|ніч|обличчя|позіхає|позіхайло|позіхати|сон|стомлений|хоче спати|що позіхає
🥲	усмішка в сльозах|вдячність|гордість|зворушення|плач|полегшення|посмішка|розчулений|сльоза|смайл|усмішка
🥳	святкове обличчя|вечірка|вітання|день народження|дудка|збуджений|капелюх|ковпак|обличчя|радість|ріжок|святкування|свято|схвильований|трубочка
🥴	очманіле обличчя|дурман|запаморочення|захмелілий|інтоксикація|кайф|косі очі|одурманений|очі розбігаються|п’яний|язик заплітається
🥵	розпашіле обличчя|висолоплений язик|гаряче|гарячий|гарячка|жар|задуха|обличчя|палати|піт|помирає|сонячний удар|спека|тепловий удар|червоне лице|червонощокий
🥶	замерзле обличчя|бурулька|замерзлий|зуб на зуб|мороз|обмороження|посинілий від холоду|синє лице|синє обличчя|холод|цокотить зубами
🥷	ніндзя|боєць|вбивця|воїн|крадькома|людина|маска|найманець|невидимка|покрадьки|потайки
🥸	замасковане обличчя|вуса|вусань|інкогніто|камуфляж|людина|маска|накладний ніс|накладні вуса|ніс|обличчя|окуляри|шпигун
🥹	обличчя, що ледве стримує сльози|будь ласка|вдячність|гордість|мило|обличчя|пишаюся|плач|радості|сльози|сум|схвильований|щастя
🥺	благальне обличчя|благання|будь ласка|великі|випрошувати|жалібне|жалісливе|молити|обличчя|очі|просити|прохання|сумно|щенячі очі
🥻	сарі|вбрання|одяг
🥼	лабораторний халат|білий халат|вчений|доктор|експеримент|лікар|науковець|одяг
🥽	захисні окуляри|дайвінг|захист|захист очей|зварювання|маска для дайвінгу|маска для плавання|окуляри|плавання|скуба
🥾	похідні черевики|взуття|гірські|дорожні|коричневе|похід|табір|трекінгові|туристичні|хайкінг|чоботи
🥿	туфлі без підборів|балерини|балетки|кеди|сліпони|тапочки|туфлі|туфлі без каблука|човники
🦀	краб|зодіак|рак
🦁	лев|знак|зодіак|лев’яча морда|морда|морда лева|тварина|хижак
🦂	скорпіон|зодіак
🦃	індик|індичка|птах
🦄	єдиноріг|голова|казковий|морда
🦅	орел|птах|хижак
🦆	качка|птах
🦇	кажан|вампір|тварина
🦈	акула|риба
🦉	сова|безсоння|мудрість|ніч|пізно|птах
🦊	лис|лисиця|лисича|лисяча|морда|тварина|хитрий
🦋	метелик|гарний|комаха
🦌	олень|рога|тварина
🦍	горила|мавпа|тварина
🦎	ящірка|плазун|рептилія
🦏	носоріг|сафарі|тварина
🦐	креветка|їжа|морепродукт
🦑	кальмар|їжа|молюск
🦒	жирафа|плями|тварина
🦓	зебра|смуга|тварина
🦔	їжак|голчастий|колючий|колючки
🦕	завропод|апатозавр|брахіозавр|бронтозавр|динозавр|диплодок|зауропод
🦖	тиранозавр|динозавр|тиранозавр королівський|тиранозавр рекс
🦗	цвіркун|жук|комаха|коник|кукарача|тарган
🦘	кенгуру|австралія|кенгурятко|стрибати|стрибок|сумка|сумчастий|сумчасті|тварина|торбун
🦙	лама|альпака|вікунья|вовна|гуанако|тварина|хутро|шерсть
🦚	павич|зарозумілий|кольоровий|красива|пава|павлін|птах|тварина|фазан|хвалькуватий|хвіст
🦛	бегемот|гіпопотам|ссавець|тварина
🦜	папуга|ара|балакучий|папужка|пірат|птах|птаха|розмовляє|тварина
🦝	єнот|полоскун|ракун|тварина|хитрий|цікавий|шибеник
🦞	омар|біск|дари моря|клешні|лобстер|морепродукти|рак|раковий суп|тварина|червоний лобстер
🦟	комар|вірус|гарячка|комаха|малярія|москіт|укус|хвороба
🦠	мікроб|амеба|бактерії|бактерія|вірус|мікроби|мікроорганізм|наука|хвороба
🦡	борсук|куницеві|медоїд|мустелові|ссавець|тварина|хутро
🦢	лебідь|гидке качення|гидке каченя|лебеденя|озеро|птах|птаха|тварина
🦣	мамонт|бивень|великий|вимирання|волохатий|кам’яний вік|тварина
🦤	дронт|великий|вимирання|додо|маврикійський|птах|тварина
🦥	лінивець|ледачий|лінивий|млявий|повільний|тварина
🦦	видра|водяний звір|грайливий|рибалка|тварина
🦧	орангутанг|антропоїд|людиноподібна|мавпа|примат|тварина
🦨	скунс|смердіти|сморід|тварина|тхнути
🦩	фламінго|птах|рожевий|тропіки|тропічний
🦪	устриця|мушля|перли|перлина|устричний
🦫	бобер|бобри|боброва|бобровидні|гребля|гризти|зубатий|зуби|тварина
🦬	бізон|буйвол|зубр|рогата тварина|роги|свійська тварина|стадо|тварина|худоба
🦭	тюлень|арктика|морський котик|морський лев|океан|тварина
🦮	собака-поводир|для незрячих|доступність|поводир|спеціальні можливості
🦯	тактильна тростина|доступність|незрячі|незрячість|сліпота|спеціальні засоби
🦰	руде волосся|рижий|рудий|рудоволосий
🦱	кучеряве волосся|афро|волосся|кудрі|кучері|кучерявий
🦲	лисина|без волосся|виголений|лисий|немає волосся|хіміотерапія|хімія
🦳	сиве волосся|білий|волосся|сивина|старий
🦴	кістка|кальцій|кісточка|кості|скелет|собака|собачі ласощі
🦵	нога|зігнута нога|кінцівка|коліно|копняк|стегно|стопа|удар ногою
🦶	ступня|гомілка|ніжка|нога|стопа|стопи|удар
🦷	зуб|білий|дантист|зуби|стоматолог
🦸	супергерой|героїня|герой|добрий|добро|супермен|суперсила|суперсили
🦸‍♀	жінка-супергерой|герой|добро|жінка|супер|супервумен
🦸‍♂	чоловік-супергерой|герой|добро|суперсила|чоловік
🦹	суперзлодій|зло|злодій|злочинець|лихий|лиходій|поганий|суперзлочинець|суперлиходій|суперсила
🦹‍♀	суперлиходійка|жінка|зло|злодій|злочинець|суперсила
🦹‍♂	суперлиходій|зло|злодій|злочинець|суперсила|чоловік
🦺	сигнальний жилет|аварійно-захисний|аварійно-рятувальний|жилет
🦻	вухо зі слуховим апаратом|вади слуху|доступність|слуховий апарат|спеціальні можливості
🦼	колісний візок з електроприводом|доступність|спеціальний засіб|спеціальні можливості
🦽	колісний візок із ручним приводом|доступність|обмежені можливості|спеціальний засіб
🦾	механічна рука|доступність|протез|спеціальні можливості
🦿	механічна нога|доступність|протез|спеціальні можливості
🧀	кусень сиру|їжа|сир|шматок сиру
🧁	капкейк|випічка|десерт|кекс|ласощі|посипка|смаколик|солодке|солодощі|тістечко|торт
🧂	сіль|аромат|приправа|сварка|сільниця|сільничка|смак|солоний|спеції
🧃	пакетик із напоєм|картонний|напій|пакет|сік|соломинка|фруктовий сік
🧄	часник|їжа|приправа|спеції|часниковий
🧅	цибуля|з цибулі|їжа|приправа|спеції|цибулинний
🧆	фалафель|кулька з нуту|нут
🧇	вафля|вафельний|вафлі|десерт|їжа|сніданок|солодощі
🧈	масло|молочні продукти
🧉	мате|калабас|напій|чай із падуба
🧊	кубик льоду|айсберг|кубик|охолоджувати|холод|холодний
🧋	бульбашковий чай|бульбашковий|коктейль|молочний|напій|перловий|соломинка|тайвань|чай|чай з бульбашками
🧌	троль|казка|монстр|тролінг|фентезі
🧍	людина, що стоїть|людина|стояння|стояти|стоячи|стоячки|що стоїть
🧍‍♀	жінка, що стоїть|жінка|стоїть|стоячи|стоячки|що стоїть
🧍‍♂	чоловік, що стоїть|стоїть|стоячи|стоячки|чоловік|що стоїть
🧎	людина навколішках|коліна|на колінах|навколішках|опускатися навколішки
🧎‍♀	жінка навколішках|жінка|коліна|на колінах|навколішках|навколішки
🧎‍♂	чоловік навколішках|коліна|на колінах|навколішках|навколішки|чоловік
🧏	людина з порушенням слуху|вада слуху|глухота|доступність|слух|спеціальні можливості|чути
🧏‍♀	жінка з порушенням слуху|глуха|глухота|жінка|обмежені можливості|слух
🧏‍♂	чоловік із порушенням слуху|глухий|глухота|обмежені можливості|слух|чоловік
🧐	обличчя в моноклі|збільшувальне скло|лупа|монокль|обличчя з моноклем|пановитий|придивлятися
🧑	людина|гендерно-нейтральний|дорослий|неозначеної статі|хлопець|хлопчик
🧑‍⚕	медик|лікар|медицина|медсестра|терапевт
🧑‍⚖	суддя|терези
🧑‍✈	авіапілот|літак|пілот
🧑‍🌾	селянин|землероб|садівник|скотар
🧑‍🍳	куховар|кухар|шеф
🧑‍🍼	людина годує дитину|батьківство|батько|годування|годувати немовля|дитина|догляд|людина|мама|мати|немовля|тато
🧑‍🎄	мікс клаус|клаус|людина|різдво|різдвяні свята|санта|свято|шапка санти
🧑‍🎓	слухач|випускник|студент
🧑‍🎤	вокаліст|актор|артист|зірка|рок|співак
🧑‍🎨	художник|митець|палітра
🧑‍🏫	освітянин|викладач|інструктор|учитель
🧑‍🏭	фабричний працівник|завод|конвеєр|промисловість|робітник
🧑‍💻	технічний працівник|винахідник|програміст|програмне забезпечення|розробник|технолог
🧑‍💼	офісний працівник|архітектор|бізнес|білий комірець|менеджер
🧑‍🔧	фахівець із механіки|електрик|майстер|механік|сантехнік
🧑‍🔬	науковий працівник|біолог|інженер|науковець|фізик|хімік
🧑‍🚀	космонавт|ракета
🧑‍🚒	вогнеборець|пожежна машина|пожежник
🧑‍🤝‍🧑	люди, що тримаються за руки|люди|людина|пара|рука|руки|тримати|тримаються|що тримаються за руки
🧑‍🦯	людина з тактильним ціпком|біла|білий|доступність|незрячі|спеціальні можливості|тростина|ціпок
🧑‍🦼	людина на моторизованому візку|колісне крісло|спеціальні можливості
🧑‍🦽	людина у візку з ручним керуванням|колісне крісло|спеціальні можливості
🧑‍🧑‍🧒	родина: дорослий, дорослий, дитина|дитина|дорослий|родина з дитиною|родина: двоє дорослих і дитина|родина: дорослий
🧑‍🧑‍🧒‍🧒	родина: двоє дорослих і двоє дітей|двоє дорослих і двоє дітей|родина: дорослі та діти
🧑‍🧒	родина: дорослий і дитина
🧑‍🧒‍🧒	родина: дорослий і діти|родина: дорослий і двоє дітей
🧑‍🩰	танцівник балету|балет|танцівник|танцівниця
🧒	дитина|весело|гендерно-нейтральний|людина|малеча|неозначеної статі|сміх
🧓	літня людина|гендерно-нейтральний|дідусь|дорослий|людина|неозначеної статі|старий|старша людина|чоловік
🧔	людина з бородою|борода|бородань|бородатий
🧔‍♀	жінка з бородою|борода|бородатий
🧔‍♂	чоловік із бородою|борода|бородатий
🧕	жінка в хустині|мантилья|монахиня|тихля|хіджаб|хустина
🧖	людина в паркому приміщенні|людина в лазні|парильня|релакс|сауна|хамам
🧖‍♀	жінка в паркому приміщенні|жінка в лазні|парильня|сауна
🧖‍♂	чоловік у паркому приміщенні|парильня|сауна|чоловік у лазні
🧗	людина, що лізе скелею|альпінізм|альпініст|альпіністка|лізти вгору|людина|скелелаз|що лізе скелею
🧗‍♀	жінка-скелелаз|скелелаз
🧗‍♂	чоловік-скелелаз|скелелаз
🧘	людина в позі лотоса|дзен|йога|медитація|нірвана|поза лотоса|релакс|схрещені ноги
🧘‍♀	жінка в позі лотоса|йога|медитація
🧘‍♂	чоловік у позі лотоса|йога|медитація|поза лотоса
🧙	маг|відьма|гендольф|магія|старік-хотабич|чаклун|чаклунка|чарівник|чародій
🧙‍♀	чаклунка|відьма|чародійка
🧙‍♂	чаклун|чародій
🧚	фея|казка|крила|метелик|оберон|пак|титанія
🧚‍♀	жінка-фея|титанія
🧚‍♂	чоловік-фея|оберон|пак
🧛	вампір|дракула|костюм|нечиста сила|нечисть|опир|погань|упир|хелловін
🧛‍♀	жінка-вампір|упириця
🧛‍♂	чоловік-вампір|вампір|дракула|упир
🧜	казкова водяна істота|водяна істота|жінка-русалка|людина-русалка|морські створіння|русалка|сирена|фольклор|чоловік-русалка
🧜‍♀	русалка|жінка-русалка
🧜‍♂	чоловік-русалка|тритон
🧝	ельф|казка|леголас|магічний|чаклун
🧝‍♀	жінка-ельф|чарівна
🧝‍♂	чоловік-ельф|чарівний
🧞	джин|бажання|казкова лампа|міфічний|примха|чарівна лампа
🧞‍♀	жінка-джин|джин
🧞‍♂	чоловік-джин|джин
🧟	зомбі|жах|живий мрець|зобмі|монстр|нечисть|хеллоуін
🧟‍♀	жінка-зомбі|живий мрець|зомбі|нечисть|упириця
🧟‍♂	чоловік-зомбі|живий мрець|зомбі|упир
🧠	мозок|інтелект|інтелектуал|мізки|розум|розумна|розумний
🧡	оранжеве серце|кохання|помаранчевий|серце
🧢	бейсболка|бейсбольна кепка|капелюх|кашкет|кепка
🧣	шарф|зима|зимно|шалик|шия
🧤	рукавички|рука|рукавиця
🧥	пальто|зима|зимно|куртка|пуховик|холодно
🧦	шкарпетки|панчохи
🧧	червоний конверт|гроші|конверт|лист|на щастя|подарунок|хунбао
🧨	петарда|вибух|вибухівка|вогонь|динаміт|іскри|салют|феєрверк|хлопавка
🧩	елемент пазла|головоломка|з’єднання|пазл|підказка|розгадка|скдладанка|частина|шматок
🧪	пробірка|дослід|експеримент|лабораторія|наука|хімік|хімія
🧫	чашка петрі|бактерії|бактерія|біолог|біологія|культура|лабораторія
🧬	днк|біолог|біологія|ген|генетика|еволюція|життя|спіраль
🧭	компас|магнетизм|магніт|магнітний|навігація|напрямок|орієнтування|сторони світу
🧮	рахівниця|абак|обчислення|обчислювальний пристрій|рахувати
🧯	вогнегасник|вогонь|гасити|пожежа|тушити|тушіння
🧰	скриня для інструментів|інструмент|інструменти|коробка|механік|механіка|набір інструментів|скриня|скриня з інструментами|червона скриня
🧱	цегла|будівельний розчин|глина|розчин|стіна|цеглина|цеглини
🧲	магніт|u-подібний|магнетизм|північний-південний|підкова|позитивний-негативний|притягання|притягувати|тяжіння
🧳	багаж|валіза|пакувати|подорож|торба на коліщатках|чемодан
🧴	лосьйон|бальзам|зволожувач|крем від засмаги|пляшка лосьйону|сонцезахисний крем|шампунь
🧵	нитка|голка|жилка|котушка|пряжа|шиття|шпулька
🧶	пряжа|в’язання|клубок|моток|мотузка|нитка|нитки|прядиво
🧷	англійська шпилька|булавка|від навроків|панк-рок|шпилька
🧸	ведмедик|ведмедик тедді|іграшка|м’яка іграшка|плюш|плюшева іграшка|плюшевий ведмедик
🧹	мітла|відьма|віник|замітання|підмітати|прибирання|прибирати
🧺	кошик|білизна|корзина|пікнік|прання|урожай|ферма
🧻	рулон паперу|паперові рушники|папір|туалет|туалетний папір
🧼	мило|брусок|бульбашки|ванна|купання|купатися|мильниця|митися|миття|туалетне мило|чистий|чистити|шкіра
🧽	губка|мочалка|поглинання|поглинати|пори|пористий|поролон|прибирання|чистити
🧾	квитанція|бухгалтерія|доказ|документ|інвойс|рахунок|рахунок-фактура|фактура|чек
🧿	око фатіми|амулет|амулет від вроків|наврочити|назар|намистина|оберіг|пристріт|синій|талісман|шарм
🩰	балетні туфлі|балет|взуття|пуанти|танець|танцювальні
🩱	суцільний купальник|закритий|костюм для плавання|купальний костюм|плавати
🩲	плавки|брифи|купальник|одинарний|спіднє|труси
🩳	шорти|купальник|плавки|спіднє|труси
🩴	в’єтнамки|взуття|дзорі|море|пісок|пляж|пляжні сандалі|сандалі|шльопанці
🩵	блакитне серце|блакитний|емоція|люблю|любов|милий|особливий|подобатися|світло-синій|серце|синій|ціановий
🩶	сіре серце|графітовий|емоція|люблю|любов|особливий|серце|сірий|срібний
🩷	рожеве серце|добрий|емоція|люблю|любов|милий|особливий|подобається|рожевий|серце|солодкий|чарівний
🩸	крапля крові|аналіз крові|донорство крові|критичні дні|кров|кровотеча|медицина|менструація|місячне|стікати кровʼю|травма
🩹	пластир|бандаж|клейка смужка|лейкопластир|наклейка|наліпка
🩺	стетоскоп|вислухувати серце|лікар|медицина|серце|слухати
🩻	рентген|кістки|лікар|медицина|скелет
🩼	милиця|втрата дієздатності|допомога|засіб відновлення здатності рухатися|інвалідність|костур|поранений|травма|ціпок
🪀	йо-йо|бовтатися|іграшка|крутитися|метлятися|теліпатися|хилитатися
🪁	повітряний змій|витати|линути|літати|літун|підніматися|ширяти
🪂	парашут|кайт|параплан|парапланеризм|парафойл|парашут-крило|спорт|стрибки з парашутом|стрибок
🪃	бумеранг|аборигени|австралія|віддача|зброя|повернення|полювання|рикошет
🪄	чарівна паличка|абракадабра|ілюзії|магічне шоу|магія|фокуси|чаклун|чаклунка|чарівник
🪅	піньята|вечірка|іграшка|мексика|палиця|святкування|свято|цукерки
🪆	ляльки-матрьошки|дерев’яна іграшка|дерев’яна лялька|лялька|лялька в ляльці|матрьошка|народна іграшка|росія
🪇	маракас|вечірка|інструмент|музика|танець|ударні інструменти|ча-ча-ча
🪈	флейта|блокфлейта|деревʼяні духові інструменти|дудка|інструмент|музика|сопілка
🪉	арфа|амур|інструмент|купідон|любов|музика|оркестр
🪊	тромбон|джаз|духовий інструмент|музика|слайд|сумний
🪎	скриня скарбів|багатство|гроші|дорогоцінний камінь|здобич|золото|коштовності|приз|срібло|цінності
🪏	лопата|заступ|копати|могила|поховання|рослина|сад|сніг|совок|яма
🪐	планета з кільцем|сатурн
🪑	стілець|крісло|меблі|сидіння|сидіти
🪒	бритва|голити|голитися|гостра|лезо|небезпечна
🪓	сокира|деревина|дрова|колоти|розколювати|рубати|тесати|тяти
🪔	каганець|блимавка|лампа|лампадка|мигунець|олійна
🪕	банджо|інструмент|музичний|струнний|щипковий
🪖	військовий шолом|армія|військовий|воїн|каска|солдат|солдатський|шолом
🪗	акордеон|баян|гармоніка|інструмент|клавіші|концертина|музика
🪘	циліндричний барабан|барабан|інструмент|конґа|музика|ритм|ударні
🪙	монета|багатство|гроші|долар|євро|золото|метал|скарб|срібло
🪚	теслярська пила|деревина|інструмент|пила|пилка|пиляти|різати|ручна пилка|тесля
🪛	викрутка|гвинт|інструмент|майстерня|пласка викрутка|ремонт|шліц
🪜	драбина|вилізти|лізти|перекладина|приставна драбина|сходинка|щабель
🪝	гачок|вудка|гак|комерційний аргумент|крива|кріплення|піймати|принада|риболовля
🪞	дзеркало|відбивач|відображення|декор|інтерʼєр|краса|макіяж|рефлектор
🪟	вікно|будинок|відчинити|краєвид|прозоре|рама|свіже повітря|скло
🪠	вантуз|гумова присоска|закупорення|прочищення|сантехнік|труби|туалет
🪡	швацька голка|вишивання|вушко|голка|голка з ниткою|кравецтво|нитка|нитка з голкою|стібки|шви|шиття
🪢	вузол|канат|морський вузол|мотузка|петля|плетення|плетиво|трос|шнурок
🪣	відро|бак|відерце|цеберко|чан|шаплик
🪤	мишоловка|пастка|приманка|сильце|сир
🪥	зубна щітка|ванна кімната|гігієна|зуби|зубна|туалет|чистити|щітка
🪦	надгробок|епітафія|кладовище|меморіал|мертвий|могильна плита|памʼятник|покійник|смерть|цвинтар
🪧	плакат|гасло|демонстрація|знак|мітинг|пікет|протест|табличка|транспарант
🪨	камінь|брила|важкий|валун|гірська порода|каменюка|кругляк|скеля|твердий
🪩	дзеркальна куля|блискучий|вечірка|диско|диско-куля|дискотека|куля|танці|танцювати
🪪	посвідчення|водійське посвідчення|документ|ідентифікаційна картка|ідентифікаційний документ|особові дані|посвідчення особи|пропуск
🪫	низький заряд батареї|батарея|електроніка|низький заряд|розряджена батарея|розряджений|розряджено
🪬	хамса|амулет|долоня|захист|марія|мірʼям|провидіння|рука|удача|фатіма
🪭	складане віяло|охолоджувати|соромитися|танцювати|фліртувати
🪮	гребінь|афро|волосся|розчісувати
🪯	кханда|віра|релігія|сикх|сикхізм
🪰	муха|гниль|дзижчання|комаха|крила|личинка|хвороба|шкідник
🪱	хробак|дощовий хробак|дощовий червʼяк|земляний червʼяк|кільчастий черв|наживка|паразит|тварина|червʼяк
🪲	жук|бронзівка|жучок|комаха|кузка|кузька|тварина
🪳	тарган|комаха|непроханий гість|паразит|прусак|прусак рудий|тварина|шкідник
🪴	рослина в горщику|вазон|вирощувати|горщик|декор|догляд|домашня|кімнатна|рослина
🪵	деревина|дерево|колода|лісоматеріал|пень|пеньок|річні кільця|рубати
🪶	пір’їна|невагома|оперення|перо|пір’я|політ|птах
🪷	лотос|безтурботність|буддизм|врівноваженість|гармонія|індуїзм|квітка|краса|лад|мир|символ чистоти|спокій
🪸	корал|зміна клімату|море|океан|риф
🪹	порожнє гніздо|гілка|гніздечко|гніздо|гніздування|дім
🪺	гніздо з пташиними яйцями|гілка|гніздечко|гніздо|гніздо з яйцями|гніздування|птах|яйце|яйця
🪻	гіацинт|весна|квітка|рослина|фіолетовий
🪼	медуза|безхребетний|жало|море|морський|океан|опік|тварина|щупальці
🪽	крило|авіація|ангел|ангельський|летіти|міф|міфологія|небесний|політ|птах
🪾	сухе дерево|безлистий|безплідний|гілки|голий|дерево|зима|мертвий|посуха|стовбур
🪿	гусак|бешкет|га|галас|гуска|зграя|клин|птах|птиця|тварина
🫀	серце|анатомічний|внутрішній орган|кардіологія|кров|орган|пульс|серцебиття|центр|червоний
🫁	легені|вдих|видих|внутрішній орган|дихання|легеня|орган|подих
🫂	люди обіймаються|вдячність|втіха|дружба|любов|обійми|підтримка|привітання|прощання
🫃	чоловік із «вагітним» животом|вагітна людина|вагітність|живіт|здуття живота|наївся|переїдання|чоловік
🫄	вагітна людина|вагітна жінка|вагітність|великий живіт|здуття живота|переїдання|ситість
🫅	людина з короною на голові|аристократія|королева|королівська особа|королівський|король|корона|монарх|цар|цариця|царський
🫆	відбиток пальця|безпека|детектив|друк|злочин|ідентифікація|криміналістика|підказка|слід|таємниця
🫈	волохата істота|велетень|волохатий|єті|криптид|ліс|сасквоч|снігова людина
🫍	косатка|кит|морський|океан
🫎	лось|лосиха|роги|ссавець|тварина
🫏	віслюк|ішак|мул|осел|ослиця|ссавець|тварина|упертий|упертюх
🫐	лохина|їжа|лісові ягоди|сині ягоди|синя|чорниця|ягода
🫑	солодкий перець|болгарський перець|вегетаріанська їжа|зелений перець|їжа|овоч|паприка|перець
🫒	оливка|гілка|їжа|оливкова гілка|ягода|ягоди
🫓	корж|арепа|їжа|калач|лаваш|наан|паляниця|піта|тортилья|хліб
🫔	тамале|завиванець|їжа|мексика|мексиканська страва|памонья|рол|тісто
🫕	фондю|альпи|горщичок|какелон|кастрюлька|лижі|сир|топлений|швейцарська страва|шоколад
🫖	чайник|заварник|заварювати|їжа|напій|посуд|чай
🫗	склянка, з якої виливається рідина|виливати|випадковість|вода|напій|порожня|проливати|розлити|склянка|упс
🫘	квасоля|боби|бобові|їжа|квасолина|невеликі
🫙	банка|ємність|зберігання|нічого|порожня|слоїк|соус|спеції
🫚	імбир|здоровʼя|імбирний|коріння|натуральний|пиво|спеції
🫛	стручок гороху|біб|бобові|горох|горошок|едамаме|зелений|овоч|стручкові
🫜	коренеплід|буряк|веганство|вегетаріанство|їжа|корінь|редька|ріпа|рослина|сад|салат
🫟	ляпка|безлад|бризки|краплі|пляма|рідина|розливати|фарби|холі|чорнило
🫠	розплавлене обличчя|зникати|лол|ніяково|обличчя|плавитися|розчинятися|сарказм|спека|танути|текти|хаха
🫡	обличчя, що козиряє|буде зроблено|згода|козиряти|обличчя|ок|повага|респект|салют|слухаюсь|так|так точно|удачі|честь|шанування
🫢	обличчя з розплющеними очима і рукою на роті|диво|здивування|мовчанка|мовчати|не вірю|не може бути|нівроку|о боже|обличчя|ого|переляк|сюрприз|тиша|шок
🫣	обличчя, що підглядає одним оком|виглядати|витріщається|конфуз|наляканий|ніяково|обличчя|одне око|підглядає|соромʼязливий|соромитися|умирає з цікавості|ховатися
🫤	обличчя з ротом навскіс|байдуже|заплутатися|збентежений|невпевненість|обличчя|розчарований|скептицизм|сумнів|та ну|так собі
🫥	обличчя пунктиром|байдуже|все одно|депресія|зникнути|інтроверт|невидимка|обличчя|пригнічений|схований|сховатися|так собі|ховатися
🫦	закушена нижня губа|нерви|ніяковість|помада|поцілунок|сексуально|страх|стурбованість|тривога|укус|флірт|хвилюватись
🫧	бульбашки|бульбашка|бульбашки газу|мило|перлина|під водою|пускати бульбашки|чистити
🫨	тремтливе обличчя|боже|вібрація|землетрус|несподіванка|обличчя|ошелешення|паніка|смайл|сюрприз|тремтіння|шок
🫩	невиспане обличчя|виснаження|замореність|мішки|нудьга|обличчя|очі|пізно|сонливість|утома
🫪	спотворене обличчя|вразливість|здивування|здуття|паніка|тривога|шок
🫯	бійка в хмарі|бій|боротьба|галас|дебати|незгода|сварка|суперечка
🫰	клацання пальцями|<3|вартість|гроші|дорого|коштує|любов|плати|рука|серце
🫱	долоня вправо|вправо|долоня|потискати|права рука|праворуч|простягнути|рука|рукостискання|тримати
🫲	долоня вліво|вліво|долоня|ліва рука|ліворуч|потискати|простягнути|рука|рукостискання|тримати
🫳	рука долонею вниз|взяти|випустити|випустити з руки|відпускаю|зронити|киш!|підняти|рука
🫴	рука долонею вгору|впіймати|ловити|підійди|підкликати|піднімати|підходити|пропозиція|розкажи|скажи|тримати
🫵	вказівний палець, що вказує на глядача|ви|вказівний палець|палець|показувати|рука|ти|тикати|указувати|що вказує на глядача
🫶	жест «серце»|<3|кохання|люблю тебе|любов|руки|серце
🫷	долоня штовхає вліво|відмовити|дай|заблокувати|зупинити|ліворуч|ляснути|пʼять|припини|стоп|штовхати
🫸	долоня штовхає вправо|відмовити|дай|заблокувати|зупинити|ляснути|пʼять|праворуч|припини|стоп|штовхати
